:020000040800F2
:1000000018970024E102000881DB0008C1C4000841
:1000100079DB0008A909000831130108000000007D
:1000200000000000000000000000000001EC0008DB
:10003000592000080000000041E2000839EC0008E7
:10004000FB020008FB020008FB020008FB0200089C
:10005000FB020008FB020008FB020008FB0200088C
:10006000FB020008FB020008FB02000881140008E4
:1000700091140008A1140008FB020008FB0200080C
:10008000FB020008FB020008FB0200080122000836
:1000900099220008FB020008FB020008FB0200088E
:1000A000FB020008FB020008FB020008FB0200083C
:1000B00089EE000899EE0008FB020008FB02000828
:1000C000FB020008FB020008FB020008FB0200081C
:1000D00011EA0008FB020008FB020008FB0200080E
:1000E000FB020008FB02000800000000FB02000801
:1000F000FB020008FB020008FB020008B114000824
:10010000FB020008FB020008FB020008FB020008DB
:10011000FB02000831F80008FB020008FB0200089F
:10012000FB020008FB020008FB020008FB020008BB
:10013000FB020008FB020008FB020008FB020008AB
:1001400000000000000000000000000000000000AF
:10015000FB020008FB020008FB020008FB0200088B
:10016000FB020008FB020008FB020008FB0200087B
:10017000FB020008FB020008FB0200080000000070
:10018000FB020008FB02000841F80008FB0200081F
:10019000FB020008FB020008FB020008FB0200084B
:1001A000FB020008FB020008FB0200080000000040
:1001B000FB020008FB020008FB020008FB0200082B
:1001C000FB020008FB020008000000000000000025
:1001D0000000000000000000FB020008000000001A
:1001E000000000000000000000000000000000000F
:1001F0000000000000000000FB020008FB020008F5
:10020000FB020008FB02000800000000FB020008DF
:10021000FB020008FB020008FB020008FB020008CA
:10022000FB02000800000000FB02000800000000C4
:10023000FB020008FB02000800000000FB020008AF
:10024000FB020008FB020008FB020008FB0200089A
:10025000FB020008FB020008FB020008FB0200088A
:10026000FB020008FB020008FB020008FB0200087A
:10027000FB020008FB020008FB020008000000006F
:10028000FB020008FB020008FB020008FB0200085A
:1002900000000000FB020008FB0200080000000054
:1002A00000000000FB020008FB020008FB0200083F
:1002B000FB020008FB020008FB020008A92200085C
:1002C000FB020008FB020008FB020008DFF80CD06C
:1002D00000F08CF8004800476135010818970024A9
:1002E0000648804706480047FEE7FEE7FEE7FEE7D0
:1002F000FEE7FEE7FEE7FEE7FEE7FEE749ED000862
:10030000CD0200082DE9F05F0546002092469B468D
:1003100088460646814640241BE02846414647461B
:10032000224600F053F853465A46C01A914110D362
:1003300011461846224600F03AF82D1A67EB0108DC
:100340004F4622460120002100F031F817EB00094A
:100350004E41201EA4F10104DFDC484631462A4606
:100360004346BDE8F09F40EA01039B0703D009E044
:1003700008C9121F08C0042AFAD203E011F8013B91
:1003800000F8013B521EF9D27047D2B201E000F8EA
:10039000012B491EFBD270470022F6E710B5134629
:1003A0000A4604461946FFF7F0FF204610BD202AF2
:1003B00004DB203A00FA02F1002070479140C2F1BC
:1003C000200320FA03F3194390407047202A04DBEE
:1003D000203A21FA02F00021704721FA02F3D040BE
:1003E000C2F1200291400843194670471CB50948E4
:1003F0000090094801900546009C06E0E06840F046
:10040000010394E8070098471034AC42F6D3FFF795
:1004100061FF0000086101082861010830B58C18EF
:1004200010F8012B12F00F0301D110F8013B120953
:1004300006D110F8012B03E010F8015B01F8015B15
:100440005B1EF9D101E001F8013B521EFBD1A14234
:10045000E6D3002030BD000080B540F60000C5F6B0
:1004600002000122114606F087FE80BD0000000058
:1004700080B540F60000C5F602000121002206F01A
:100480007BFE80BD0000000080B540F60000C5F690
:1004900002000821012206F06FFE80BD000000006E
:1004A00080B540F60000C5F602000821002206F0E3
:1004B00063FE80BD0000000080B584B00390FFF7AC
:1004C000D7FF922000F0C4F940F2C621C2F20041E9
:1004D0001220062200F098F9FFF7BEFF40F2D41078
:1004E000C2F200400078002854D0FFE740F2C62353
:1004F000C2F200431878597840EA012040F2C42142
:10050000C2F200410880B1F9000000EE100AB8EE16
:10051000C00A40F23000C2F2004090ED001A20EE16
:10052000011A039A92ED082A92ED0C0A91EE020A42
:1005300082ED000A9A7893F803C042EA0C220A80FE
:10054000B1F9002000EE102AB8EEC00A90ED001AB2
:1005500020EE011A039A92ED082A92ED0D0A91EE0F
:10056000020A82ED010A1A795B7942EA03220A80C3
:10057000B1F9001000EE101AB8EEC00A90ED001AA2
:1005800020EE010A039890ED081A20EE010A80ED92
:10059000020A4FE040F2C623C2F2004318785978AD
:1005A00040EA012040F2C421C2F200410880B1F9C2
:1005B000000000EE100AB8EEC00A40F23000C2F2AD
:1005C000004090ED001A20EE010A039A92ED081AFD
:1005D00020EE010A82ED000A9A7893F803C042EAFD
:1005E0000C220A80B1F9002000EE102AB8EEC00AF1
:1005F00090ED001A20EE010A039A92ED081A20EEFF
:10060000010A82ED010A1A795B7942EA03220A8023
:10061000B1F9001000EE101AB8EEC00A90ED001A01
:1006200020EE010A039890ED081A20EE010A80EDF1
:10063000020AFFE7FFF734FF40F2C621C2F2004191
:1006400002910020082200F0DFF8FFF71DFF02985A
:1006500000780F2840F09880FFE740F2D410C2F2F3
:100660000040007800284AD0FFE740F2C623C2F2DB
:1006700000439878D97840EA012040F2C421C2F2C0
:1006800000410880B1F9000000EE100AB8EEC01A6F
:1006900040F23400C2F2004090ED002A039A92ED3D
:1006A000090A91EE020A82ED030A1A7993F805C04D
:1006B00042EA0C220A80B1F9002000EE102AB8EEBE
:1006C000C01A90ED002A039A92ED0A0A91EE020AEE
:1006D00082ED040A9A79DB7942EA03220A80B1F9B1
:1006E000001000EE101AB8EEC01A90ED002A039820
:1006F00090ED0B0A91EE020A80ED050A43E040F20C
:10070000C623C2F200439878D97840EA012040F22B
:10071000C421C2F200410880B1F9000000EE100AC5
:10072000B8EEC00A40F23400C2F2004090ED001A68
:1007300020EE010A039A82ED030A1A7993F805C0A4
:1007400042EA0C220A80B1F9002000EE102AB8EE2D
:10075000C00A90ED001A20EE010A039A82ED040A05
:100760009A79DB7942EA03220A80B1F9001000EE9F
:10077000101AB8EEC00A90ED001A20EE010A039894
:1007800080ED050AFFE7FFE7FFF772FEA22000F009
:100790005FF840F2C621C2F20041019122200222FC
:1007A00000F032F8FFF758FE019908784978C00048
:1007B00040EA511140F2C420C2F200400180B0F979
:1007C0000000B0F5806F09DBFFE740F2C421C2F200
:1007D00000410888A0F500600880FFE740F2C420CF
:1007E000C2F20040B0F9000000EE100AB8EEC01AE4
:1007F000B4EE002AB3EE070AA1EE020A039880EDD8
:10080000070A04B080BD000080B584B08DF80F00E9
:1008100002918DF807209DF80F0040F0800000F055
:1008200017F8FFE79DF8070070B1FFE7552000F0CB
:100830000FF8029908700298013002909DF80700A5
:1008400001388DF80700EDE704B080BD000000001E
:1008500080B582B08DF8070040F2D020C2F200408F
:1008600000686A464FF47A7111600DF107010DF1CD
:100870000602012309F00CFE9DF8060002B080BDBF
:1008800080B540F20001C2F2004101F1120240F6CF
:10089000E050C2F20040122310F052F880BD000078
:1008A00083B0029001910092009890ED002A90EDA3
:1008B000014A90ED026A90ED035AB6EE001AB0EECE
:1008C000417AA6EE467AA5EE457A029822EE050A0E
:1008D00094EE060AD0ED000AD0ED011A90ED023A2E
:1008E00020EE210AA7EE200A22EE062AA4EE052A0F
:1008F000A2EE030A30EE000A019880ED000A00988B
:1009000090ED002A90ED016A90ED024A90ED035AB5
:1009100022EE057AA6EE047A0298B0EE410AA6EE1F
:10092000460AA5EE450AD0ED000AD0ED011A90ED79
:10093000023A20EE210AA7EE200A22EE062A94EEC1
:10094000052AA2EE030A30EE000A019880ED010AA2
:10095000009890ED000A90ED014A90ED023A90ED7A
:10096000032A20EE035A94EE025A029820EE040A5B
:10097000A3EE020A90ED006A90ED017A90ED022A52
:1009800020EE070AA5EE060AA4EE441AA3EE431AC7
:10099000A1EE020A30EE000A019880ED020A03B0CF
:1009A0007047000000000000FFE7FEE700000000C5
:1009B00080B582B00190FFE700F002F8FCE700008C
:1009C00080B58CB040F61070C2F200400121089151
:1009D0004FF480720A9212F0BFFB0A9A40F64870F8
:1009E000C2F20040022112F0B7FB0A9A40F6807072
:1009F000C2F200400790032112F0AEFB07980A9A5A
:100A00000421099112F0A8FB0A9A40F6B870C2F2CC
:100A10000040052112F0A0FB09990A9A40F6F073F4
:100A2000C2F200430020186046F2666CC3F6E67C12
:100A3000C3F804C046F2666CCBF6E67CC3F808C087
:100A4000D860186140F68030C2F200400B9012F07E
:100A500057FA089812F0A0FE09990A9A0B9812F01A
:100A60004FFA089812F098FE09990A9A0B9812F01A
:100A700047FAFFE740F2E810C2F20040C07A0328CC
:100A800030D1FFE740F68030C2F2004005900121EE
:100A900006914FF48072049212F032FA069812F026
:100AA0007BFE049A0598022112F02AFA069812F0A9
:100AB00073FE049A0598032112F022FA069812F0A8
:100AC0006BFE049A0598042112F01AFA069812F0A7
:100AD00063FE049A0598052112F012FA069812F0A6
:100AE0005BFEFFE740F2E810C2F20040C07A012846
:100AF00040F09281FFE740F6F070C2F2004090EDC6
:100B0000000A40F2E811C2F20041B1F9081001EE0A
:100B1000101AB8EEC11A9FEDC12A81EE021A9FED9C
:100B2000C02AA1EE020A80ED000AFFE740F6F0704D
:100B3000C2F2004090ED000AB5EE400AF1EE10FA64
:100B400007DCFFE740F6F071C2F2004100200860C8
:100B500018E040F6F070C2F2004090ED000A9FED00
:100B6000B11AB4EE410AF1EE10FA0ADBFFE740F6E3
:100B7000F071C2F2004143F23330C4F23300086036
:100B8000FFE7FFE7FFE740F6F070C2F2004090EDAC
:100B9000010A40F2E811C2F20041B1F9061001EE7B
:100BA000101AB8EEC11A9FED9D2A81EE021A9FED30
:100BB0009C2AA1EE020A80ED010AFFE740F6F070E0
:100BC000C2F2004090ED010A9FED971AB4EE410A7F
:100BD000F1EE10FA0ADCFFE740F6F071C2F20041D4
:100BE00046F26660C3F6E670486018E040F6F070C2
:100BF000C2F2004090ED010A9FED8C1AB4EE410A5A
:100C0000F1EE10FA0ADBFFE740F6F071C2F20041A4
:100C10004CF6CD40C4F2DC004860FFE7FFE7FFE799
:100C200040F6F070C2F2004090ED020A40F2E81186
:100C3000C2F20041B1F9021001EE101AB8EEC11A69
:100C40009FED762A81EE021A9FED752AA1EE020A27
:100C500080ED020AFFE740F6F070C2F2004090ED2E
:100C6000020AB9EE021AB4EE410AF1EE10FA09DCFA
:100C7000FFE740F6F071C2F200410020CCF2900094
:100C8000886018E040F6F070C2F2004090ED020A71
:100C90009FED671AB4EE410AF1EE10FA0ADBFFE7A6
:100CA00040F6F071C2F2004146F26660CBF6E670A3
:100CB0008860FFE7FFE7FFE740F6F070C2F2004010
:100CC00090ED030A40F2E811C2F20041B1F90410BC
:100CD00001EE101AB8EEC11A9FED502A81EE021AE9
:100CE0009FED4F2AA1EE020A80ED030AFFE740F6CE
:100CF000F070C2F2004090ED030A9FED4E1AB4EE80
:100D0000410AF1EE10FA0ADCFFE740F6F071C2F298
:100D100000414FF2C350CBF6C870C86018E040F6EF
:100D2000F070C2F2004090ED030A9FED431AB4EE5A
:100D3000410AF1EE10FA0ADBFFE740F6F071C2F269
:100D400000414FF2C350C3F6C870C860FFE7FFE729
:100D5000FFE740F6F071C2F20041009191ED040A04
:100D600040F2E810C2F20040B0F9000001EE100AB3
:100D7000B8EEC11A9FED292A81EE021A9FED282AAA
:100D8000A1EE020A81ED040A41F20400C2F2004021
:100D900001900022C4F2400202600023C4F2A003CA
:100DA00043608360C260026191ED000AD0ED000AE9
:100DB00040F68030C2F2004002900121039112F00F
:100DC00033FD039812F0E8FC009A0199029892ED25
:100DD000010AD1ED010A022112F026FD039812F05A
:100DE000DBFC009A0199029892ED020AD1ED020A09
:100DF000032112F019FD039812F0CEFC009A01991C
:100E0000029892ED030AD1ED030A042112F00CFDC1
:100E1000039812F0C1FCFFE72CE600BF0000254458
:100E20006F1203BC333333406666E63FCDCCDC4003
:100E30006666E6BFC3F5C8BFC3F5C83F0000000043
:100E400080B582B00190FFE700F05AF8FCE700009F
:100E500080B586B005900491039205980121002287
:100E6000009212F079F9009A05983830022112F0B8
:100E700073F9049810F080FD0099039845F6380244
:100E8000C0F601029FED1B0ADFED1B0A0DF074F99D
:100E900000980290FFE70298092811DCFFE7059807
:100EA000818F028F40F6E020C2F2004012F028F855
:100EB000012012F071FCFFE7029801300290EAE78E
:100EC00000200190FFE70198092811DCFFE7059851
:100ED0008188028840F6E020C2F2004012F010F84B
:100EE000012012F059FCFFE7019801300190EAE778
:100EF00006B080BD0000F0420000000000000000CD
:100F000080B594B0FFE740F20030C2F2004090F8A4
:100F1000900020B9FFE7012012F03EFCF3E740F219
:100F2000EC60C2F2004041F20021C2F2004140F206
:100F30009C32C2F20042FFF78BFF40F21040C2F237
:100F4000004040F23C51C2F2004140F28452C2F2F1
:100F500000420DF0A9F9FFE740F2F040C2F2004074
:100F600040F20C22C2F2004200210E91B3EE040ABC
:100F70008DED0F0ADFED9E0ACDED100A0DF0FCF8A5
:100F80000E999DED0F0ADDED100A40F2A840C2F265
:100F9000004040F21822C2F200420DF0EDF840F29B
:100FA000EC60C2F20040139041F20021C2F2004115
:100FB000119140F20032C2F20042129211F0ECFEA6
:100FC0001199129A139840F29C33C2F20043EC46F6
:100FD000CCF8003040F2CC03C2F2004311F098F993
:100FE000139890F88801012846D1FFE740F2E810F5
:100FF000C2F20040C07A02283ED0FFE741F2002052
:10100000C2F200400A9090ED1E2A40F6E020C2F2A3
:1010100000400C900221DFED761ACDED0B1AB0EEF8
:10102000610AF0EE610AB0EE611A12F0FDFA40F2C8
:101030003800C2F200400D90006812F0ADFB0A9932
:10104000DDED0B1A0C9891ED1D2A0121B0EE610A1D
:10105000F0EE610AB0EE611A12F0E6FA0D9800683F
:1010600012F09AFB0C990D98028840F23C00C2F2F3
:10107000004000F0C9F98BE040F2EC60C2F20040A1
:1010800090F8880101283ED1FFE741F20020C2F22A
:101090000040069090ED1E2A40F6E020C2F200408B
:1010A00008900221DFED521ACDED071AB0EE610A69
:1010B000F0EE610AB0EE611A12F0B6FA40F23800B2
:1010C000C2F200400990006812F066FB0699DDED5F
:1010D000071A089891ED1D2A0121B0EE610AF0EE81
:1010E000610AB0EE611A12F09FFA0998006812F0D6
:1010F00053FB08990998028840F23C00C2F2004074
:1011000000F082F943E040F2EC60C2F2004090F857
:101110008801D8BBFFE740F6E020C2F2004005900E
:1011200002219FED332A8DED032AB0EE420AF0EE44
:10113000420AB0EE421AF0EE421A12F075FA40F28C
:101140003800C2F200400490006812F025FB9DEDCB
:10115000032A05980121B0EE420AF0EE420AB0EEF1
:10116000421AF0EE421A12F05FFA0498006812F088
:1011700013FB049A059940F23C00C2F200400023A0
:10118000C3814386128800F03FF9FFE7FFE7FFE7DE
:1011900041F20021C2F20041D1F8902048F63C40D3
:1011A000C2F2004001900260D1F89410416040F218
:1011B000EC61C2F200410291D1F82C218260D1F899
:1011C0005C21C260D1F828210261D1F85821426126
:1011D000D1F860218261D1F86821C261D1F864211F
:1011E0000262D1F86C1141620A2110F0DDFBB3E616
:1011F000000000000000000086B004908DED030A9E
:10120000ADF80A10002001900090049818B9FFE78B
:101210000020059092E00498007800F00100012879
:101220000AD0FFE704990889488104990020C86022
:10123000049901200870FFE70499B1F90800B1F999
:101240000A10884210DAFFE70499B1F90800B1F9F1
:101250000A10401ABDF80A10084400EE100AB8EE51
:10126000C00A8DED010A18E00499B1F90800B1F93E
:101270000A10884210DDFFE70499B1F90800B1F9BE
:101280000A10401ABDF80A10401A00EE100AB8EE13
:10129000C00A8DED010AFFE7FFE70499B1F90800E4
:1012A000B1F90A10401A00EE100AB8EEC00A8DED2E
:1012B000000A0499088948819DED010AB0EEC00A30
:1012C0009DED001AB0EEC11AB4EE410AF1EE10FA2B
:1012D00018DDFFE79DED000ABDF80A0001EE100AD7
:1012E000B8EEC11A9DED032A21EE021A80EE011A12
:1012F000049890ED030A9FED132AA1EE020A80EDF7
:10130000030A17E09DED010ABDF80A0001EE100A7C
:10131000B8EEC11A9DED032A21EE021A80EE011AE1
:10132000049890ED030A9FED072AA1EE020A80EDD2
:10133000030AFFE70498C0680590FFE79DED050AE2
:1013400006B070470000B44380B584B003900291AA
:1013500001920198B0F5002F01D0FFE74BE0029811
:1013600080790399087702980178407840EA012053
:101370000399888202988178C07840EA0120039915
:10138000488202980179407940EA01200399088255
:10139000039800780146009140B1FFE700980128CA
:1013A00010D0FFE70098022818D023E003980C30F3
:1013B000B7EE000A4FF40051FFF71EFF039880EDCF
:1013C000060A18E003980C309FED0D0A4FF4005107
:1013D000FFF712FF039880ED060A0CE003980C302B
:1013E0009FED060A4FF40051FFF706FF039880EDCA
:1013F000060A00E0FFE704B080BD00BF0000104215
:101400003C3C7C410000000080B586B00590049112
:10141000ADF80E200598C07B8DF806000598C089B0
:101420008DF80700059890F833008DF808000598AE
:10143000408E8DF80900059890F857008DF80A0045
:101440000598B0F856008DF80B00059890F87B00D1
:101450008DF80C000598B0F87A008DF80D0004980E
:10146000059989880DF10602082310F0F5FEBDF8F4
:101470000E0012F091F906B080BD000000000000DF
:1014800080B540F60010C2F2004002F001F980BDC4
:1014900080B540F67810C2F2004002F0F9F880BD45
:1014A00080B540F6F010C2F2004002F0F1F880BDC5
:1014B00080B540F66820C2F2004002F0E9F880BD35
:1014C00083B002900298016801201022C4F2020247
:1014D0009142009000F0A380FFE70298016801208C
:1014E0002822C4F202029142009000F09880FFE7A7
:1014F0000298016801204022C4F202029142009049
:1015000000F08D80FFE70298016801205822C4F2A4
:1015100002029142009000F08280FFE70298016889
:1015200001207022C4F202029142009077D0FFE7BE
:101530000298016801208822C4F2020291420090C0
:101540006DD0FFE7029801680120A022C4F20202D8
:101550009142009063D0FFE7029801680120B82211
:10156000C4F202029142009059D0FFE7029801684C
:10157000012040F21042C4F20202914200904ED08B
:10158000FFE702980168012040F22842C4F20202FB
:101590009142009043D0FFE702980168012040F299
:1015A0004042C4F202029142009038D0FFE7029814
:1015B0000168012040F25842C4F2020291420090B8
:1015C0002DD0FFE702980168012040F27042C4F27A
:1015D00002029142009022D0FFE7029801680120A8
:1015E00040F28842C4F202029142009017D0FFE715
:1015F00002980168012040F2A042C4F20202914226
:1016000000900CD0FFE7029800684FF64831CBF607
:10161000FD710844B0FA80F040090090FFE700989F
:10162000C00740B3FFE70298007810384AF6AB21B4
:10163000CAF6AA21A0FB011000090190019800F050
:10164000070145F66400C0F60100405C0299C865D8
:101650000198042807D3FFE702990868042262F37F
:101660000900886506E00299086840F2FF3290435D
:101670008865FFE705E00299086820F0FF008865AB
:10168000FFE70298806D03B0704700000000000083
:1016900084B00390039800680190039801680120CA
:1016A00045F20842C5F60202914200904ED0FFE793
:1016B00003980168012045F21C42C5F602029142DE
:1016C000009043D0FFE703980168012045F23042C3
:1016D000C5F602029142009038D0FFE703980168F6
:1016E000012045F24442C5F60202914200902DD0FD
:1016F000FFE703980168012045F25842C5F602024F
:101700009142009022D0FFE703980168012045F242
:101710006C42C5F602029142009017D0FFE7039891
:101720000168012045F28042C5F602029142009014
:101730000CD0FFE7039800684AF66C31CAF2FD71DD
:101740000844B0FA80F040090090FFE70098C00715
:1017500010B3FFE70398007808384CF6CD41CCF67B
:10176000CC41A0FB011000090290029945F600004F
:10177000C5F6020000EB810003990866039945F65F
:101780008000C5F602004866029800F01F010120A3
:1017900088400399886635E00398007810384AF647
:1017A000AB21CAF6AA21A0FB011000090290019802
:1017B00040F2B841C4F2020188420CD8FFE7019818
:1017C00040F21041C4F20201884204D3FFE70298BC
:1017D00008300290FFE7029940F60000C4F20200D0
:1017E00000EB810003990866039940F68000C4F27B
:1017F00002004866029800F01F010120884003990A
:101800008866FFE704B0704783B0029002980079C1
:1018100001900198002800F08A80FFE701980828CD
:1018200000F28580FFE702980168012045F2084236
:10183000C5F60202914200904ED0FFE7029801687F
:10184000012045F21C42C5F602029142009043D0AD
:10185000FFE702980168012045F23042C5F6020216
:101860009142009038D0FFE702980168012045F2CC
:101870004442C5F60202914200902DD0FFE7029843
:101880000168012045F25842C5F6020291420090DB
:1018900022D0FFE702980168012045F26C42C5F6AC
:1018A00002029142009017D0FFE7029801680120E0
:1018B00045F28042C5F60202914200900CD0FFE74B
:1018C000029800684AF66C31CAF2FD710844B0FA19
:1018D00080F040090090FFE70098C00780B1FFE763
:1018E000019945F6FC00C5F6020000EB8100029963
:1018F000C866029945F64010C5F6020008670FE079
:10190000019940F6FC00C4F2020000EB810002994C
:10191000C866029940F64010C4F202000867FFE76B
:101920000198411E0120884002994867FFE703B0F3
:10193000704700000000000085B0049000208DF882
:101940000F000498806918BBFFE70498806A029032
:1019500003281BD80299DFE801F0020D0218049851
:1019600090F82F00C00720B1FFE701208DF80F008D
:10197000FFE70CE00498C06AB0F1C07F04D1FFE734
:1019800001208DF80F00FFE701E000E0FFE747E0EE
:1019900004988069B0F5005F26D1FFE70498806A5B
:1019A000019003281ED80199DFE801F00206021118
:1019B00001208DF80F0016E0049890F82F00C00762
:1019C00020B1FFE701208DF80F00FFE70BE004983E
:1019D000C06AB0F1C07F04D1FFE701208DF80F008D
:1019E000FFE700E0FFE71AE00498806A0090032810
:1019F00004D3FFE70098032804D00EE001208DF8FF
:101A00000F000BE0049890F82F00C00720B1FFE70B
:101A100001208DF80F00FFE700E0FFE7FFE7FFE799
:101A20009DF80F0005B0704789B0089007910692A5
:101A300005930898806D04900898806D039008982D
:101A4000016801201022C4F202029142029000F0CB
:101A50000381FFE70898016801202822C4F20202EE
:101A60009142029000F0F880FFE708980168012099
:101A70004022C4F202029142029000F0ED80FFE7A2
:101A80000898016801205822C4F202029142029093
:101A900000F0E280FFE70898016801207022C4F29C
:101AA00002029142029000F0D780FFE70898016897
:101AB00001208822C4F202029142029000F0CC8000
:101AC000FFE7089801680120A022C4F202029142B7
:101AD000029000F0C180FFE7089801680120B82259
:101AE000C4F202029142029000F0B680FFE708982B
:101AF0000168012040F21042C4F2020291420290B9
:101B000000F0AA80FFE708980168012040F228420F
:101B1000C4F202029142029000F09E80FFE7089812
:101B20000168012040F24042C4F202029142029058
:101B300000F09280FFE708980168012040F25842C7
:101B4000C4F202029142029000F08680FFE70898FA
:101B50000168012040F27042C4F2020291420290F8
:101B60007AD0FFE708980168012040F28842C4F269
:101B70000202914202906FD0FFE7089801680120AD
:101B800040F2A042C4F202029142029064D0FFE708
:101B900008980168012040F2B842C4F20202914262
:101BA000029059D0FFE708980168012045F20842E9
:101BB000C5F60202914202904ED0FFE708980168F4
:101BC000012045F21C42C5F602029142029043D028
:101BD000FFE708980168012045F23042C5F602028D
:101BE0009142029038D0FFE708980168012045F241
:101BF0004442C5F60202914202902DD0FFE70898B8
:101C00000168012045F25842C5F602029142029055
:101C100022D0FFE708980168012045F26C42C5F622
:101C200002029142029017D0FFE708980168012054
:101C300045F28042C5F60202914202900CD0FFE7C5
:101C4000089800684AF66C31CAF2FD710844B0FA8F
:101C500080F040090290FFE70298C00770B1FFE7EB
:101C60000898416E806E48600898C06E28B1FFE702
:101C70000898016F406F4860FFE7FFE70898016828
:101C800001201022C4F202029142019000F0A380D0
:101C9000FFE70898016801202822C4F2020291425D
:101CA000019000F09880FFE7089801680120402229
:101CB000C4F202029142019000F08D80FFE7089883
:101CC000016801205822C4F202029142019000F002
:101CD0008280FFE70898016801207022C4F20202A6
:101CE0009142019077D0FFE708980168012088228F
:101CF000C4F20202914201906DD0FFE7089801689A
:101D00000120A022C4F202029142019063D0FFE7B9
:101D1000089801680120B822C4F2020291420190A1
:101D200059D0FFE708980168012040F21042C4F240
:101D30000202914201904ED0FFE70898016801200D
:101D400040F22842C4F202029142019043D0FFE7E0
:101D500008980168012040F24042C4F20202914218
:101D6000019038D0FFE708980168012040F25842FE
:101D7000C4F20202914201902DD0FFE70898016859
:101D8000012040F27042C4F202029142019022D03E
:101D9000FFE708980168012040F28842C4F202027D
:101DA0009142019017D0FFE708980168012040F2A6
:101DB000A042C4F20202914201900CD0FFE70898C1
:101DC00000684FF64831CBF6FD710844B0FA80F058
:101DD00040090190FFE70198C00750B3FFE708985A
:101DE000C06D00F01F013F2088400499886008986A
:101DF0000168086820F4802008600598089909683F
:101E0000486008988068402809D1FFE7069808993B
:101E100009688860079808990968C86008E0079809
:101E2000089909688860069808990968C860FFE7FA
:101E300082E008980168012045F20842C5F60202D6
:101E4000914200904ED0FFE708980168012045F2CA
:101E50001C42C5F602029142009043D0FFE7089869
:101E60000168012045F23042C5F60202914200901D
:101E700038D0FFE708980168012045F24442C5F6D2
:101E80000202914200902DD0FFE7089801680120DE
:101E900045F25842C5F602029142009022D0FFE777
:101EA00008980168012045F26C42C5F60202914291
:101EB000009017D0FFE708980168012045F28042A2
:101EC000C5F60202914200900CD0FFE70898006826
:101ED0004AF66C31CAF2FD710844B0FA80F040094C
:101EE0000090FFE70098C00720B3FFE70898C06D97
:101EF00000F01F0101208840039948600598089967
:101F00000968486008988068402809D1FFE706986A
:101F1000089909688860079808990968C86008E006
:101F20000798089909688860069808990968C86040
:101F3000FFE700E0FFE7FFE709B07047000000009F
:101F400081B041F20400CEF20000006800900098D9
:101F500040F2E821C2F200410968884208D2FFE756
:101F600040F2EC21C2F20041086801300860FFE74E
:101F7000009840F2E821C2F20041086001B07047C9
:101F800080B584B0039041F20400CEF200000068F6
:101F90000290029803990968401A00EE100AB8EE00
:101FA000400A40F2DC20C2F2004090ED001AB8EE88
:101FB000411A80EE010A8DED010A0298039908602A
:101FC000FFF7BEFF9DED010A04B080BD00000000D8
:101FD00081B000904EF6FC51CEF20001086840F04E
:101FE0008070086041F20401CEF200010020086018
:101FF00041F20002CEF20002116841F001011160CD
:10200000009944F24022C0F20F024A4340F2DC2120
:10201000C2F200410A600A6844F6D353C1F2620377
:10202000A2FB0332920940F2E023C2F200431A609D
:1020300009684DF68362C4F21B32A1FB0221890CB0
:1020400040F2E422C2F20042116040F2EC21C2F2FE
:102050000041086001B070477047000000000000B8
:1020600083B0029001910092009890ED002A90EDCB
:10207000014A90ED026A90ED035AB6EE001AB0EEF6
:10208000417AA6EE467AA5EE457A029822EE050A36
:10209000A4EE060AD0ED000AD0ED011A90ED023A46
:1020A00020EE210AA7EE200A22EE062A94EE052A47
:1020B000A2EE030A30EE000A019880ED000A0098B3
:1020C00090ED002A90ED016A90ED024A90ED035ADE
:1020D00022EE057A96EE047A0298B0EE410AA6EE58
:1020E000460AA5EE450AD0ED000AD0ED011A90EDA2
:1020F000023A20EE210AA7EE200A22EE062AA4EEDA
:10210000052AA2EE030A30EE000A019880ED010ACA
:10211000009890ED000A90ED014A90ED023A90EDA2
:10212000032A20EE035AA4EE025A029820EE040A73
:1021300093EE020A90ED006A90ED017A90ED022A8A
:1021400020EE070AA5EE060AA4EE441AA3EE431AEF
:10215000A1EE020A30EE000A019880ED020A03B0F7
:10216000704700000000000081B0EFF3108072B6ED
:102170000090FFE7FEE7000080B58AB000200290E3
:10218000039002210491012105910690079040F6E9
:10219000E020C2F2004002A903F0A2FC18B1FFE760
:1021A000FFF7E2FFFFE768460023036040F6E02008
:1021B000C2F200400222114603F01EFD18B1FFE7F3
:1021C000FFF7D2FFFFE740F6E020C2F20040012116
:1021D000002203F095FB18B1FFE7FFF7C5FFFFE70B
:1021E00040F6E020C2F2004004F086FD18B1FFE79F
:1021F000FFF7BAFFFFE70AB080BD00000000000053
:1022000080B540F6E020C2F2004003F0B5FE80BD8C
:1022100080B58AB00020029001210391022104912F
:1022200005910690079040F68030C2F2004002A966
:1022300003F056FC18B1FFE7FFF796FFFFE768468B
:102240000023036040F68030C2F2004002221146B3
:1022500003F0D2FC18B1FFE7FFF786FFFFE740F677
:102260008030C2F200401021002203F049FB18B177
:10227000FFE7FFF779FFFFE740F68030C2F200404A
:1022800004F03AFD18B1FFE7FFF76EFFFFE70AB071
:1022900080BD00000000000080B540F68030C2F232
:1022A000004003F069FE80BD80B540F62040C2F2D8
:1022B000004003F061FE80BD84B002900298406B44
:1022C000009002980068D0F884004FF6FC718843B3
:1022D000009940EA810002990968C1F884000298D7
:1022E0000068D0F8840020F47F00029A1168926B95
:1022F00040EA0240C1F884000298816B00980844CB
:10230000009002980068D0F888006FF38F00009961
:1023100040EA810002990968C1F8880002980068C3
:10232000D0F8880020F4FE00029A1168D26B40EACF
:102330000240C1F888000298C16B009800EB410090
:10234000009002980068D0F8A0006FF38F00009909
:1023500040EA810002990968C1F8A000029800686B
:10236000D0F8A00020F4FE00029A1168126C40EA36
:102370000240C1F8A0000299086C496C009A00FB69
:102380000120009002980068D0F8B0006FF38F0031
:10239000009940EA810002990968C1F8B0000298EA
:1023A0000068D0F8B00020F4FE00029A1168926C28
:1023B00040EA0240C1F8B0000299886CC96C009AEA
:1023C00000FB0120009002980068D0F8AC006FF389
:1023D0008F00009940EA810002990968C1F8AC00B9
:1023E0000299086D496D009A00FB01200090029847
:1023F0000068D0F8F0006FF38F00009940EA810088
:1024000002990968C1F8F00002980068D0F8F0005D
:1024100020F47C10029A1168926D40EA0240C1F8E3
:10242000F0000298816D009800EB41000090029846
:102430000068D0F8C0006FF38F00009940EA810077
:1024400002990968C1F8C00002980068D0F8C0007D
:1024500020F47C10029A1168D26D40EA0240C1F863
:10246000C00002980068D0F8C00020F07C50029AAA
:102470001168126E40EA0260C1F8C00002994A6B0E
:102480004AF60040C4F2000000EB8200C8660299E0
:102490008A6BC86E00EB820008670299CA6B086FEE
:1024A00000EBC200486702990A6C4B6C486F5A43B4
:1024B00000EB8200886702998A6CCB6C886F5A4364
:1024C00000EB8200C86702990A6D4B6DC86F5A43D2
:1024D00000EB8200C1F8800002998A6DD1F880007B
:1024E00000EBC200C1F884000299CA6D8B6ED1F86E
:1024F00084005A4300EB8200C1F8880002990A6EFA
:102500008B6ED1F888005A4300EB8200C1F890002E
:102510000298D0F890004DF2FD31C4F200018842DB
:102520000FD3FFE70299D1F89C0040F02000C1F8DA
:102530009C000299032081F8980001208DF80F007B
:1025400017E00298C06E0190FFE701980299D1F858
:102550009010884208D2FFE7019900200860FFE749
:10256000019804300190F0E7FFE700208DF80F009C
:10257000FFE79DF80F0004B0704700000000000066
:1025800088B007900691059204930698406848B970
:10259000FFE70698016882680069104340EA8140BD
:1025A000039009E0069801688268006910430843B7
:1025B00040F080400390FFE70698D0F820C0C16843
:1025C00042698369C06940EA0C60184310430843BC
:1025D00002900798826ED0F884000499514300EB72
:1025E00081000190039801990860019804300190DE
:1025F0000298019908600198043001900020009031
:10260000FFE700980699CA8945F65401C0F6010112
:10261000895C88420DD2FFE70598009940580199DE
:102620000860019804300190FFE7009804300090A2
:10263000E7E708B07047000083B08DED020A019013
:10264000029800900098019908700098000A01997A
:102650004870BDF80200019988709DF80300019947
:10266000C87003B07047000080B58AB0089004F0CD
:102670009BFD0490089828B9FFE701208DF82700FA
:1026800000F0AABC089890F8350002280ED0FFE7A9
:10269000089980204865FFE70899002081F83400F8
:1026A000FFE701208DF8270000F096BC089801682C
:1026B00001201022C4F202029142039000F0A38094
:1026C000FFE70898016801202822C4F20202914223
:1026D000039000F09880FFE70898016801204022ED
:1026E000C4F202029142039000F08D80FFE7089847
:1026F000016801205822C4F202029142039000F0C6
:102700008280FFE70898016801207022C4F202026B
:102710009142039077D0FFE7089801680120882252
:10272000C4F20202914203906DD0FFE7089801685D
:102730000120A022C4F202029142039063D0FFE77D
:10274000089801680120B822C4F202029142039065
:1027500059D0FFE708980168012040F21042C4F206
:102760000202914203904ED0FFE7089801680120D1
:1027700040F22842C4F202029142039043D0FFE7A4
:1027800008980168012040F24042C4F202029142DE
:10279000039038D0FFE708980168012040F25842C2
:1027A000C4F20202914203902DD0FFE7089801681D
:1027B000012040F27042C4F202029142039022D002
:1027C000FFE708980168012040F28842C4F2020243
:1027D0009142039017D0FFE708980168012040F26A
:1027E000A042C4F20202914203900CD0FFE7089885
:1027F00000684FF64831CBF6FD710844B0FA80F01E
:1028000040090390FFE70398C00780B1FFE70898ED
:102810000168086820F01E0008600898016848698F
:1028200020F08000486108980068059009E0089849
:102830000168086820F00E0008600898006805909C
:10284000FFE70898016801201022C4F202029142B9
:10285000029000F00381FFE7089801680120282218
:10286000C4F202029142029000F0F880FFE708985B
:10287000016801204022C4F202029142029000F05D
:10288000ED80FFE70898016801205822C4F2020297
:102890009142029000F0E280FFE708980168012071
:1028A0007022C4F202029142029000F0D780FFE74A
:1028B0000898016801208822C4F202029142029025
:1028C00000F0CC80FFE7089801680120A022C4F244
:1028D00002029142029000F0C180FFE7089801686F
:1028E0000120B822C4F202029142029000F0B680A8
:1028F000FFE708980168012040F21042C4F202028A
:102900009142029000F0AA80FFE708980168012038
:1029100040F22842C4F202029142029000F09E80EE
:10292000FFE708980168012040F24042C4F2020229
:102930009142029000F09280FFE708980168012020
:1029400040F25842C4F202029142029000F08680A6
:10295000FFE708980168012040F27042C4F20202C9
:10296000914202907AD0FFE708980168012040F276
:102970008842C4F20202914202906FD0FFE70898A9
:102980000168012040F2A042C4F20202914202908A
:1029900064D0FFE708980168012040F2B842C4F211
:1029A00002029142029059D0FFE708980168012085
:1029B00045F20842C5F60202914202904ED0FFE76E
:1029C00008980168012045F21C42C5F602029142B6
:1029D000029043D0FFE708980168012045F2304299
:1029E000C5F602029142029038D0FFE708980168CC
:1029F000012045F24442C5F60202914202902DD0D8
:102A0000FFE708980168012045F25842C5F6020226
:102A10009142029022D0FFE708980168012045F218
:102A20006C42C5F602029142029017D0FFE7089867
:102A30000168012045F28042C5F6020291420290EF
:102A40000CD0FFE7089800684AF66C31CAF2FD71B5
:102A50000844B0FA80F040090290FFE70298C007EE
:102A600038B1FFE70898016E086820F480700860AC
:102A7000FFE7089800681021C4F20201884200F0C4
:102A80008180FFE7089800682821C4F2020188428B
:102A900078D0FFE7089800684021C4F2020188421C
:102AA00070D0FFE7089800685821C4F202018842FC
:102AB00068D0FFE7089800687021C4F202018842DC
:102AC00060D0FFE7089800688821C4F202018842BC
:102AD00058D0FFE708980068A021C4F2020188429C
:102AE00050D0FFE708980068B821C4F2020188427C
:102AF00048D0FFE70898006840F21041C4F2020194
:102B000088423FD0FFE70898006840F22841C4F2AD
:102B10000201884236D0FFE70898006840F2404141
:102B2000C4F2020188422DD0FFE70898006840F205
:102B30005841C4F20201884224D0FFE70898006897
:102B400040F27041C4F2020188421BD0FFE70898AE
:102B5000006840F28841C4F20201884212D0FFE7C7
:102B60000898006840F2A041C4F20201884209D0EE
:102B7000FFE70898006840F2B841C4F202018842B9
:102B800007D1FFE708980168086820F00100086095
:102B900006E008980168086820F001000860FFE777
:102BA000FFE705980068C007C8B1FFE704F0FCFA2A
:102BB0000499401A062811D3FFE708992020486598
:102BC0000899032081F83500FFE70899002081F873
:102BD0003400FFE701208DF82700FDE1E1E70898C8
:102BE000016801201022C4F202029142019000F01B
:102BF000A380FFE70898016801202822C4F202029E
:102C00009142019000F09880FFE708980168012048
:102C10004022C4F202029142019000F08D80FFE751
:102C20000898016801205822C4F2020291420190E2
:102C300000F08280FFE70898016801207022C4F24A
:102C400002029142019077D0FFE7089801680120C5
:102C50008822C4F20202914201906DD0FFE70898E9
:102C600001680120A022C4F202029142019063D0C7
:102C7000FFE7089801680120B822C4F202029142DD
:102C8000019059D0FFE708980168012040F21042F6
:102C9000C4F20202914201904ED0FFE70898016809
:102CA000012040F22842C4F202029142019043D036
:102CB000FFE708980168012040F24042C4F2020296
:102CC0009142019038D0FFE708980168012040F256
:102CD0005842C4F20202914201902DD0FFE70898B9
:102CE0000168012040F27042C4F202029142019058
:102CF00022D0FFE708980168012040F28842C4F220
:102D000002029142019017D0FFE708980168012064
:102D100040F2A042C4F20202914201900CD0FFE7BF
:102D2000089800684FF64831CBF6FD710844B0FAB8
:102D300080F040090190FFE70198C00760B1FFE70C
:102D40000898806D07900898C06D00F01F013F2023
:102D50008840079988600BE00898806D0690089875
:102D6000C06D00F01F010120884006994860FFE710
:102D70000898016801201022C4F2020291420090DA
:102D800000F00381FFE70898016801202822C4F2BF
:102D900002029142009000F0F880FFE70898016875
:102DA00001204022C4F202029142009000F0ED8026
:102DB000FFE70898016801205822C4F202029142FC
:102DC000009000F0E280FFE708980168012070227F
:102DD000C4F202029142009000F0D780FFE7089809
:102DE000016801208822C4F202029142009000F0A2
:102DF000CC80FFE7089801680120A022C4F20202FB
:102E00009142009000F0C180FFE70898016801201E
:102E1000B822C4F202029142009000F0B680FFE7AF
:102E200008980168012040F21042C4F20202914267
:102E3000009000F0AA80FFE708980168012040F2A6
:102E40002842C4F202029142009000F09E80FFE707
:102E500008980168012040F24042C4F20202914207
:102E6000009000F09280FFE708980168012040F28E
:102E70005842C4F202029142009000F08680FFE7BF
:102E800008980168012040F27042C4F202029142A7
:102E900000907AD0FFE708980168012040F288424C
:102EA000C4F20202914200906FD0FFE708980168D7
:102EB000012040F2A042C4F202029142009064D08C
:102EC000FFE708980168012040F2B842C4F202020C
:102ED0009142009059D0FFE708980168012045F21F
:102EE0000842C5F60202914200904ED0FFE70898D2
:102EF0000168012045F21C42C5F602029142009091
:102F000043D0FFE708980168012045F23042C5F63A
:102F100002029142009038D0FFE708980168012032
:102F200045F24442C5F60202914200902DD0FFE7DF
:102F300008980168012045F25842C5F60202914204
:102F4000009022D0FFE708980168012045F26C420A
:102F5000C5F602029142009017D0FFE70898016879
:102F6000012045F28042C5F60202914200900CD049
:102F7000FFE7089800684AF66C31CAF2FD71084410
:102F8000B0FA80F040090090FFE70098C007A0B1B8
:102F9000FFE70898416E806E48600898C06E58B18F
:102FA000FFE70898C16E086820F4807008600898F0
:102FB000016F406F4860FFE7FFE70899012081F843
:102FC0003500FFE70899002081F83400FFE7FFE7AC
:102FD00000208DF82700FFE79DF827000AB080BD8C
:102FE00080B586B00490049820B9FFE701208DF8E1
:102FF000170046E3049890F83500022807D0FFE751
:1030000004998020486501208DF8170039E3049861
:10301000016801201022C4F202029142029000F0E5
:10302000A380FFE70498016801202822C4F202026D
:103030009142029000F09880FFE704980168012017
:103040004022C4F202029142029000F08D80FFE71C
:103050000498016801205822C4F2020291420290B1
:1030600000F08280FFE70498016801207022C4F21A
:1030700002029142029077D0FFE704980168012094
:103080008822C4F20202914202906DD0FFE70498B8
:1030900001680120A022C4F202029142029063D092
:1030A000FFE7049801680120B822C4F202029142AD
:1030B000029059D0FFE704980168012040F21042C5
:1030C000C4F20202914202904ED0FFE704980168D8
:1030D000012040F22842C4F202029142029043D001
:1030E000FFE704980168012040F24042C4F2020266
:1030F0009142029038D0FFE704980168012040F225
:103100005842C4F20202914202902DD0FFE7049887
:103110000168012040F27042C4F202029142029022
:1031200022D0FFE704980168012040F28842C4F2EF
:1031300002029142029017D0FFE704980168012033
:1031400040F2A042C4F20202914202900CD0FFE78A
:10315000049800684FF64831CBF6FD710844B0FA88
:1031600080F040090290FFE70298C007002800F0B5
:103170009D80FFE70499042081F8350004980068D9
:103180001021C4F20201884200F08180FFE7049818
:1031900000682821C4F20201884278D0FFE7049831
:1031A00000684021C4F20201884270D0FFE7049811
:1031B00000685821C4F20201884268D0FFE70498F1
:1031C00000687021C4F20201884260D0FFE70498D1
:1031D00000688821C4F20201884258D0FFE70498B1
:1031E0000068A021C4F20201884250D0FFE7049891
:1031F0000068B821C4F20201884248D0FFE7049871
:10320000006840F21041C4F2020188423FD0FFE75B
:103210000498006840F22841C4F20201884236D086
:10322000FFE70498006840F24041C4F2020188427E
:103230002DD0FFE70498006840F25841C4F2020123
:10324000884224D0FFE70498006840F27041C4F23D
:10325000020188421BD0FFE70498006840F28841D1
:10326000C4F20201884212D0FFE70498006840F2DD
:10327000A041C4F20201884209D0FFE70498006827
:1032800040F2B841C4F20201884207D1FFE7049836
:103290000168086820F00100086006E004980168F1
:1032A000086820F001000860FFE7E5E10498016884
:1032B000086820F00E000860049800681021C4F22D
:1032C0000201884200F08180FFE70498006828210D
:1032D000C4F20201884278D0FFE7049800684021D8
:1032E000C4F20201884270D0FFE7049800685821B8
:1032F000C4F20201884268D0FFE704980068702198
:10330000C4F20201884260D0FFE704980068882177
:10331000C4F20201884258D0FFE704980068A02157
:10332000C4F20201884250D0FFE704980068B82137
:10333000C4F20201884248D0FFE70498006840F2D6
:103340001041C4F2020188423FD0FFE704980068B0
:1033500040F22841C4F20201884236D0FFE70498C7
:10336000006840F24041C4F2020188422DD0FFE7DC
:103370000498006840F25841C4F20201884224D007
:10338000FFE70498006840F27041C4F202018842ED
:103390001BD0FFE70498006840F28841C4F20201A4
:1033A000884212D0FFE70498006840F2A041C4F2BE
:1033B0000201884209D0FFE70498006840F2B84152
:1033C000C4F20201884207D1FFE704980168086847
:1033D00020F00100086006E004980168086820F009
:1033E00001000860FFE70498016801201022C4F280
:1033F00002029142019000F00381FFE70498016806
:1034000001202822C4F202029142019000F0F880CB
:10341000FFE70498016801204022C4F202029142B1
:10342000019000F0ED80FFE7049801680120582228
:10343000C4F202029142019000F0E280FFE704989A
:10344000016801207022C4F202029142019000F052
:10345000D780FFE70498016801208822C4F20202A5
:103460009142019000F0CC80FFE7049801680120B0
:10347000A022C4F202029142019000F0C180FFE755
:10348000049801680120B822C4F20202914201901E
:1034900000F0B680FFE704980168012040F2104276
:1034A000C4F202029142019000F0AA80FFE7049862
:1034B0000168012040F22842C4F2020291420190C8
:1034C00000F09E80FFE704980168012040F240422E
:1034D000C4F202029142019000F09280FFE704984A
:1034E0000168012040F25842C4F202029142019068
:1034F00000F08680FFE704980168012040F27042E6
:10350000C4F20202914201907AD0FFE70498016868
:10351000012040F28842C4F20202914201906FD031
:10352000FFE704980168012040F2A042C4F20202C1
:103530009142019064D0FFE704980168012040F2B5
:10354000B842C4F202029142019059D0FFE70498B8
:103550000168012045F20842C5F60202914201903D
:103560004ED0FFE704980168012045F21C42C5F6E1
:1035700002029142019043D0FFE7049801680120C4
:1035800045F23042C5F602029142019038D0FFE781
:1035900004980168012045F24442C5F602029142B6
:1035A00001902DD0FFE704980168012045F25842B0
:1035B000C5F602029142019022D0FFE7049801680B
:1035C000012045F26C42C5F602029142019017D0EB
:1035D000FFE704980168012045F28042C5F6020227
:1035E000914201900CD0FFE7049800684AF66C31D4
:1035F000CAF2FD710844B0FA80F040090190FFE77B
:103600000198C00728B3FFE70498016E086820F40A
:10361000807008600498806D03900498C06D00F07D
:103620001F0101208840039948600498416E806E14
:1036300048600498C06E58B1FFE70498C16E0868EE
:1036400020F4807008600498016F406F4860FFE7C5
:10365000FFE70499012081F83500FFE70499002075
:1036600081F83400FFE70498006D20B1FFE704986B
:10367000016D8847FFE7FFE7FFE700208DF817009F
:10368000FFE79DF8170006B080BD000000000000B5
:1036900080B590B00F9000200B9040F2C810C2F29D
:1036A0000040006848F2B511C1F64E31A0FB011090
:1036B000800A0A900F98806D09900F98806D08908D
:1036C000099800680E90089800680D900F9801689E
:1036D00001201022C4F202029142079000F0A38060
:1036E000FFE70F98016801202822C4F202029142EC
:1036F000079000F09880FFE70F98016801204022B2
:10370000C4F202029142079000F08D80FFE70F980B
:10371000016801205822C4F202029142079000F091
:103720008280FFE70F98016801207022C4F2020234
:103730009142079077D0FFE70F9801680120882217
:10374000C4F20202914207906DD0FFE70F98016822
:103750000120A022C4F202029142079063D0FFE749
:103760000F9801680120B822C4F20202914207902A
:1037700059D0FFE70F980168012040F21042C4F2CF
:103780000202914207904ED0FFE70F980168012096
:1037900040F22842C4F202029142079043D0FFE770
:1037A0000F980168012040F24042C4F202029142A7
:1037B000079038D0FFE70F980168012040F2584287
:1037C000C4F20202914207902DD0FFE70F980168E2
:1037D000012040F27042C4F202029142079022D0CE
:1037E000FFE70F980168012040F28842C4F202020C
:1037F0009142079017D0FFE70F980168012040F22F
:10380000A042C4F20202914207900CD0FFE70F9849
:1038100000684FF64831CBF6FD710844B0FA80F0ED
:1038200040090790FFE70798C007002800F01385BC
:10383000FFE70E980F99C96D01F01F01C8400007FE
:10384000002840F1B080FFE70F9800681021C4F213
:103850000201884200F08180FFE70F98006828216C
:10386000C4F20201884278D0FFE70F980068402137
:10387000C4F20201884270D0FFE70F980068582117
:10388000C4F20201884268D0FFE70F9800687021F7
:10389000C4F20201884260D0FFE70F9800688821D7
:1038A000C4F20201884258D0FFE70F980068A021B7
:1038B000C4F20201884250D0FFE70F980068B82197
:1038C000C4F20201884248D0FFE70F98006840F236
:1038D0001041C4F2020188423FD0FFE70F98006810
:1038E00040F22841C4F20201884236D0FFE70F9827
:1038F000006840F24041C4F2020188422DD0FFE747
:103900000F98006840F25841C4F20201884224D066
:10391000FFE70F98006840F27041C4F2020188424C
:103920001BD0FFE70F98006840F28841C4F2020103
:10393000884212D0FFE70F98006840F2A041C4F21D
:103940000201884209D0FFE70F98006840F2B841B1
:10395000C4F20201884207D1FFE70F9800680068AF
:1039600000F00400069006E00F980068006800F080
:1039700008000690FFE70698A0B1FFE70F980168DE
:10398000086820F0040008600F98C06D00F01F0167
:1039900008208840099988600F99486D40F001001F
:1039A0004865FFE7FFE70E980F99C96D01F01F0109
:1039B000C840C007002800F0A980FFE70F98006802
:1039C0001021C4F20201884200F08180FFE70F98C5
:1039D00000682821C4F20201884278D0FFE70F98DE
:1039E00000684021C4F20201884270D0FFE70F98BE
:1039F00000685821C4F20201884268D0FFE70F989E
:103A000000687021C4F20201884260D0FFE70F987D
:103A100000688821C4F20201884258D0FFE70F985D
:103A20000068A021C4F20201884250D0FFE70F983D
:103A30000068B821C4F20201884248D0FFE70F981D
:103A4000006840F21041C4F2020188423FD0FFE713
:103A50000F98006840F22841C4F20201884236D033
:103A6000FFE70F98006840F24041C4F2020188422B
:103A70002DD0FFE70F98006840F25841C4F20201D0
:103A8000884224D0FFE70F98006840F27041C4F2EA
:103A9000020188421BD0FFE70F98006840F288417E
:103AA000C4F20201884212D0FFE70F98006840F28A
:103AB000A041C4F20201884209D0FFE70F980068D4
:103AC00040F2B841C4F20201884207D1FFE70F98E3
:103AD0000068406900F08000059005E00F980068DC
:103AE000006800200590FFE7059870B1FFE70F9888
:103AF000C06D00F01F0101208840099988600F996E
:103B0000486D40F002004865FFE7FFE70E980F9907
:103B1000C96D01F01F01C8404007002840F1A9808D
:103B2000FFE70F9800681021C4F20201884200F0FC
:103B30008180FFE70F9800682821C4F202018842C3
:103B400078D0FFE70F9800684021C4F20201884254
:103B500070D0FFE70F9800685821C4F20201884234
:103B600068D0FFE70F9800687021C4F20201884214
:103B700060D0FFE70F9800688821C4F202018842F4
:103B800058D0FFE70F980068A021C4F202018842D4
:103B900050D0FFE70F980068B821C4F202018842B4
:103BA00048D0FFE70F98006840F21041C4F20201CC
:103BB00088423FD0FFE70F98006840F22841C4F2E6
:103BC0000201884236D0FFE70F98006840F240417A
:103BD000C4F2020188422DD0FFE70F98006840F23E
:103BE0005841C4F20201884224D0FFE70F980068D0
:103BF00040F27041C4F2020188421BD0FFE70F98E7
:103C0000006840F28841C4F20201884212D0FFE706
:103C10000F98006840F2A041C4F20201884209D026
:103C2000FFE70F98006840F2B841C4F202018842F1
:103C300007D1FFE70F980068006800F002000490C9
:103C400005E00F980068006800200490FFE70498E2
:103C500070B1FFE70F98C06D00F01F01042088408D
:103C6000099988600F99486D40F004004865FFE7A6
:103C7000FFE70E980F99C96D01F01F01C840C006FB
:103C8000002840F1DE80FFE70F9800681021C4F2A1
:103C90000201884200F08180FFE70F980068282128
:103CA000C4F20201884278D0FFE70F9800684021F3
:103CB000C4F20201884270D0FFE70F9800685821D3
:103CC000C4F20201884268D0FFE70F9800687021B3
:103CD000C4F20201884260D0FFE70F980068882193
:103CE000C4F20201884258D0FFE70F980068A02173
:103CF000C4F20201884250D0FFE70F980068B82153
:103D0000C4F20201884248D0FFE70F98006840F2F1
:103D10001041C4F2020188423FD0FFE70F980068CB
:103D200040F22841C4F20201884236D0FFE70F98E2
:103D3000006840F24041C4F2020188422DD0FFE702
:103D40000F98006840F25841C4F20201884224D022
:103D5000FFE70F98006840F27041C4F20201884208
:103D60001BD0FFE70F98006840F28841C4F20201BF
:103D7000884212D0FFE70F98006840F2A041C4F2D9
:103D80000201884209D0FFE70F98006840F2B8416D
:103D9000C4F20201884207D1FFE70F98006800686B
:103DA00000F00800039006E00F980068006800F03B
:103DB00004000390FFE70398002841D0FFE70F9825
:103DC000C06D00F01F0110208840099988600F988D
:103DD00000680068400300281AD5FFE70F980068C4
:103DE00000680003002809D4FFE70F98006C20B199
:103DF000FFE70F98016C8847FFE708E00F98806C99
:103E000020B1FFE70F98816C8847FFE7FFE716E0D6
:103E10000F9800680068C005002807D4FFE70F98D6
:103E20000168086820F008000860FFE70F98006C40
:103E300020B1FFE70F98016C8847FFE7FFE7FFE736
:103E4000FFE70E980F99C96D01F01F01C840800669
:103E5000002840F12681FFE70F9800681021C4F286
:103E60000201884200F08180FFE70F980068282156
:103E7000C4F20201884278D0FFE70F980068402121
:103E8000C4F20201884270D0FFE70F980068582101
:103E9000C4F20201884268D0FFE70F9800687021E1
:103EA000C4F20201884260D0FFE70F9800688821C1
:103EB000C4F20201884258D0FFE70F980068A021A1
:103EC000C4F20201884250D0FFE70F980068B82181
:103ED000C4F20201884248D0FFE70F98006840F220
:103EE0001041C4F2020188423FD0FFE70F980068FA
:103EF00040F22841C4F20201884236D0FFE70F9811
:103F0000006840F24041C4F2020188422DD0FFE730
:103F10000F98006840F25841C4F20201884224D050
:103F2000FFE70F98006840F27041C4F20201884236
:103F30001BD0FFE70F98006840F28841C4F20201ED
:103F4000884212D0FFE70F98006840F2A041C4F207
:103F50000201884209D0FFE70F98006840F2B8419B
:103F6000C4F20201884207D1FFE70F980068006899
:103F700000F01000029006E00F980068006800F062
:103F800002000290FFE70298002800F08980FFE716
:103F90000F98C06D00F01F012020884009998860AB
:103FA0000F9890F83500042837D1FFE70F98016883
:103FB000086820F0160008600F980168486920F032
:103FC000800048610F98006C20B9FFE70F98806C63
:103FD00038B1FFE70F980168086820F00800086012
:103FE000FFE70F98C06D00F01F013F20884009993E
:103FF00088600F99012081F83500FFE70F990020B4
:1040000081F83400FFE70F98006D20B1FFE70F98AB
:10401000016D8847FFE700F019BC0F980068006841
:10402000400300281AD5FFE70F98006800680003D6
:10403000002809D4FFE70F98406C20B1FFE70F98E4
:10404000416C8847FFE708E00F98C06B20B1FFE79D
:104050000F98C16B8847FFE7FFE720E00F980068E3
:104060000068C005002811D4FFE70F9801680868B0
:1040700020F0100008600F99012081F83500FFE75B
:104080000F99002081F83400FFE7FFE70F98C06B1D
:1040900020B1FFE70F98C16B8847FFE7FFE7FFE715
:1040A000FFE70F98406D002800F0D480FFE70F98DD
:1040B000406DC007002800F0C480FFE70F9904207E
:1040C00081F835000F9800681021C4F2020188427F
:1040D00000F08180FFE70F9800682821C4F20201F8
:1040E000884278D0FFE70F9800684021C4F20201AF
:1040F000884270D0FFE70F9800685821C4F202018F
:10410000884268D0FFE70F9800687021C4F202016E
:10411000884260D0FFE70F9800688821C4F202014E
:10412000884258D0FFE70F980068A021C4F202012E
:10413000884250D0FFE70F980068B821C4F202010E
:10414000884248D0FFE70F98006840F21041C4F25F
:10415000020188423FD0FFE70F98006840F22841F3
:10416000C4F20201884236D0FFE70F98006840F29F
:104170004041C4F2020188422DD0FFE70F98006849
:1041800040F25841C4F20201884224D0FFE70F9860
:10419000006840F27041C4F2020188421BD0FFE780
:1041A0000F98006840F28841C4F20201884212D0A0
:1041B000FFE70F98006840F2A041C4F20201884274
:1041C00009D0FFE70F98006840F2B841C4F202013D
:1041D000884207D1FFE70F980168086820F00100C6
:1041E000086006E00F980168086820F00100086088
:1041F000FFE7FFE70B9801300B900A99884201D93D
:10420000FFE707E0FFE70F9800680068C007002895
:10421000F0D1FFE70F9800680068C00728B1FFE7FA
:104220000F99032081F8350004E00F99012081F8EF
:104230003500FFE7FFE70F99002081F83400FFE722
:10424000FFE70F98C06C20B1FFE70F98C16C88475B
:10425000FFE7FFE7FAE20F980168012045F2084204
:10426000C5F60202914201904ED0FFE70F98016817
:10427000012045F21C42C5F602029142019043D052
:10428000FFE70F980168012045F23042C5F60202AF
:104290009142019038D0FFE70F980168012045F264
:1042A0004442C5F60202914201902DD0FFE70F98DB
:1042B0000168012045F25842C5F602029142019080
:1042C00022D0FFE70F980168012045F26C42C5F645
:1042D00002029142019017D0FFE70F980168012078
:1042E00045F28042C5F60202914201900CD0FFE7F0
:1042F0000F9800684AF66C31CAF2FD710844B0FAB2
:1043000080F040090190FFE70198C007002800F005
:104310009B82FFE70F98006800680C900D980F993A
:10432000C96D01F01F01C8404007002840F1D78047
:10433000FFE79DF830004007002840F1D080FFE7FC
:104340000F98C06D00F01F01042088400899486054
:104350009DF831000006002818D5FFE79DF83200CF
:10436000C00748B9FFE70F98806C20B1FFE70F98AE
:10437000816C8847FFE708E00F98006C20B1FFE7E9
:104380000F98016C8847FFE7FFE7A7E09DF8300032
:104390008006002800F19980FFE70F98006810213F
:1043A000C4F20201884200F08180FFE70F980068A4
:1043B0002821C4F20201884278D0FFE70F980068F4
:1043C0004021C4F20201884270D0FFE70F980068D4
:1043D0005821C4F20201884268D0FFE70F980068B4
:1043E0007021C4F20201884260D0FFE70F98006894
:1043F0008821C4F20201884258D0FFE70F98006874
:10440000A021C4F20201884250D0FFE70F98006853
:10441000B821C4F20201884248D0FFE70F98006833
:1044200040F21041C4F2020188423FD0FFE70F98EA
:10443000006840F22841C4F20201884236D0FFE70A
:104440000F98006840F24041C4F2020188422DD02A
:10445000FFE70F98006840F25841C4F20201884219
:1044600024D0FFE70F98006840F27041C4F20201C7
:1044700088421BD0FFE70F98006840F28841C4F2E1
:104480000201884212D0FFE70F98006840F2A04175
:10449000C4F20201884209D0FFE70F98006840F299
:1044A000B841C4F20201884207D1FFE70F980168C2
:1044B000086820F00800086006E00F9801680868A6
:1044C00020F004000860FFE7FFE70F98006C20B1C0
:1044D000FFE70F98016C8847FFE7FFE7B3E10D980E
:1044E0000F99C96D01F01F01C8408007002840F1F5
:1044F000E180FFE79DF830008007002840F1DA8076
:10450000FFE70F98C06D00F01F0102208840089956
:1045100048609DF831000006002818D5FFE79DF897
:104520003200C00748B9FFE70F98406C20B1FFE7A1
:104530000F98416C8847FFE708E00F98C06B20B1E7
:10454000FFE70F98C16B8847FFE7FFE7B1E09DF8F1
:1045500030008006002800F1A380FFE70F98006874
:104560001021C4F20201884200F08180FFE70F9819
:1045700000682821C4F20201884278D0FFE70F9832
:1045800000684021C4F20201884270D0FFE70F9812
:1045900000685821C4F20201884268D0FFE70F98F2
:1045A00000687021C4F20201884260D0FFE70F98D2
:1045B00000688821C4F20201884258D0FFE70F98B2
:1045C0000068A021C4F20201884250D0FFE70F9892
:1045D0000068B821C4F20201884248D0FFE70F9872
:1045E000006840F21041C4F2020188423FD0FFE768
:1045F0000F98006840F22841C4F20201884236D088
:10460000FFE70F98006840F24041C4F2020188427F
:104610002DD0FFE70F98006840F25841C4F2020124
:10462000884224D0FFE70F98006840F27041C4F23E
:10463000020188421BD0FFE70F98006840F28841D2
:10464000C4F20201884212D0FFE70F98006840F2DE
:10465000A041C4F20201884209D0FFE70F98006828
:1046600040F2B841C4F20201884207D1FFE70F9837
:104670000168086820F01400086006E00F980168DF
:10468000086820F00A000860FFE70F99012081F810
:104690003500FFE70F99002081F83400FFE7FFE7BE
:1046A0000F98C06B20B1FFE70F98C16B8847FFE7F9
:1046B000FFE7C7E00D980F99C96D01F01F01C840D1
:1046C0000007002840F1BC80FFE79DF8300000079C
:1046D000002840F1B580FFE70F9800681021C4F270
:1046E0000201884200F08180FFE70F9800682821CE
:1046F000C4F20201884278D0FFE70F980068402199
:10470000C4F20201884270D0FFE70F980068582178
:10471000C4F20201884268D0FFE70F980068702158
:10472000C4F20201884260D0FFE70F980068882138
:10473000C4F20201884258D0FFE70F980068A02118
:10474000C4F20201884250D0FFE70F980068B821F8
:10475000C4F20201884248D0FFE70F98006840F297
:104760001041C4F2020188423FD0FFE70F98006871
:1047700040F22841C4F20201884236D0FFE70F9888
:10478000006840F24041C4F2020188422DD0FFE7A8
:104790000F98006840F25841C4F20201884224D0C8
:1047A000FFE70F98006840F27041C4F202018842AE
:1047B0001BD0FFE70F98006840F28841C4F2020165
:1047C000884212D0FFE70F98006840F2A041C4F27F
:1047D0000201884209D0FFE70F98006840F2B84113
:1047E000C4F20201884207D1FFE70F980168086808
:1047F00020F01C00086006E00F980168086820F0AF
:104800000E000860FFE70F98C06D00F01F01012047
:1048100000FA01F1089A51600F9948650F9981F8E3
:104820003500FFE70F99002081F83400FFE70F986B
:10483000C06C20B1FFE70F98C16C8847FFE700E02C
:10484000FFE7FFE7FFE700E0FFE7FFE710B080BD0D
:1048500010B58EB00C9002F0A7FC0A900C9828B905
:10486000FFE701208DF8370000F09EBC0C9801682E
:1048700001201022C4F202029142079000F0A380AE
:10488000FFE70C98016801202822C4F2020291423D
:10489000079000F09880FFE70C9801680120402203
:1048A000C4F202029142079000F08D80FFE70C985D
:1048B000016801205822C4F202029142079000F0E0
:1048C0008280FFE70C98016801207022C4F2020286
:1048D0009142079077D0FFE70C9801680120882269
:1048E000C4F20202914207906DD0FFE70C98016874
:1048F0000120A022C4F202029142079063D0FFE798
:104900000C9801680120B822C4F20202914207907B
:1049100059D0FFE70C980168012040F21042C4F220
:104920000202914207904ED0FFE70C9801680120E7
:1049300040F22842C4F202029142079043D0FFE7BE
:104940000C980168012040F24042C4F202029142F8
:10495000079038D0FFE70C980168012040F25842D8
:10496000C4F20202914207902DD0FFE70C98016833
:10497000012040F27042C4F202029142079022D01C
:10498000FFE70C980168012040F28842C4F202025D
:104990009142079017D0FFE70C980168012040F280
:1049A000A042C4F20202914207900CD0FFE70C989B
:1049B00000684FF64831CBF6FD710844B0FA80F03C
:1049C00040090790FFE70798C007002800F07881AA
:1049D000FFE70C98406A08B1FFE7FFE70C99022057
:1049E00081F83500FFE70C99002081F83400FFE7DB
:1049F0000C9800681021C4F20201884200F0818006
:104A0000FFE70C9800682821C4F20201884278D0A0
:104A1000FFE70C9800684021C4F20201884270D080
:104A2000FFE70C9800685821C4F20201884268D060
:104A3000FFE70C9800687021C4F20201884260D040
:104A4000FFE70C9800688821C4F20201884258D020
:104A5000FFE70C980068A021C4F20201884250D000
:104A6000FFE70C980068B821C4F20201884248D0E0
:104A7000FFE70C98006840F21041C4F2020188423E
:104A80003FD0FFE70C98006840F22841C4F20201D1
:104A9000884236D0FFE70C98006840F24041C4F2EB
:104AA000020188422DD0FFE70C98006840F258417F
:104AB000C4F20201884224D0FFE70C98006840F25B
:104AC0007041C4F2020188421BD0FFE70C980068D5
:104AD00040F28841C4F20201884212D0FFE70C98EC
:104AE000006840F2A041C4F20201884209D0FFE709
:104AF0000C98006840F2B841C4F20201884207D124
:104B0000FFE70C980168086820F00100086006E0E3
:104B10000C980168086820F001000860FFE7FFE7D3
:104B20000C9800680068C00798B1FFE702F03CFBF2
:104B30000A99401A06280BD3FFE70C9920204865F4
:104B40000C99032081F8350001208DF837002BE304
:104B5000E6E70C98006800680B900B9848F23F015C
:104B6000CFF6106108400B900C998868D1F80CC002
:104B70000B694A6940EA0C00184310438A691043E4
:104B8000CA691043096A01430B9808430B900C98BB
:104B9000406A042808D1FFE70C99C86A096B0143F1
:104BA0000B9808430B90FFE70C984068292807D31F
:104BB000FFE70C98416801202F29069036D3FFE7C4
:104BC0000C9840683F2807D3FFE70C984168012004
:104BD000432906902AD3FFE70C984068472807D35B
:104BE000FFE70C9841680120492906901ED3FFE792
:104BF0000C9840684F2807D3FFE70C9841680120C4
:104C00005329069012D3FFE70C98416800207429BD
:104C1000059008D3FFE70C9841680020782938BF39
:104C200001200590FFE705980690FFE70698C0076A
:104C300028B1FFE70B9840F480100B90FFE70B982A
:104C40000C99096808600C98006840690B900B98F3
:104C500020F007000B900C98416A0B9808430B90CA
:104C60000C98406A04281AD1FFE70C98816A0B98C7
:104C700008430B900C98C06A80B1FFE70C98FCF7D2
:104C80005BFE50B1FFE70C99402048650C9901206C
:104C900081F835008DF8370086E2FFE7FFE70B98D3
:104CA0000C99096848610C98FCF70AFC09900C986B
:104CB000C06D00F01F013F2088400999886026E1FF
:104CC0000C980168012045F20842C5F602029142A3
:104CD00004904ED0FFE70C980168012045F21C4279
:104CE000C5F602029142049043D0FFE70C98016898
:104CF000012045F23042C5F602029142049038D0BC
:104D0000FFE70C980168012045F24442C5F6020213
:104D1000914204902DD0FFE70C980168012045F2E4
:104D20005842C5F602029142049022D0FFE70C9847
:104D30000168012045F26C42C5F6020291420490DE
:104D400017D0FFE70C980168012045F28042C5F6B4
:104D50000202914204900CD0FFE70C9800684AF6DA
:104D60006C31CAF2FD710844B0FA80F04009049039
:104D7000FFE70498C007002800F0BD80FFE70C980B
:104D80000168012045F20842C5F6020291420390F3
:104D90004ED0FFE70C980168012045F21C42C5F691
:104DA00002029142039043D0FFE70C980168012072
:104DB00045F23042C5F602029142039038D0FFE737
:104DC0000C980168012045F24442C5F60202914266
:104DD00003902DD0FFE70C980168012045F258425E
:104DE000C5F602029142039022D0FFE70C980168B9
:104DF000012045F26C42C5F602029142039017D0A1
:104E0000FFE70C980168012045F28042C5F60202D6
:104E1000914203900CD0FFE70C9800684AF66C3181
:104E2000CAF2FD710844B0FA80F040090390FFE730
:104E30000398C00708B1FFE7FFE70C99022081F84B
:104E40003500FFE70C99002081F83400FFE70C984B
:104E5000006800680B900B986FF310100B900C9883
:104E60008068402803D1FFE71020029008E00C98EA
:104E700080688038B0FA80F0400980030290FFE734
:104E800002980C99CA680B69D1F814C0D1F818E0DF
:104E9000CC694EEA040E4CEA0E0C43EA0C031A43AA
:104EA00040EAD200096A40EA11110B9808430B90BE
:104EB0000B980C99096808600C9908684AF6F83252
:104EC000CAF2FD7210444CF6CD42CCF6CC42A0FBA7
:104ED00002026FF0030000EA9200C8650C98FCF72C
:104EE000EFFA08900C98C06D00F01F010120884077
:104EF000089948600AE00C99402048650C99032005
:104F000081F8350001208DF837004DE1FFE70C985E
:104F1000016801201022C4F202029142019000F0C7
:104F20000381FFE70C98016801202822C4F20202E5
:104F30009142019000F0F880FFE70C980168012091
:104F40004022C4F202029142019000F0ED80FFE79E
:104F50000C98016801205822C4F20202914201908B
:104F600000F0E280FFE70C98016801207022C4F293
:104F700002029142019000F0D780FFE70C9801688F
:104F800001208822C4F202029142019000F0CC80FC
:104F9000FFE70C9801680120A022C4F202029142AE
:104FA000019000F0C180FFE70C9801680120B82251
:104FB000C4F202029142019000F0B680FFE70C9823
:104FC0000168012040F21042C4F2020291420190B5
:104FD00000F0AA80FFE70C980168012040F2284207
:104FE000C4F202029142019000F09E80FFE70C980B
:104FF0000168012040F24042C4F202029142019055
:1050000000F09280FFE70C980168012040F25842BE
:10501000C4F202029142019000F08680FFE70C98F2
:105020000168012040F27042C4F2020291420190F4
:105030007AD0FFE70C980168012040F28842C4F260
:105040000202914201906FD0FFE70C9801680120A5
:1050500040F2A042C4F202029142019064D0FFE704
:105060000C980168012040F2B842C4F20202914259
:10507000019059D0FFE70C980168012045F20842E1
:10508000C5F60202914201904ED0FFE70C980168EC
:10509000012045F21C42C5F602029142019043D024
:1050A000FFE70C980168012045F23042C5F6020284
:1050B0009142019038D0FFE70C980168012045F239
:1050C0004442C5F60202914201902DD0FFE70C98B0
:1050D0000168012045F25842C5F602029142019052
:1050E00022D0FFE70C980168012045F26C42C5F61A
:1050F00002029142019017D0FFE70C98016801204D
:1051000045F28042C5F60202914201900CD0FFE7C1
:105110000C9800684AF66C31CAF2FD710844B0FA86
:1051200080F040090190FFE70198C00790B3FFE7C6
:105130000C98FCF7ADFA0C988068802804D1FFE742
:105140000C9900204860FFE70C990879096E086007
:105150000C98416E806E48600C98406888B1FFE7FB
:105160000C98406808280CD8FFE70C98FCF74CFB1B
:105170000C98C16E002008600C98016F406F486069
:1051800007E00C990020C8660C9908670C994867DD
:10519000FFE7FFE70C99002048650C9A012182F88F
:1051A00035108DF83700FFE79DF837000EB010BDC1
:1051B00080B588B0069005910492039300208DF885
:1051C0000B00069820B9FFE701208DF81F006CE363
:1051D000FFE7069890F83400012804D1FFE7022089
:1051E0008DF81F0061E30699012081F83400FFE784
:1051F000FFE7069890F83500012840F04383FFE769
:105200000699022081F83500069900204865069825
:1052100000681021C4F20201884200F08180FFE79B
:10522000069800682821C4F20201884278D0FFE77E
:10523000069800684021C4F20201884270D0FFE75E
:10524000069800685821C4F20201884268D0FFE73E
:10525000069800687021C4F20201884260D0FFE71E
:10526000069800688821C4F20201884258D0FFE7FE
:1052700006980068A021C4F20201884250D0FFE7DE
:1052800006980068B821C4F20201884248D0FFE7BE
:105290000698006840F21041C4F2020188423FD0F3
:1052A000FFE70698006840F22841C4F202018842F4
:1052B00036D0FFE70698006840F24041C4F2020190
:1052C00088422DD0FFE70698006840F25841C4F2AA
:1052D0000201884224D0FFE70698006840F270413E
:1052E000C4F2020188421BD0FFE70698006840F232
:1052F0008841C4F20201884212D0FFE70698006894
:1053000040F2A041C4F20201884209D0FFE70698AA
:10531000006840F2B841C4F20201884207D1FFE7B9
:1053200006980168086820F00100086006E0069809
:105330000168086820F001000860FFE706980599F9
:10534000049A039BFCF770FB069801680120102269
:10535000C4F202029142019000F0A380FFE7069898
:10536000016801202822C4F202029142019000F05B
:105370009880FFE70698016801204022C4F20202EB
:105380009142019000F08D80FFE7069801680120AE
:105390005822C4F202029142019000F08280FFE79D
:1053A0000698016801207022C4F202029142019025
:1053B00077D0FFE70698016801208822C4F2020234
:1053C000914201906DD0FFE7069801680120A0226C
:1053D000C4F202029142019063D0FFE7069801688F
:1053E0000120B822C4F202029142019059D0FFE795
:1053F00006980168012040F21042C4F20202914274
:1054000001904ED0FFE706980168012040F2284243
:10541000C4F202029142019043D0FFE7069801686E
:10542000012040F24042C4F202029142019038D081
:10543000FFE706980168012040F25842C4F20202D8
:10544000914201902DD0FFE706980168012040F2BB
:105450007042C4F202029142019022D0FFE7069806
:105460000168012040F28842C4F202029142019098
:1054700017D0FFE706980168012040F2A042C4F26D
:105480000202914201900CD0FFE7069800684FF6A7
:105490004831CBF6FD710844B0FA80F04009019024
:1054A000FFE70198C007A8B1FFE706980068006809
:1054B0000B2161F344000699096808600698006CA6
:1054C00038B1FFE706980168086840F008000860F6
:1054D000FFE714E0069800680068052161F34300C7
:1054E0000699096808600698006C38B1FFE70698CD
:1054F0000168086840F004000860FFE7FFE70698CD
:10550000016801201022C4F202029142009000F0D2
:105510000381FFE70698016801202822C4F20202F5
:105520009142009000F0F880FFE7069801680120A2
:105530004022C4F202029142009000F0ED80FFE7A9
:105540000698016801205822C4F20202914200909C
:1055500000F0E280FFE70698016801207022C4F2A3
:1055600002029142009000F0D780FFE706980168A0
:1055700001208822C4F202029142009000F0CC8007
:10558000FFE7069801680120A022C4F202029142BE
:10559000009000F0C180FFE7069801680120B82262
:1055A000C4F202029142009000F0B680FFE7069834
:1055B0000168012040F21042C4F2020291420090C0
:1055C00000F0AA80FFE706980168012040F2284217
:1055D000C4F202029142009000F09E80FFE706981C
:1055E0000168012040F24042C4F202029142009060
:1055F00000F09280FFE706980168012040F25842CF
:10560000C4F202029142009000F08680FFE7069803
:105610000168012040F27042C4F2020291420090FF
:105620007AD0FFE706980168012040F28842C4F270
:105630000202914200906FD0FFE7069801680120B6
:1056400040F2A042C4F202029142009064D0FFE70F
:1056500006980168012040F2B842C4F20202914269
:10566000009059D0FFE706980168012045F20842F2
:10567000C5F60202914200904ED0FFE706980168FD
:10568000012045F21C42C5F602029142009043D02F
:10569000FFE706980168012045F23042C5F6020294
:1056A0009142009038D0FFE706980168012045F24A
:1056B0004442C5F60202914200902DD0FFE70698C1
:1056C0000168012045F25842C5F60202914200905D
:1056D00022D0FFE706980168012045F26C42C5F62A
:1056E00002029142009017D0FFE70698016801205E
:1056F00045F28042C5F60202914200900CD0FFE7CD
:10570000069800684AF66C31CAF2FD710844B0FA96
:1057100080F040090090FFE70098C007D0B1FFE794
:105720000698006E0068C003002807D5FFE70698BA
:10573000016E086840F480700860FFE70698C06E4C
:1057400038B1FFE70698C16E086840F480700860C1
:10575000FFE7FFE7069800681021C4F202018842C3
:1057600000F08180FFE7069800682821C4F202015A
:10577000884278D0FFE7069800684021C4F2020111
:10578000884270D0FFE7069800685821C4F20201F1
:10579000884268D0FFE7069800687021C4F20201D1
:1057A000884260D0FFE7069800688821C4F20201B1
:1057B000884258D0FFE706980068A021C4F2020191
:1057C000884250D0FFE706980068B821C4F2020171
:1057D000884248D0FFE70698006840F21041C4F2C2
:1057E000020188423FD0FFE70698006840F2284156
:1057F000C4F20201884236D0FFE70698006840F202
:105800004041C4F2020188422DD0FFE706980068AB
:1058100040F25841C4F20201884224D0FFE70698C2
:10582000006840F27041C4F2020188421BD0FFE7D9
:105830000698006840F28841C4F20201884212D002
:10584000FFE70698006840F2A041C4F202018842D6
:1058500009D0FFE70698006840F2B841C4F202019F
:10586000884207D1FFE706980168086840F0010008
:10587000086006E006980168086840F001000860CA
:10588000FFE70DE006994FF400604865FFE70699D1
:10589000002081F83400FFE701208DF80B00FFE7BE
:1058A0009DF80B008DF81F00FFE79DF81F0008B062
:1058B00080BD00000000000080B584B0039001F0BE
:1058C00073FC0290039801900198013048B1FFE702
:1058D00040F22820C2F2004001780198084401906B
:1058E000FFE7FFE701F060FC0299401A0199884246
:1058F00001D2FFE7F6E704B080BD00000000000021
:1059000085B0039002910192039890F898008DF869
:1059100003009DF80300012805D0FFE79DF8030070
:1059200002285DD1FFE7029803990968896D084252
:1059300007D1FFE703980168C86D40F00100C86512
:1059400015E0029803990968896D08400299884218
:1059500007D1FFE703980168C86D40F00200C865F1
:1059600004E0039801680320C865FFE7FFE79DF89E
:1059700009008007002809D5FFE7019A039801680C
:10598000D1F8E0001043C1F8E000FFE79DF80900FE
:105990004007002809D5FFE7019A03980168D1F86C
:1059A000E4001043C1F8E400FFE7FFE702984FF678
:1059B000FF71C3F6CF7100EA010203980168486DD8
:1059C00010434865029A4AF61401C4F200010868BF
:1059D00040EA92700860FFE700208DF813000AE0AB
:1059E0000399D1F89C0040F00200C1F89C0001200E
:1059F0008DF81300FFE79DF8130005B07047000015
:105A000080B586B00490039102920398406808B96B
:105A1000FFE700E0FFE7049890F89800022845D1DE
:105A2000FFE704980068D0F8C00010F07C5F0BD14D
:105A3000FFE70499D1F89C0040F02000C1F89C00D9
:105A400001208DF817003CE004980068D0F8C400ED
:105A5000800200280BD5FFE70499D1F89C0040F4A0
:105A60000070C1F89C0001208DF8170029E004980F
:105A70000068D0F8C400C0F3044001900498039972
:105A8000029A019BFCF77CFD0199012000FA01F1CB
:105A9000049A1268C2F8D010019988400499C1F89C
:105AA0009400FFE700208DF817000AE00499D1F870
:105AB0009C0040F00800C1F89C0001208DF8170000
:105AC000FFE79DF8170006B080BD00000000000051
:105AD00082B00190009102B0704700000000000009
:105AE00087B005900491059890F898008DF8030010
:105AF0009DF80300012805D0FFE79DF80300022868
:105B00006AD1FFE70498C068072801D1FFE7FFE7E3
:105B10000498006878BBFFE70498C068072801D0A4
:105B2000FFE7FFE70498C06807280CD1FFE7049A55
:105B300010699169D269000440EA0220084340F0EC
:105B4000605003900CE004998868CB680A69496941
:105B5000800740EAC36040EA024008430390FFE741
:105B60000598C06E0499496800EB81000190039884
:105B7000019908602CE00498C068072801D0FFE76D
:105B8000FFE70498C168006940EA417003900498F7
:105B9000C068072804D1FFE704988069029006E0F6
:105BA00004988168406940EA81700290FFE7059897
:105BB000006F0499496800EBC100019003980199B6
:105BC0000860019804300190029801990860FFE78D
:105BD00000208DF81B000AE00599D1F89C0040F0E8
:105BE0000200C1F89C0001208DF81B00FFE79DF822
:105BF0001B0007B07047000085B0DDF814C00390AB
:105C0000029101920093039890F89800012812D114
:105C1000FFE702980001019940EA8100009940EAFB
:105C200041000599084303990968C1F880000020E4
:105C30008DF813000AE00399D1F89C0040F00400AD
:105C4000C1F89C0001208DF81300FFE79DF81300B8
:105C500005B070470000000081B0009001B07047AF
:105C600082B00190009102B0704700000000000077
:105C70008AB0089007910692059300200190089839
:105C800090F898008DF803009DF80300022840F07A
:105C90005E81FFE70798402852D1FFE70898006827
:105CA000D0F8A00010F4FE0F0BD1FFE70899D1F84F
:105CB0009C0040F02000C1F89C0001208DF82700D6
:105CC00050E108980068D0F8A400400658B9FFE7F2
:105CD0000899D1F89C0040F48070C1F89C00012024
:105CE0008DF827003EE108980068D0F8A40000F085
:105CF00080710120B0EB116F0ED1FFE708980068AA
:105D0000D0F8A0104FF00040B0EBD17F03D1FFE7F7
:105D100001200190FFE7FFE708980068D0F8A40091
:105D200000F47C51019800EB112001900898426C1E
:105D3000406F0199514300EB81000490FFE771E04F
:105D40000798412852D1FFE708980068D0F8B000C2
:105D500010F4FE0F0BD1FFE70899D1F89C0040F03A
:105D60002000C1F89C0001208DF82700FAE0089877
:105D70000068D0F8B400400658B9FFE70899D1F898
:105D80009C0040F48070C1F89C0001208DF8270031
:105D9000E8E008980068D0F8B40000F080710120B5
:105DA000B0EB116F0ED1FFE708980068D0F8B01083
:105DB0004FF00040B0EBD17F03D1FFE7012001900D
:105DC000FFE7FFE708980068D0F8B40000F47C51C2
:105DD000019800EB112001900898C26C806F019926
:105DE000514300EB81000490FFE71AE007980899FF
:105DF000096D88420BD3FFE70899D1F89C0040F069
:105E00002000C1F89C0001208DF82700AAE0089826
:105E1000426DC06F0799514300EB81000490FFE78A
:105E2000FFE7FFE70498006800F0804006994860AB
:105E30000698406838B9FFE704980068C0F38A40C4
:105E40000699086006E00498006820F06040069912
:105E50000860FFE70498006800F000500699886029
:105E60000498006800F00040069908610498043026
:105E70000490049800880699C8610498006800F4AA
:105E800070200699C8600498006800F48010069994
:105E900048610498006800F400100699886104982D
:105EA0000068C0F306600699086204980068C00F95
:105EB00006994862049804300490049803900020E6
:105EC0000290FFE702980699CA8945F65401C0F688
:105ED0000101895C88420AD2FFE70398029A805C3C
:105EE00005998854FFE7029801300290EAE7079885
:105EF000402806D1FFE7019808990968C1F8A80071
:105F000021E00798412806D1FFE701980899096820
:105F1000C1F8B80016E007981F2808D8FFE70799CE
:105F20000120884008990968C1F8980009E007989D
:105F300000F01F010120884008990968C1F89C0001
:105F4000FFE7FFE7FFE700208DF827000AE0089948
:105F5000D1F89C0040F00800C1F89C0001208DF8A9
:105F60002700FFE79DF827000AB0704700000000F7
:105F700081B0009001B0704780B594B013904AF69C
:105F80001000C4F200000068800712904AF6140066
:105F9000C4F200000168129800EA81701290139810
:105FA0000068006D00F47040119013980068416D16
:105FB00011980840119013980068006D00F00F00D0
:105FC000109013980068416D109808401090139835
:105FD0000068006D00F0F0000F9013980068416DAC
:105FE0000F9808400F9013980068006D00F07150F2
:105FF0000E9013980068416D0E9808400E9013980B
:106000000068006D00F060700D9013980068416D9D
:106010000D9808400D9013980068406D03901398F8
:106020000068006D01909DF80D00C007B8B1FFE752
:106030009DF80500C00788B1FFE7FFE713980168E6
:106040004FF4807008654AF61001C4F20001002088
:106050000860FFE71398FFF78BFFFFE7FFE79DF866
:106060000D0000F004010020B0EB910F28D0FFE7F5
:106070009DF8050000F004010020B0EB910F1ED048
:10608000FFE713980068D0F8DC000B9013980068C5
:10609000D0F8E4100B9808400B90FFE713980168C4
:1060A0004FF4806008654AF61001C4F20001002038
:1060B0000860FFE713980B9900F06EFEFFE7FFE71B
:1060C0001298B8B1FFE7FFE712984FF6FF71C3F6D9
:1060D000CF7108401399096808651298800F4AF635
:1060E0001001C4F200010860FFE713981299FFF74E
:1060F000EFFCFFE71198B8B1FFE7FFE711984FF603
:10610000FF71C3F6CF7108401399096808651198AB
:10611000800F4AF61001C4F200010860FFE71398EF
:10612000119900F049FEFFE71098B8B1FFE7FFE7CB
:1061300010984FF6FF71C3F6CF71084013990968A4
:1061400008651098800F4AF61001C4F2000108603B
:10615000FFE71398109900F0F3FCFFE70F98B8B130
:10616000FFE7FFE70F984FF6FF71C3F6CF710840C6
:106170001399096808650F98800F4AF61001C4F258
:1061800000010860FFE713980F9900F05DFDFFE73D
:106190009DF80D0000F008010020B0EBD10F1BD0DE
:1061A000FFE79DF8050000F008010020B0EBD10FDB
:1061B00011D0FFE7FFE7139801684FF4006008650E
:1061C0004AF61001C4F2000100200860FFE71398AE
:1061D00000F0FAFDFFE7FFE79DF80D0000F0020177
:1061E0000020B0EB510F28D0FFE79DF8050000F02C
:1061F00002010020B0EB510F1ED0FFE7139800689A
:10620000D0F8D8000C9013980068D0F8E0100C98E3
:1062100008400C90FFE7139801684FF40070086580
:106220004AF61001C4F2000100200860FFE713984D
:106230000C9900F0B9FDFFE7FFE79DF80E0000F0B4
:1062400008010020B0EBD10F1BD0FFE79DF806003E
:1062500000F008010020B0EBD10F11D0FFE7FFE7FD
:10626000139801684FF4002008654AF61001C4F243
:10627000000100200860FFE7139800F05DFCFFE7D5
:10628000FFE79DF80E00C007B8B1FFE79DF80600D4
:10629000C00788B1FFE7FFE7139801684FF480302B
:1062A00008654AF61001C4F2000100200860FFE70B
:1062B000139800F06DFDFFE7FFE79DF80E0000F07A
:1062C00004010020B0EB910F1BD0FFE79DF8060002
:1062D00000F004010020B0EB910F11D0FFE7FFE7C1
:1062E000139801684FF4802008654AF61001C4F243
:1062F000000100200860FFE7139800F045FDFFE76C
:10630000FFE79DF80E0000F002010020B0EB510FF6
:106310001FD0FFE79DF8060000F002010020B0EB5F
:10632000510F15D0FFE7FFE7139801684FF40030D5
:1063300008654AF61001C4F2000100200860FFE77A
:106340001399D1F89C0040F08000C1F89C00FFE751
:10635000FFE70D98B8B1FFE7FFE70D984FF6FF7123
:10636000C3F6CF7108401399096808650D98800F2E
:106370004AF61001C4F200010860FFE713980D9976
:10638000FFF76EFCFFE70E98D0B1FFE7FFE70E982E
:106390004FF6FF71C3F6CF7108401399096808657D
:1063A0000E98800F4AF61001C4F200010860FFE762
:1063B0000E9A1399D1F89C001043C1F89C00FFE796
:1063C000139800684AF20001C4F20001884240F0CC
:1063D000B980FFE71398406880688007002800F0C4
:1063E000B080FFE713984068006A00F00F000A9041
:1063F00013984068416A0A9808400A9013984068C8
:10640000006A00F03000099013984068416A0998CA
:106410000840099013984068006A00F4C070089022
:1064200013984068416A089808400890139840689B
:10643000006A00F4FC40079013984068416A07988E
:106440000840079013984068006A00F4F020069016
:1064500013984068416A069808400690139840686F
:10646000406A029013984068006A00900A9848B108
:10647000FFE70A9813994968086213980A9900F08F
:106480006BFCFFE7099848B1FFE709981399496841
:1064900008621398099900F06FFCFFE79DF8080067
:1064A00000F040010020B0EB911F1FD0FFE79DF8E6
:1064B000000000F040010020B0EB911F15D0FFE775
:1064C00013984068C06B000C059013984068C06B2F
:1064D00000F03F0004901398416840200862139830
:1064E0000599049A00F040FCFFE7FFE7089848B1DF
:1064F000FFE708981399496808621398089900F013
:1065000023FCFFE7079860B1FFE7079813994968F4
:106510000862079A1399D1F89C001043C1F89C00B7
:10652000FFE7069860B1FFE706981399496808628B
:10653000069A1399D1F89C001043C1F89C00FFE71C
:10654000FFE7FFE71398D0F89C0020B1FFE713980E
:10655000FFF782FBFFE714B080BD000000000000E1
:1065600080B598B0169045F27471C0F6010101A88B
:106570004C22F9F7F8FE169820B9FFE701208DF8B4
:106580005F00D9E1169800684AF20001C4F20001E8
:10659000884206D1FFE71699086800F580704860C8
:1065A000FFE716988068B0F5407F01D1FFE7FFE76D
:1065B0001698006C08B1FFE7FFE71698806C08B1E9
:1065C000FFE7FFE71698006D08B1FFE7FFE71698B1
:1065D000006E08B1FFE7FFE71699C86D096E084421
:1065E00008B1FFE7FFE7169890F8980040B9FFE779
:1065F0001699002081F89900169800F0A1F9FFE79C
:1066000016980168886920F01000886100F0CCFDC0
:106610001590FFE71698006880690007002817D5D5
:10662000FFE700F0C1FD1599401A0B280FD3FFE7D3
:106630001699D1F89C0040F00100C1F89C00169911
:10664000032081F8980001208DF85F0074E1E1E7F4
:1066500016980168886940F00100886100F0A4FD87
:106660001590FFE7169800688069C007B8B9FFE782
:1066700000F09AFD1599401A0B280FD3FFE71699E1
:10668000D1F89C0040F00100C1F89C00169903204D
:1066900081F8980001208DF85F004DE1E2E716983F
:1066A0000168886940F0020088611698007C012822
:1066B00007D1FFE716980168886920F040008861DB
:1066C00006E016980168886940F040008861FFE79D
:1066D0001698407C012807D1FFE716980168886961
:1066E00040F48040886106E016980168886920F4CB
:1066F00080408861FFE71698807C012807D1FFE77A
:1067000016980168886920F48050886106E0169820
:106710000168886940F480508861FFE71698006836
:10672000806920F44070169A11689268104388615D
:1067300016980168886920F0A4008861169801689D
:10674000086920F0100008611698C068012807D178
:10675000FFE716980168886940F0040088612BE023
:106760001698C06830B3FFE71698C068022819D0A1
:10677000FFE716980168886940F0800088611698E4
:106780000168086940F0100008611698C068032885
:1067900007D1FFE716980168886940F020008861FA
:1067A000FFE706E016980168886940F020008861DC
:1067B000FFE700E0FFE7FFE7169A11685369906969
:1067C000D2F81CE0A0F1010C6FF0FF0000EB0E20EE
:1067D00040EA4C60126A013A10430022CFF6FF7281
:1067E00002EB03421043C86116988068B0F5407F01
:1067F0001CD1FFE7169A1168536A906AD2F82CE010
:1068000001386FF0FF0C0CEB0E2C40EA0C00D2F8B4
:1068100030C06FF00F0202EB0C1210430022CFF6D3
:10682000FF7202EB03421043C860FFE71698006E48
:1068300048B1FFE716980168426ED1F8C0001043D6
:10684000C1F8C000FFE71699C86D096E084480B111
:10685000FFE716980068D0F8C80020F00700169AE5
:106860001168936E01AA52F823201043C1F8C800A2
:10687000FFE71698006C80B1FFE716980068D0F823
:10688000BC0020F00700169A1168536C01AA52F858
:1068900023201043C1F8BC00FFE71698806C88B134
:1068A000FFE716980068D0F8BC0020F07000169A38
:1068B0001168D36C01AA52F8232040EA0210C1F8F3
:1068C000BC00FFE71698006D88B1FFE716980068D6
:1068D000D0F8BC0020F4E060169A1168536D01AA4C
:1068E00052F8232040EA0220C1F8BC00FFE71698C6
:1068F00000684AF20001C4F20001884207D1FFE7B4
:1069000016984168886820F003008860FFE71699B0
:106910000020C1F894001699C1F89C001699012036
:1069200081F898001698FBF7C7FC8DF853009DF886
:1069300053008DF85F00FFE79DF85F0018B080BD41
:1069400080B594B0139000201290119010900F9089
:106950000E90139800684AF20001C4F200018842C8
:1069600045D1FFE740F2FC20C2F20040016801314E
:1069700001600068012810D1FFE7FFE744F2EC4016
:10698000C5F60200016841F480710160006800F4FE
:1069900080700D900D98FFE7FFE7FFE744F2E040BD
:1069A000C5F60200016841F008010160006800F0CE
:1069B00008000C900C98FFE703200E9002200F9027
:1069C00000200690109011900920129040F600408F
:1069D000C5F602000EA900F0FBF9069A13200790F5
:1069E000062100F0CDFC079800F0BEFC9FE0139854
:1069F00000684AF20041C4F20001884245D1FFE735
:106A000040F2FC20C2F200400168013101600068E0
:106A1000012810D1FFE7FFE744F2EC40C5F6020081
:106A2000016841F480710160006800F480700B908F
:106A30000B98FFE7FFE7FFE744F2E040C5F60200EE
:106A4000016841F002010160006800F002000A9054
:106A50000A98FFE760200E9002200F90002004901B
:106A6000109011900920129040F20040C5F60200EB
:106A70000EA900F0ADF9049A14200590052100F04C
:106A80007FFC059800F070FC50E0139800684DF210
:106A90000041C4F20001884247D1FFE740F2FC20E8
:106AA000C2F200400168013101600068012810D184
:106AB000FFE7FFE744F2EC40C5F60200016841F44D
:106AC00080710160006800F4807009900998FFE708
:106AD000FFE7FFE744F2E040C5F60200016841F03D
:106AE00008010160006800F0080008900898FFE7BE
:106AF0004FF440500E9002200F9000200290109012
:106B0000119005200190129040F60040C5F6020059
:106B10000EA900F05DF90199029A9F20039000F000
:106B20002FFC039800F020FCFFE7FFE7FFE714B01D
:106B300080BD00000000000081B0009001B07047EF
:106B400080B586B0059004919DF81000C00700281C
:106B500077D0FFE7059800684AF20001C4F200010F
:106B600088426DD1FFE740F68000C2F200400190FC
:106B700040210091F9F710FC0099019B059840F223
:106B80005842C2F200420292FFF772F8029800687F
:106B90000390112821D0FFE7039812280CD0FFE7BB
:106BA000039840F20121884227D0FFE7039840F282
:106BB0000221884231D041E040F25840C2F2004008
:106BC000C26840F2EC60C2F20040383040F680010A
:106BD000C2F200410CF024F931E040F25840C2F218
:106BE0000040C26840F2EC60C2F2004040F6800112
:106BF000C2F200410CF014F921E040F25840C2F218
:106C00000040C26840F23C00C2F2004040F6800101
:106C1000C2F20041FAF798FB11E040F25840C2F28C
:106C20000040C26840F23C00C2F20040243040F60E
:106C30008001C2F20041FAF787FB00E0FFE7FFE7BF
:106C4000FFE706B080BD000080B586B005900491D6
:106C50009DF81000C00600284AD5FFE70598006897
:106C60004AF20041C4F20001884240D1FFE740F6F9
:106C7000C000C2F2004001904021F9F78DFB019B5A
:106C8000059840F28042C2F2004202924121FEF792
:106C9000EFFF029800680390132804D0FFE70398E1
:106CA000142811D021E040F28040C2F20040C268B6
:106CB00040F2EC60C2F20040703040F6C001C2F217
:106CC00000410CF0ADF811E040F28040C2F200400B
:106CD000C26840F2EC60C2F20040A83040F6C00149
:106CE000C2F200410CF09CF800E0FFE7FFE7FFE78D
:106CF00006B080BD0000000082B00090009890F8BF
:106D00009800012811D1FFE70099022081F898002E
:106D100000980168886920F00100886100990020CE
:106D2000C1F89C008DF807000AE00099D1F89C009A
:106D300040F00400C1F89C0001208DF80700FFE737
:106D40009DF8070002B0704782B00190009102B038
:106D5000704700000000000082B00190009102B076
:106D6000704700000000000083B002900191009283
:106D700003B070470000000082B00190009102B0A3
:106D8000704700000000000081B0009001B0704723
:106D900081B0009001B0704782B00190009102B0C4
:106DA000704700000000000082B00190009102B026
:106DB000704700000000000082B00190009102B016
:106DC000704700000000000081B0009001B07047E3
:106DD0008FB00E900D9100200C908020C5F6000021
:106DE0000990FFE70D9800680C99C840002800F052
:106DF000C181FFE70D9800680C9A0121914008407D
:106E00000B900B98002800F0B181FFE70D984068C7
:106E100000F00300012807D0FFE70D98406800F05C
:106E2000030002282FD1FFE70E9880680A900C9883
:106E30004100032000FA01F10A9888430A900D9856
:106E4000C0680C99490000FA01F10A9808430A90B9
:106E50000A980E9988600E9840680A900C99012053
:106E600000FA01F10A9888430A900D984068C0F32F
:106E700000100C9900FA01F10A9808430A900A9848
:106E80000E994860FFE70D98406800F00300032862
:106E900018D0FFE70E98C0680A900C9841000320B4
:106EA00000FA01F10A9888430A900D9880680C99BD
:106EB000490000FA01F10A9808430A900A980E99CD
:106EC000C860FFE70D98406800F00300022826D153
:106ED000FFE70E980C996FF0030202EA5101084493
:106EE000006A0A900C9800F0070081000F2000FA59
:106EF00001F10A9888430A900D9800690C9901F0F5
:106F00000701890000FA01F10A9808430A900A98DB
:106F10000E990C9B02EA530211440862FFE70E9897
:106F200000680A900C984100032000FA01F10A98C9
:106F300088430A900D98406800F003000C994900BE
:106F400000FA01F10A9808430A900A980E9908601D
:106F50000D9880798007002800F00781FFE7FFE7A0
:106F600044F2F440C5F60200016841F002010160FC
:106F7000006800F0020008900898FFE70C9820F0E5
:106F8000030040F20841C5F6000140580A900C98F1
:106F900000F0030081000F2000FA01F10A988843F5
:106FA0000A900E980021C5F60201884203D1FFE73E
:106FB000002007906CE00E9840F20041C5F60201F7
:106FC000884203D1FFE7012006905EE00E9840F66C
:106FD0000001C5F60201884203D1FFE702200590B7
:106FE00050E00E9840F60041C5F60201884203D1F8
:106FF000FFE70320049042E00E9841F20001C5F63D
:107000000201884203D1FFE70420039034E00E9888
:1070100041F20041C5F60201884203D1FFE7052095
:10702000029026E00E9841F60001C5F60201884262
:1070300003D1FFE70620019018E00E9841F60041C9
:10704000C5F60201884203D1FFE7072000900AE05D
:107050000E9942F20042C5F602020A20914208BF90
:1070600009200090FFE700980190FFE70198029047
:10707000FFE702980390FFE703980490FFE7049866
:107080000590FFE705980690FFE706980790FFE751
:1070900007980C9901F00301890000FA01F10A98A0
:1070A00008430A900A980C9921F0030140F2084223
:1070B000C5F6000288504FF0B04000680A900B9966
:1070C0000A9888430A900D988079C006002805D553
:1070D000FFE70B990A9808430A90FFE70A984FF0D8
:1070E000B04108600420C5F6000000680A900B99C2
:1070F0000A9888430A900D9880798006002805D563
:10710000FFE70B990A9808430A90FFE70A980421C1
:10711000C5F600010860099840680A900B990A9822
:1071200088430A900D9880798007002805D5FFE7ED
:107130000B990A9808430A90FFE70A980999486052
:10714000099800680A900B990A9888430A900D984C
:107150008079C00728B1FFE70B990A9808430A9085
:10716000FFE70A9809990860FFE7FFE70C980130EC
:107170000C9037E60FB0704782B00190ADF8021066
:107180008DF801209DF8010028B1FFE7BDF802004D
:107190000199886105E0BDF8020000040199886149
:1071A000FFE702B07047000048F6DC20C2F2004062
:1071B000006870470000000040F22820C2F2004042
:1071C000027848F6DC21C2F20041086810440860E9
:1071D000704700000000000080B582B0032000F07E
:1071E000E7F801F0C9FE44F21842C5F60202116840
:1071F000C1F3032345F64401C0F60101CB5C03F063
:107200001F03D84000900098126802F00F02895CBA
:1072100001F01F01C84040F2CC11C2F200410860E9
:10722000009840F2C811C2F2004108600F2000F03F
:1072300013F820B1FFE701208DF8070005E000F00A
:1072400077F800208DF80700FFE79DF8070002B0EF
:1072500080BD00000000000080B590B00E900E9838
:107260000F2810D8FFE70E991C200090002200F094
:1072700087F8009800F078F80E9840F22C21C2F2BE
:107280000041086003E001208DF83F004CE0FFE77B
:1072900044F2E840C5F60200016841F001010160D6
:1072A000006800F0010001900198FFE706A802A91C
:1072B00001F0CAFD0B980490049820B9FFE701F093
:1072C00033FE059004E001F02FFE40000590FFE73B
:1072D00005984DF68361C4F21B31A0FB01014FF00C
:1072E000FF3000EB9140039040F64850C2F200405E
:1072F0004FF08041016040F2E731C1600399416085
:1073000000210161816003F0F7FB48B9FFE740F617
:107310004850C2F2004003F06BFC8DF83F0003E0E0
:1073200001208DF83F00FFE79DF83F0010B080BDC1
:1073300080B582B0FFE744F2F440C5F60200016870
:1073400041F002010160006800F002000190019824
:10735000FFE76FF001000F21002200F011F802B0EA
:1073600080BD00000000000080B582B0ADF80600CE
:10737000BDF906000AF064FB02B080BD0000000009
:1073800080B586B0ADF81600049103920AF070FB48
:107390000290BDF91600019002980499039A06F034
:1073A000F3FB014601980AF06BFB06B080BD0000BC
:1073B00080B582B0019001980AF086FB02B080BDD2
:1073C00080B584B0029044F60C00C5F60200006857
:1073D00000F004010020B0EB910F13D1FFE744F659
:1073E0000C00C5F60200006800F007000299884210
:1073F00004D0FFE701208DF80F002EE000208DF86B
:107400000F002AE044F60C01C5F60201086820F0DE
:107410000700029A10430860FFF7C6FE0190FFE7DD
:1074200044F60400C5F60200006800F40051002094
:10743000B0EB513F0DD1FFE7FFF7B6FE0199401ABF
:10744000B0F57A7F04D9FFE701208DF80F0004E042
:10745000E6E700208DF80F00FFE79DF80F0004B06D
:1074600080BD00000000000080B501F031FD44F255
:107470002041C5F602010968C1F3021245F6440134
:10748000C0F60101895C01F01F01C84080BD000009
:1074900088B0079044F22840C5F60200016801F068
:1074A000030106910068C0F30530059044F22C40BA
:1074B000C5F602000068C0F300100490049844F27E
:1074C0003C41C5F60201096889B2C908484300EE8B
:1074D000100AB8EE400A8DED020A0598002800F067
:1074E0001181FFE70698009048B1FFE70098012856
:1074F00065D0FFE70098022800F08380A3E044F203
:107500000040C5F60200006800F020010020B0EB4A
:10751000511F31D0FFE744F20040C5F60200006879
:10752000C0F3C10149F20000C0F2D030C84003905E
:107530009DED030AB8EE400A9DED051AB8EE411A1A
:1075400080EE010A44F23840C5F6020000686FF38D
:107550005F2001EE100AB8EE411A9DED022A9FED60
:107560006F3A02EE031AB7EE002A31EE021A20EE4D
:10757000010A8DED010A21E09DED050AB8EE401AE1
:107580009FED680A80EE010A44F23840C5F6020019
:1075900000686FF35F2001EE100AB8EE411A9DED0E
:1075A000022A9FED5E3A02EE031AB7EE002A31EE90
:1075B000021A20EE010A8DED010AFFE765E09DED5C
:1075C000050AB8EE401A9FED560A80EE010A44F211
:1075D0003840C5F6020000686FF35F2001EE100A24
:1075E000B8EE411A9DED022A9FED4C3A02EE031AC5
:1075F000B7EE002A31EE021A20EE010A8DED010AE3
:1076000043E09DED050AB8EE401A9FED430A80EE77
:10761000010A44F23840C5F6020000686FF35F20AB
:1076200001EE100AB8EE411A9DED022A9FED3B3A99
:1076300002EE031AB7EE002A31EE021A20EE010A1A
:107640008DED010A21E09DED050AB8EE401A9FED8F
:10765000340A80EE010A44F23840C5F602000068A0
:107660006FF35F2001EE100AB8EE411A9DED022A79
:107670009FED2A3A02EE031AB7EE002A31EE021A03
:1076800020EE010A8DED010AFFE79DED010A44F2AB
:107690003840C5F60200016889B2490A01EE101AA5
:1076A000B8EE411AB7EE002A31EE021A80EE010A56
:1076B0000799BCEEC00A81ED000A9DED010A016840
:1076C000C1F3064101EE101AB8EE411A31EE021A6A
:1076D00080EE010A0799BCEEC00A81ED010A9DED1A
:1076E000010A0068C0F3066001EE100AB8EE411A04
:1076F00031EE021A80EE010A0798BCEEC00A80ED56
:10770000020A07E007990020086007994860079976
:107710008860FFE708B07047001BB74B00000039D6
:107720000024744A0024744C88B0079044F2284026
:10773000C5F60200016801F0030106910068C0F37C
:107740000550059044F22C40C5F602000068C0F3D5
:1077500000200490049844F24441C5F602010968EF
:1077600089B2C908484300EE100AB8EE400A8DED10
:10777000020A0598002800F01181FFE706980090A2
:1077800048B1FFE70098012865D0FFE7009802287C
:1077900000F08380A3E044F20040C5F602000068D8
:1077A00000F020010020B0EB511F31D0FFE744F280
:1077B0000040C5F602000068C0F3C10149F20000B4
:1077C000C0F2D030C84003909DED030AB8EE400AE5
:1077D0009DED051AB8EE411A80EE010A44F24040D0
:1077E000C5F6020000686FF35F2001EE100AB8EEE4
:1077F000411A9DED022A9FED6F3A02EE031AB7EE91
:10780000002A31EE021A20EE010A8DED010A21E074
:107810009DED050AB8EE401A9FED680A80EE010A58
:1078200044F24040C5F6020000686FF35F2001EEAD
:10783000100AB8EE411A9DED022A9FED5E3A02EE63
:10784000031AB7EE002A31EE021A20EE010A8DED7E
:10785000010AFFE765E09DED050AB8EE401A9FEDCD
:10786000560A80EE010A44F24040C5F60200006864
:107870006FF35F2001EE100AB8EE411A9DED022A67
:107880009FED4C3A02EE031AB7EE002A31EE021ACF
:1078900020EE010A8DED010A43E09DED050AB8EEE8
:1078A000401A9FED430A80EE010A44F24040C5F6BB
:1078B000020000686FF35F2001EE100AB8EE411A73
:1078C0009DED022A9FED3B3A02EE031AB7EE002A25
:1078D00031EE021A20EE010A8DED010A21E09DED44
:1078E000050AB8EE401A9FED340A80EE010A44F210
:1078F0004040C5F6020000686FF35F2001EE100AF9
:10790000B8EE411A9DED022A9FED2A3A02EE031AC3
:10791000B7EE002A31EE021A20EE010A8DED010ABF
:10792000FFE79DED010A44F24040C5F60200016800
:1079300089B2490A01EE101AB8EE411AB7EE002AD0
:1079400031EE021A80EE010A0799BCEEC00A81ED01
:10795000000A9DED010A0168C1F3064101EE101A0B
:10796000B8EE411A31EE021A80EE010A0799BCEE18
:10797000C00A81ED010A9DED010A0068C0F30660AE
:1079800001EE100AB8EE411A31EE021A80EE010A39
:107990000798BCEEC00A80ED020A07E007990020B4
:1079A00008600799486007998860FFE708B070474A
:1079B000001BB74B000000390024744A0024744CAB
:1079C00080B59AB0189000208DF857008DF85600B9
:1079D0001898C0780007002848D5FFE71898406E2F
:1079E000149078B1FFE71498B0F5801F13D0FFE72B
:1079F0001498B0F5001F16D0FFE71498B0F5401F9B
:107A000019D019E044F22C41C5F60201086840F48F
:107A10000030086014E018980830022106F0A0FC3D
:107A20008DF857000CE018982830022106F080FDF0
:107A30008DF8570004E003E001208DF85700FFE7C0
:107A40009DF8570060B9FFE744F25041C5F60201C6
:107A5000086820F44010189A526E1043086004E041
:107A60009DF857008DF85600FFE7FFE7189840781B
:107A7000C007002840D0FFE71898806D13900428B5
:107A800020D81399DFE801F0030C141C1D0044F208
:107A90002C41C5F60201086840F40030086015E08A
:107AA00018980830002106F05BFC8DF857000DE0B7
:107AB00018982830002106F03BFD8DF8570005E0AE
:107AC00004E003E001208DF85700FFE79DF8570020
:107AD00060B9FFE744F25041C5F60201086820F0A2
:107AE0000700189A926D1043086004E09DF8570053
:107AF0008DF85600FFE7FFE7189840784007002808
:107B000056D5FFE71898D0F8A4001290C8B1FFE747
:107B10001298B0F5001F1DD0FFE71298B0F5800F46
:107B200020D0FFE71298B0F5C00F23D0FFE71298DE
:107B3000B0F5000F1FD0FFE71298B0F5200F1BD053
:107B40001BE044F22C41C5F60201086840F4003005
:107B5000086016E018980830002106F001FC8DF846
:107B600057000EE018982830002106F0E1FC8DF84F
:107B7000570006E005E004E003E001208DF857001F
:107B8000FFE79DF8570068B9FFE744F25841C5F692
:107B90000201086820F46000189AD2F8A42010436B
:107BA000086004E09DF857008DF85600FFE7FFE7F6
:107BB000189840780007002856D5FFE71898D0F8A5
:107BC000A8001190C8B1FFE71198B0F1807F1DD0D7
:107BD000FFE71198B0F1007F20D0FFE71198B0F1D6
:107BE000407F23D0FFE71198B0F1806F1FD0FFE7EF
:107BF0001198B0F1A06F1BD01BE044F22C41C5F6E8
:107C00000201086840F40030086016E01898083057
:107C1000002106F0A5FB8DF857000EE018982830DB
:107C2000002106F085FC8DF8570006E005E004E031
:107C300003E001208DF85700FFE79DF8570068B971
:107C4000FFE744F25841C5F60201086820F0E06001
:107C5000189AD2F8A8201043086004E09DF8570055
:107C60008DF85600FFE7FFE71898C07880070028D6
:107C70003ED5FFE71898C06C1090F0B1FFE7109860
:107C8000102808D0FFE7109820280DD0FFE71098A3
:107C9000302811D012E044F22C41C5F602010868E8
:107CA00040F4003008600DE018980830022106F01A
:107CB00057FB8DF8570005E004E003E001208DF844
:107CC0005700FFE79DF8570060B9FFE744F24C41C9
:107CD000C5F60201086820F03000189AD26C1043F3
:107CE000086004E09DF857008DF85600FFE7FFE7B5
:107CF00018984078C00600284ED5FFE71898C06D48
:107D00000F90A0B1FFE70F98B0F5805F18D0FFE7A4
:107D10000F98B0F5005F1BD0FFE70F98B0F5405FFC
:107D20001ED0FFE70F98B0F5804F1AD01AE044F24A
:107D30002C41C5F60201086840F40030086015E0E7
:107D400018980830002106F00BFB8DF857000DE065
:107D500018982830002106F0EBFB8DF8570005E05D
:107D600004E003E001208DF85700FFE79DF857007D
:107D700060B9FFE744F25041C5F60201086820F4FB
:107D8000E040189AD26D1043086004E09DF8570057
:107D90008DF85600FFE7FFE7189840788006002826
:107DA0004CD5FFE71898006E0E90C8B1FFE70E980B
:107DB000B0F5803F15D0FFE70E98B0F5003F18D022
:107DC000FFE70E98B0F5403F1BD0FFE70E98B0F5E7
:107DD000802F17D0FFE70E98B0F5A02F13D013E037
:107DE00016E018980830012106F0BAFA8DF857000D
:107DF0000EE018982830012106F09AFB8DF8570004
:107E000006E005E004E003E001208DF85700FFE7FD
:107E10009DF8570060B9FFE744F25041C5F60201F2
:107E2000086820F4E020189A126E1043086004E0FD
:107E30009DF857008DF85600FFE7FFE71898407847
:107E4000400600284ED5FFE71898D0F8AC000D90FA
:107E5000C8B1FFE70D98B0F1805F15D0FFE70D982E
:107E6000B0F1005F18D0FFE70D98B0F1405F1BD074
:107E7000FFE70D98B0F1804F17D0FFE70D98B0F1F4
:107E8000A04F13D013E016E018980830012106F037
:107E900067FA8DF857000EE018982830012106F097
:107EA00047FB8DF8570006E005E004E003E0012001
:107EB0008DF85700FFE79DF8570068B9FFE744F2D7
:107EC0005841C5F60201086820F0E040189AD2F83F
:107ED000AC201043086004E09DF857008DF8560070
:107EE000FFE7FFE718984078000600283BD5FFE73A
:107EF0001898C06E0C90D8B1FFE70C98B0F1805F75
:107F000005D0FFE70C98B0F1005F09D011E044F212
:107F10002C41C5F60201086840F4003008600CE00E
:107F200018980830012106F01BFA8DF8570004E07C
:107F300003E001208DF85700FFE79DF8570060B976
:107F4000FFE744F25041C5F60201086820F04050B6
:107F5000189AD26E1043086004E09DF857008DF81F
:107F60005600FFE7FFE71898C078C007002837D011
:107F7000FFE71898806C0B90032817D80B99DFE85F
:107F800001F014020B1344F22C41C5F602010868FB
:107F900040F4003008600DE018980830022106F027
:107FA000DFF98DF8570005E004E003E001208DF8CB
:107FB0005700FFE79DF8570060B9FFE744F24C41D6
:107FC000C5F60201086820F00300189A926C10436D
:107FD000086004E09DF857008DF85600FFE7FFE7C2
:107FE000189880784006002840F1B480FFE744F6F6
:107FF0000001C5F60201086840F480700860FFF7D0
:10800000D3F81690FFE744F60000C5F602000068BA
:10801000C00500280CD4FFE7FFF7C6F81699401AF0
:10802000652804D3FFE703208DF8570000E0EAE756
:108030009DF85700002840F08780FFE744F2704029
:10804000C5F60200006800F440701899D1F8B0102D
:1080500001F44071884213D0FFE744F27041C5F645
:108060000201086820F440701790086840F48030DE
:108070000860086820F48030086017980860FFE7FF
:108080001898D0F8B000B0F5807F1FD1FFE7FFF758
:108090008BF81690FFE744F27040C5F602000068C6
:1080A00000F002010020B0EB510F0ED1FFE7FFF707
:1080B0007BF81699401A41F28931884204D3FFE7D0
:1080C00003208DF8570000E0E5E7FFE79DF8570033
:1080D000A0BBFFE7FFE71898D0F8B00000F44070AD
:1080E000B0F5407F13D1FFE744F21041C5F602011D
:1080F000086820F47C50189AD2F8B0204FF6F0436C
:10810000C0F6FF731A4040EA1210086008E044F21B
:108110001041C5F60201086820F47C500860FFE7B2
:108120001898D0F8B0206FF31F3244F27041C5F6B2
:108130000201086810430860FFE704E09DF857005B
:108140008DF85600FFE704E09DF857008DF85600C3
:10815000FFE7FFE718980068C007002800F04C8090
:10816000FFE71898806F0A9028282BD80A99DFE833
:1081700001F01529292929292929162929292929F7
:1081800029291E292929292929292629292929296D
:1081900029292729292929292929280016E0189879
:1081A0000830012106F0DCF88DF857000EE0189831
:1081B0002830012106F0BCF98DF8570006E005E0F3
:1081C00004E003E001208DF85700FFE79DF8570019
:1081D00060B9FFE744F25441C5F60201086820F097
:1081E0003800189A926F1043086004E09DF8570019
:1081F0008DF85600FFE7FFE7189800788007002801
:1082000039D5FFE71898406F0990052819D80999C2
:10821000DFE801F003040C14151616E01898083076
:10822000012106F09DF88DF857000EE018982830CF
:10823000012106F07DF98DF8570006E005E004E025
:1082400003E001208DF85700FFE79DF8570060B963
:10825000FFE744F25441C5F60201086820F0070028
:10826000189A526F1043086004E09DF857008DF88B
:108270005600FFE7FFE718980078400700283BD535
:10828000FFE71898D0F890000890052819D80899A9
:10829000DFE801F003040C14151616E018980830F6
:1082A000012106F05DF88DF857000EE0189828308F
:1082B000012106F03DF98DF8570006E005E004E0E5
:1082C00003E001208DF85700FFE79DF8570068B9DB
:1082D000FFE744F25841C5F60201086820F00700A4
:1082E000189AD2F890201043086004E09DF85700D7
:1082F0008DF85600FFE7FFE7189800788006002801
:108300004ED5FFE71898D0F88C000790C8B1FFE76A
:108310000798B0F1805F15D0FFE70798B0F1005FD4
:1083200018D0FFE70798B0F1405F1BD0FFE7079830
:10833000B0F1804F17D0FFE70798B0F1A04F13D0EE
:1083400013E016E018980830002106F009F88DF8BF
:1083500057000EE018982830022106F0E9F88DF851
:10836000570006E005E004E003E001208DF8570027
:10837000FFE79DF8570068B9FFE744F25441C5F69E
:108380000201086820F0E040189AD2F88C201043CF
:10839000086004E09DF857008DF85600FFE7FFE7FE
:1083A00018980078400600284ED5FFE71898D0F8B6
:1083B00098000690C8B1FFE70698B0F5806F15D019
:1083C000FFE70698B0F5006F18D0FFE70698B0F504
:1083D000406F1BD0FFE70698B0F5805F17D0FFE72E
:1083E0000698B0F5A05F13D013E016E01898083097
:1083F000002105F0B5FF8DF857000EE018982830E1
:10840000022106F095F88DF8570006E005E004E03B
:1084100003E001208DF85700FFE79DF8570068B989
:10842000FFE744F25841C5F60201086820F4E05025
:10843000189AD2F898201043086004E09DF857007D
:108440008DF85600FFE7FFE718980078000600282F
:108450004ED5FFE71898D0F89C000590C8B1FFE70B
:108460000598B0F5005F15D0FFE70598B0F5804F8F
:1084700018D0FFE70598B0F5C04F1BD0FFE705986F
:10848000B0F5004F17D0FFE70598B0F5204F13D097
:1084900013E016E018980830002105F061FF8DF810
:1084A00057000EE018982830022106F041F88DF8A8
:1084B000570006E005E004E003E001208DF85700D6
:1084C000FFE79DF8570068B9FFE744F25841C5F649
:1084D0000201086820F46040189AD2F89C201043EA
:1084E000086004E09DF857008DF85600FFE7FFE7AD
:1084F000189800780007002820D5FFE71898D0F8D2
:108500008000B0F5805F0CD1FFE718982830022179
:1085100006F00EF820B1FFE701208DF85600FFE7C6
:10852000FFE744F25441C5F60201086820F44050C8
:10853000189AD2F8802010430860FFE71898007856
:10854000C006002820D5FFE71898D0F89400B0F5B1
:10855000807F0CD1FFE718982830022105F0E8FF52
:1085600020B1FFE701208DF85600FFE7FFE744F256
:108570005841C5F60201086820F44070189AD2F8F4
:10858000942010430860FFE71898807800070028BF
:108590003CD5FFE71898D0F8A000049050B1FFE751
:1085A0000498B0F5803F0DD0FFE70498B0F5003F88
:1085B00010D010E018980830002105F0D1FE8DF899
:1085C00057000CE018982830022105F0B1FF8DF813
:1085D000570004E003E001208DF85700FFE79DF805
:1085E000570068B9FFE744F25841C5F60201086830
:1085F00020F44030189AD2F8A0201043086004E01C
:108600009DF857008DF85600FFE7FFE7189880782F
:10861000400700283FD5FFE71898D0F88400039062
:10862000B0F5801F0AD0FFE70398B0F5001F0ED009
:10863000FFE70398B0F5401F11D011E044F22C4140
:10864000C5F60201086840F4003008600CE0189894
:108650002830012105F06CFF8DF8570004E003E09D
:1086600001208DF85700FFE79DF8570068B9FFE734
:1086700044F25441C5F60201086820F44010189AEB
:10868000D2F884201043086004E09DF857008DF86C
:108690005600FFE7FFE718988078C007A8B3FFE708
:1086A0001898006D029028B1FFE70298B0F5803F5E
:1086B00009D010E044F22C41C5F60201086840F4EC
:1086C000003008600BE018980830022105F048FEE1
:1086D0008DF8570003E001208DF85700FFE79DF863
:1086E000570060B9FFE744F24C41C5F60201086843
:1086F00020F48030189A126D1043086004E09DF851
:1087000057008DF85600FFE7FFE71898C0788006FD
:1087100000280CD5FFE718982830022105F008FF43
:1087200020B1FFE701208DF85600FFE7FFE718981A
:108730008078800700283AD5FFE71898C06F01902D
:10874000D0B1FFE70198B0F5807F0AD0FFE701982C
:10875000B0F5007F0ED0FFE70198B0F5407F0AD05A
:108760000BE044F22C41C5F60201086840F40030E9
:10877000086006E005E004E003E001208DF8570002
:10878000FFE79DF8570060B9FFE744F25441C5F692
:108790000201086820F44070189AD26F10430860F4
:1087A00004E09DF857008DF85600FFE7FFE71898A2
:1087B0008078C00600280CD5FFE744F25041C5F68A
:1087C0000201086820F00040189A126F10430860F8
:1087D000FFE718988078800600280CD5FFE744F260
:1087E0005041C5F60201086820F08070189A926E18
:1087F00010430860FFE71898C0784006002811D59C
:10880000FFE7FFE744F21041C5F60201086820F4D3
:10881000004008601898D0F8B42008681043086039
:10882000FFE7FFE71898C078000600280CD5FFE79F
:1088300044F24C41C5F60201086820F04050189AF5
:10884000526D10430860FFE71898807800060028F2
:108850000DD5FFE744F25441C5F60201086820F443
:108860004000189AD2F8882010430860FFE7189853
:108870000079C00790B1FFE718980830002105F093
:108880006FFD8DF857009DF8570008B9FFE704E029
:108890009DF857008DF85600FFE7FFE7189800791C
:1088A0008007002812D5FFE718980830012105F04D
:1088B00057FD8DF857009DF8570008B9FFE704E011
:1088C0009DF857008DF85600FFE7FFE718980079EC
:1088D0004007002812D5FFE718980830022105F05C
:1088E0003FFD8DF857009DF8570008B9FFE704E0F9
:1088F0009DF857008DF85600FFE7FFE718980079BC
:108900000007002812D5FFE718982830002105F04D
:108910000FFE8DF857009DF8570008B9FFE704E0F7
:108920009DF857008DF85600FFE7FFE7189800798B
:10893000C006002812D5FFE718982830012105F05D
:10894000F7FD8DF857009DF8570008B9FFE704E0E0
:108950009DF857008DF85600FFE7FFE7189800795B
:108960008006002812D5FFE718982830022105F06C
:10897000DFFD8DF857009DF8570008B9FFE704E0C8
:108980009DF857008DF85600FFE7FFE79DF8560069
:1089900020B9FFE700208DF8670003E001208DF883
:1089A0006700FFE79DF867001AB080BD0000000077
:1089B00080B586B004900391049820B9FFE70120A8
:1089C0008DF817003CE2039842F20001C5F2002145
:1089D000096801F00F01884216D9FFE742F2000052
:1089E000C5F20020016821F00F01039A11430160D4
:1089F000006800F00F000399884204D0FFE70120CF
:108A00008DF817001CE2FFE7049800784007002863
:108A100019D5FFE70498006944F21841C5F6020130
:108A2000096801F0700188420CD9FFE744F218414F
:108A3000C5F60201086820F07000049A126910431C
:108A40000860FFE7FFE7049800780007002819D5C1
:108A5000FFE70498406944F21C41C5F60201096829
:108A600001F0700188420CD9FFE744F21C41C5F6C1
:108A70000201086820F07000049A526910430860EF
:108A8000FFE7FFE704980078C006002819D5FFE744
:108A90000498806944F21C41C5F60201096801F49A
:108AA000E06188420CD9FFE744F21C41C5F602019F
:108AB000086820F4E060049A926910430860FFE7B8
:108AC000FFE7049800788006002819D5FFE704988E
:108AD000C06944F22041C5F60201096801F0700145
:108AE00088420CD9FFE744F22041C5F6020108682C
:108AF00020F07000049AD26910430860FFE7FFE796
:108B0000049800788007002819D5FFE70498C0680A
:108B100044F21841C5F60201096801F00F018842CC
:108B20000CD9FFE744F21841C5F60201086820F0AD
:108B30000F00049AD26810430860FFE7FFE704982B
:108B40000078C007002800F08C80FFE744F218414D
:108B5000C5F60201086820F47060049A9268104318
:108B6000086004984068022811D1FFE744F20040F1
:108B7000C5F60200006800F400310020B0EB514F50
:108B800004D1FFE701208DF8170059E13EE0049879
:108B90004068032811D1FFE744F20040C5F6020007
:108BA000006800F000710020B0EB516F04D1FFE7C6
:108BB00001208DF8170043E127E004984068012860
:108BC00011D1FFE744F20040C5F60200006800F44E
:108BD00080710020B0EB112F04D1FFE701208DF848
:108BE00017002DE110E044F20040C5F602000068D5
:108BF00000F004010020B0EB910F04D1FFE7012049
:108C00008DF817001CE1FFE7FFE7FFE744F2104192
:108C1000C5F60201086820F00700049A5268104364
:108C20000860FEF7C1FA0190FFE744F21040C5F674
:108C30000200006800F0380004994968B0EBC10FE9
:108C40000ED0FFE7FEF7B0FA0199401A41F28931E0
:108C5000884204D3FFE703208DF81700F0E0E4E733
:108C6000FFE7049800788007002819D5FFE70498EB
:108C7000C06844F21841C5F60201096801F00F010D
:108C800088420CD2FFE744F21841C5F60201086899
:108C900020F00F00049AD26810430860FFE7FFE756
:108CA000039842F20001C5F20021096801F00F01AA
:108CB000884216D2FFE742F20000C5F200200168A8
:108CC00021F00F01039A11430160006800F00F00CA
:108CD0000399884204D0FFE701208DF81700AFE028
:108CE000FFE7049800784007002819D5FFE70498AB
:108CF000006944F21841C5F60201096801F07001EB
:108D000088420CD2FFE744F21841C5F60201086818
:108D100020F07000049A126910430860FFE7FFE733
:108D2000049800780007002819D5FFE704984069E7
:108D300044F21C41C5F60201096801F07001884245
:108D40000CD2FFE744F21C41C5F60201086820F08E
:108D50007000049A526910430860FFE7FFE7049827
:108D60000078C006002819D5FFE70498806944F20E
:108D70001C41C5F60201096801F4E06188420CD289
:108D8000FFE744F21C41C5F60201086820F4E060E8
:108D9000049A926910430860FFE7FFE7049800789F
:108DA0008006002819D5FFE70498C06944F22041E5
:108DB000C5F60201096801F0700188420CD2FFE794
:108DC00044F22041C5F60201086820F07000049AC0
:108DD000D26910430860FFE7FFE700F0CDF844F2E6
:108DE0001842C5F602021168C1F3032345F6440197
:108DF000C0F60101CB5C03F01F03D840009000983F
:108E0000126802F00F02895C01F01F01C84040F2B5
:108E1000CC11C2F200410860009840F2C811C2F2C1
:108E20000041086040F22C20C2F200400068FEF7CA
:108E300013FA8DF80B009DF80B008DF81700FFE773
:108E40009DF8170006B080BD82B001900091019995
:108E50003F20086044F21040C5F60200006800F0B0
:108E600007000199486044F21840C5F60200016805
:108E700001F47061019A9160016801F00F01019A9B
:108E8000D160006800F070000199086144F21C4054
:108E9000C5F60200016801F07001019A5161006895
:108EA00000F4E0600199886144F22040C5F60200B8
:108EB000006800F070000199C86142F20000C5F23C
:108EC0000020006800F00F000099086002B07047B1
:108ED00080B582B000F050F844F21842C5F60202A4
:108EE0001168C1F3032345F64401C0F60101CB5CD0
:108EF00003F01F03D84001900198126802F00F029E
:108F0000895C01F01F0120FA01F140F2CC10C2F29D
:108F100000400160019940F2C812C2F200421160A3
:108F2000006802B080BD000080B5FFF7D1FF44F2B9
:108F30001C41C5F602010968C1F3021245F644015D
:108F4000C0F60101895C01F01F01C84080BD00002E
:108F500080B5FFF7BDFF44F21C41C5F60201096868
:108F6000C1F3022245F64401C0F60101895C01F01B
:108F70001F01C84080BD00008AB044F21040C5F611
:108F80000200006800F0380001460191182800F244
:108F90005F810199DFE811F019005C015C015C015F
:108FA0005C015C015C015C013A005C015C015C01FC
:108FB0005C015C015C015C0140005C015C015C01E6
:108FC0005C015C015C015C01460044F20040C5F6B6
:108FD0000200006800F020010020B0EB511F0ED00D
:108FE000FFE744F20040C5F602000068C0F3C1018B
:108FF00049F20000C0F2D030C840029005E049F2CA
:109000000000C0F2D0300290FFE727E140F60010E8
:10901000C0F23D00029021E143F20060C0F26E1008
:1090200002901BE144F22840C5F60200016801F0FD
:10903000030108910068C0F30510079044F22C402A
:10904000C5F60200006800F001000690069844F2A0
:109050003441C5F60201096889B2C908484300EEE7
:10906000100AB8EE400A8DED040A0798002800F0B7
:10907000EB80FFE70898009048B1FFE700980128CF
:1090800065D0FFE70098022800F08380A3E044F257
:109090000040C5F60200006800F020010020B0EB9F
:1090A000511F31D0FFE744F20040C5F602000068CE
:1090B000C0F3C10149F20000C0F2D030C8400590B1
:1090C0009DED050AB8EE400A9DED071AB8EE411A6B
:1090D00080EE010A44F23040C5F6020000686FF3EA
:1090E0005F2001EE100AB8EE411A9DED042A9FEDB3
:1090F0005E3A02EE031AB7EE002A31EE021A20EEB3
:10910000010A8DED030A21E09DED070AB8EE401A31
:109110009FED570A80EE010A44F23040C5F6020086
:1091200000686FF35F2001EE100AB8EE411A9DED62
:10913000042A9FED4D3A02EE031AB7EE002A31EEF3
:10914000021A20EE010A8DED030AFFE765E09DEDAE
:10915000070AB8EE401A9FED450A80EE010A44F274
:109160003040C5F6020000686FF35F2001EE100A80
:10917000B8EE411A9DED042A9FED3B3A02EE031A28
:10918000B7EE002A31EE021A20EE010A8DED030A35
:1091900043E09DED070AB8EE401A9FED320A80EEDB
:1091A000010A44F23040C5F6020000686FF35F2008
:1091B00001EE100AB8EE411A9DED042A9FED2A3AFD
:1091C00002EE031AB7EE002A31EE021A20EE010A6F
:1091D0008DED030A21E09DED070AB8EE401A9FEDE0
:1091E000230A80EE010A44F23040C5F6020000680E
:1091F0006FF35F2001EE100AB8EE411A9DED042ACC
:109200009FED193A02EE031AB7EE002A31EE021A68
:1092100020EE010A8DED030AFFE744F23040C5F667
:109220000200006881B2012000EB512009909DED01
:10923000030A9DED091AB8EE411A80EE010ABCEE50
:10924000C00A8DED020A02E000200290FFE705E06F
:1092500040F60010C0F23D000290FFE702980AB00D
:10926000704700BF001BB74B000000390024744A50
:109270000024744C0000000080B58CB00A900A985D
:1092800028B9FFE701208DF82F0000F001BD0A98F2
:109290000078C007002800F0B980FFE744F21040D2
:1092A000C5F60200006800F03800069044F228403D
:1092B000C5F6020000680590069810280AD0FFE75E
:1092C000069818281CD1FFE7059800F00300022833
:1092D00016D1FFE744F20040C5F60200006800F432
:1092E00000310020B0EB514F09D0FFE70A984068E9
:1092F00028B9FFE701208DF82F0000F0C9BC84E0F9
:10930000FFE70A984068B0F5803F09D1FFE744F2D3
:109310000041C5F60201086840F48030086032E080
:109320000A98406868B9FFE744F20041C5F60201B7
:10933000086820F480300860086820F48020086005
:1093400020E00A984068B0F5A02F0DD1FFE744F265
:109350000041C5F60201086840F4802008600868F2
:1093600040F4803008600CE044F20041C5F6020190
:10937000086820F480300860086820F480200860C5
:10938000FFE7FFE7FFE7FFE70A984068F0B1FFE774
:10939000FDF70AFF0990FFE744F20040C5F602001E
:1093A000006800F400310020B0EB514F0DD1FFE711
:1093B000FDF7FAFE0999401A652805D3FFE7032057
:1093C0008DF82F0000F064BCE6E71DE0FDF7ECFE31
:1093D0000990FFE744F20040C5F60200006800F47F
:1093E00000310020B0EB514F0DD0FFE7FDF7DCFE60
:1093F0000999401A652805D3FFE703208DF82F004F
:1094000000F046BCE6E7FFE7FFE7FFE70A980078D1
:109410008007002840F1C580FFE744F21040C5F600
:109420000200006800F03800049044F22840C5F6BD
:10943000020000680390049850B1FFE704981828D0
:1094400050D1FFE79DF80C00800700284AD1FFE7C4
:1094500044F20040C5F60200006800F0040100205C
:10946000B0EB910F09D0FFE70A98C06828B9FFE771
:1094700001208DF82F0000F00BBC44F20041C5F62E
:109480000201086820F019000A9AD26810430860A7
:10949000FDF78AFE0990FFE744F20040C5F602009E
:1094A000006800F004010020B0EB910F0CD1FFE741
:1094B000FDF77AFE0999401A032804D3FFE7032039
:1094C0008DF82F00E4E3E7E744F20441C5F602011A
:1094D000086820F0FE400A9A126940EA02600860BB
:1094E000FFE75DE00A98C068A0B3FFE744F20041DF
:1094F000C5F60201086820F019000A9AD2681043E4
:109500000860FDF751FE0990FFE744F20040C5F600
:109510000200006800F004010020B0EB910F0CD1B4
:10952000FFE7FDF741FE0999401A032804D3FFE73E
:1095300003208DF82F00ABE3E7E744F20441C5F6C2
:109540000201086820F0FE400A9A126940EA0260AF
:10955000086024E044F20041C5F60201086820F0EA
:1095600001000860FDF720FE0990FFE744F200408B
:10957000C5F60200006800F004010020B0EB910F76
:109580000CD0FFE7FDF710FE0999401A032804D319
:10959000FFE703208DF82F007AE3E7E7FFE7FFE717
:1095A000FFE70A980078C006002840F1A080FFE796
:1095B00044F21040C5F60200006800F03800029046
:1095C00044F22840C5F6020000680190029808287D
:1095D0000AD0FFE7029818282BD1FFE7019800F086
:1095E0000300012825D1FFE744F20040C5F6020040
:1095F000006800F480710020B0EB112F09D0FFE764
:109600000A98C069802804D0FFE701208DF82F0058
:109610003EE3FFE744F20C41C5F60201086820F082
:109620007C500A9A126A40EA02600860FFE7FFE78E
:109630005CE00A98C06998B3FFE744F20041C5F6C0
:109640000201086840F080000860FDF7ADFD099058
:10965000FFE744F20040C5F60200006800F48071A4
:109660000020B0EB112F0CD1FFE7FDF79DFD09990C
:10967000401A032804D3FFE703208DF82F0007E3E7
:10968000E7E7FFE744F20C41C5F60201086820F065
:109690007C500A9A126A40EA02600860FFE724E000
:1096A00044F20041C5F60201086820F0800008601D
:1096B000FDF77AFD0990FFE744F20040C5F602008D
:1096C000006800F480710020B0EB112F0CD0FFE790
:1096D000FDF76AFD0999401A032804D3FFE7032028
:1096E0008DF82F00D4E2E7E7FFE7FFE7FFE70A98EE
:1096F0000078000700284FD5FFE70A98406928B393
:10970000FFE744F27441C5F60201086840F0010029
:109710000860FDF749FD0990FFE744F27440C5F683
:109720000200006800F002010020B0EB510F0CD1E4
:10973000FFE7FDF739FD0999401A032804D3FFE735
:1097400003208DF82F00A3E2E7E724E044F2744100
:10975000C5F60201086820F001000860FDF724FD4D
:109760000990FFE744F27440C5F60200006800F07B
:1097700002010020B0EB510F0CD0FFE7FDF714FD04
:109780000999401A032804D3FFE703208DF82F001E
:109790007EE2E7E7FFE7FFE70A9800788006002807
:1097A0004FD5FFE70A98806928B3FFE744F20041EC
:1097B000C5F60201086840F480500860FDF7F4FC2B
:1097C0000990FFE744F20040C5F60200006800F48B
:1097D00000510020B0EB513F0CD1FFE7FDF7E4FC56
:1097E0000999401A032804D3FFE703208DF82F00BE
:1097F0004EE2E7E724E044F20041C5F602010868C2
:1098000020F480500860FDF7CFFC0990FFE744F298
:109810000040C5F60200006800F400510020B0EBE3
:10982000513F0CD0FFE7FDF7BFFC0999401A032810
:1098300004D3FFE703208DF82F0029E2E7E7FFE7D5
:10984000FFE70A9800784007002840F1A780FFE76B
:1098500044F60001C5F60201086840F48070086013
:10986000FDF7A2FC0990FFE744F60000C5F60200F0
:109870000068C00500280CD4FFE7FDF795FC0999A6
:10988000401A652804D3FFE703208DF82F00FFE17D
:10989000EAE7FFE70A988068012809D1FFE744F268
:1098A0007041C5F60201086840F00100086031E02F
:1098B0000A98806868B9FFE744F27041C5F6020172
:1098C000086820F001000860086820F004000860C3
:1098D0001FE00A98806805280DD1FFE744F2704127
:1098E000C5F60201086840F004000860086840F00E
:1098F000010008600CE044F27041C5F602010868FE
:1099000020F001000860086820F004000860FFE70C
:10991000FFE7FFE7FFE70A988068F8B1FFE7FDF788
:1099200043FC0990FFE744F27040C5F6020000686E
:1099300000F002010020B0EB510F0ED1FFE7FDF760
:1099400033FC0999401A41F28931884204D3FFE778
:1099500003208DF82F009BE1E5E71EE0FDF724FCD6
:109960000990FFE744F27040C5F60200006800F07D
:1099700002010020B0EB510F0ED0FFE7FDF714FC01
:109980000999401A41F28931884204D3FFE7032044
:109990008DF82F007CE1E5E7FFE7FFE70A98406AD2
:1099A000002800F07181FFE744F21040C5F6020084
:1099B000006800F03800182800F0E080FFE70A98FF
:1099C000406A022840F0B480FFE744F20041C5F647
:1099D0000201086820F080700860FDF7E5FB09903F
:1099E000FFE744F20040C5F60200006800F0007195
:1099F0000020B0EB516F0CD0FFE7FDF7D5FB0999C4
:109A0000401A032804D3FFE703208DF82F003FE11D
:109A1000E7E7FFE744F22841C5F60201086840F293
:109A2000F33290430A9B9A6ADB6A42EA03121043BC
:109A300008600A99086BD1F834C08B6BCA6B013887
:109A40006FF35F204FF60061CFF6FF7101EB4C2101
:109A500089B208440021CFF6FF7101EB034101F404
:109A6000FE0108444FF07F4101EB026101F0FE412D
:109A7000084444F23041C5F602010860FFE744F2B1
:109A80002C41C5F602010091086820F00100086031
:109A900044F23442C5F6020210684FF6F873984358
:109AA0000A9B9B6C40EAC3001060086820F00C0021
:109AB0000A9A126C10430860086820F002000A9AA3
:109AC000526C10430860086840F4803008600868F1
:109AD00040F400300860086840F48020086008689E
:109AE00040F00100086044F20041C5F60201086838
:109AF00040F080700860FDF757FB0990FFE744F2E3
:109B00000040C5F60200006800F000710020B0EBD4
:109B1000516F0CD1FFE7FDF747FB0999401A032865
:109B200004D3FFE703208DF82F00B1E0E7E724E03E
:109B300044F20041C5F60201086820F08070086018
:109B4000FDF732FB0990FFE744F20040C5F6020042
:109B5000006800F000710020B0EB516F0CD0FFE7FF
:109B6000FDF722FB0999401A032804D3FFE70320DD
:109B70008DF82F008CE0E7E7FFE784E044F228400F
:109B8000C5F602000068089044F23040C5F60200B5
:109B9000006807900A98406A012837D0FFE70898C4
:109BA00000F003000A99896A88422FD1FFE70898DC
:109BB00000F47C710A98C06AB0EB111F26D1FFE750
:109BC00007986FF35F200A99096B013988421DD10C
:109BD000FFE7BDF81C100A98406B0138B0EB512F1D
:109BE00014D1FFE7079800F4FE010A98806B013852
:109BF000B0EB114F0AD1FFE7079800F0FE410A9839
:109C0000C06B0138B0EB116F04D0FFE701208DF875
:109C10002F003DE044F23440C5F60200006880B2F7
:109C2000C00808900A98806C0899884229D0FFE7FC
:109C300044F22C41C5F60201086820F001000860DA
:109C4000FDF7B2FA0990FFE7FDF7AEFA0999401A5D
:109C500008B9FFE7F8E744F23441C5F602010868A5
:109C60004FF6F87290430A9A926C40EAC20008607C
:109C700044F22C41C5F60201086840F0010008607A
:109C8000FFE7FFE7FFE7FFE700208DF82F00FFE782
:109C90009DF82F000CB080BD81B0009001B07047DE
:109CA00080B588B00790079800680069069007980B
:109CB0000068406905900698059908400490079847
:109CC00000688068039000200290079890F8810057
:109CD0008DF8070007980068303000909DF8150057
:109CE0000007002810D5FFE79DF81800000700289E
:109CF0000AD5FFE707980168886940F40060886129
:109D0000079800F0C1FB91E19DF810004006002883
:109D100015D4FFE79DF81000800600280FD4FFE758
:109D20009DF810004007002809D5FFE70798416F0C
:109D300088470798016F884701200290FFE79DF848
:109D400010004006002811D4FFE79DF81000C0075E
:109D500060B1FFE79DF810004007002806D4FFE738
:109D60000798016F884701200290FFE79DF81000D7
:109D70008006002812D4FFE79DF810008007002815
:109D80000CD5FFE79DF810004007002806D4FFE738
:109D90000798416F884701200290FFE7029808B1B9
:109DA000FFE743E19DF810000007002840F189809B
:109DB000FFE707980168886940F008008861079804
:109DC0000168886940F01000886107980168886917
:109DD00040F40060886107980168086920F0080075
:109DE000086107980068806810F4404F3AD1FFE797
:109DF000FFE70798B0F86A0098B3FFE70798C068D4
:109E000010280BD3FFE707980068006B0799496E8D
:109E100008600799486E043048661BE00798C068E0
:109E200008280AD3FFE7009800880799496E088040
:109E30000799486E023048660BE00798006890F872
:109E400030000799496E08700799486E01304866DE
:109E5000FFE7FFE70799B1F86A000138A1F86A0047
:109E6000C7E7FFE7079804F0DBFD0799012081F8B9
:109E700081000798D0F8840020B1FFE70798FFF72A
:109E80000BFFD3E09DF80700052804D1FFE70798F2
:109E900000F062FD14E09DF80700042804D1FFE7FC
:109EA000079800F0EDFA0AE09DF80700032804D1B6
:109EB000FFE7079800F04CFD00E0FFE7FFE7FFE752
:109EC000B4E0BDF8100010F4587F00F0AF80FFE759
:109ED0009DF81000400600280ED5FFE70799D1F83D
:109EE000840040F00400C1F8840007980168886984
:109EF00040F040008861FFE79DF8110080070028CE
:109F00000ED5FFE70799D1F8840040F00100C1F8B1
:109F1000840007980168886940F400708861FFE751
:109F20009DF81100C00770B1FFE70799D1F88400D0
:109F300040F00800C1F8840007980168886940F47F
:109F400080708861FFE79DF81000800600280ED51C
:109F5000FFE70799D1F8840040F08000C1F8840041
:109F600007980168886940F020008861FFE707983A
:109F7000D0F88400002858D0FFE7079801680868E7
:109F800020F00100086007980168086940F26B3210
:109F900090430861039800F44040B0F5404F3BD136
:109FA000FFE707980168886820F4404088600798B8
:109FB000C06FB0B1FFE70798C16F4EF63930C0F6F9
:109FC000000008650798C06FF9F70AF840B1FFE78D
:109FD0000799D1F8840040F04000C1F88400FFE701
:109FE000FFE70798806FB0B1FFE70798816F4EF6E3
:109FF0003930C0F6000008650798806FF8F7F0FF69
:10A0000040B1FFE70799D1F8840040F04000C1F863
:10A010008400FFE7FFE707E00799012081F881004E
:10A020000798FFF739FEFFE7FFE7FFE708B080BDBD
:10A0300080B586B00490049820B9FFE701208DF820
:10A0400017003AE10498406A08B9FFE7FFE704996E
:10A05000002088620498006843F20001C4F2010104
:10A0600088421BD0FFE70498006843F60001C4F261
:10A070000001884212D0FFE70498006843F60041CF
:10A08000C4F20001884209D0FFE70498C068102894
:10A0900004D3FFE701208DF817000EE1049804F0C7
:10A0A00063FD02900498006843F20001C4F20101CC
:10A0B000884216D0FFE70498006843F60001C4F216
:10A0C000000188420DD0FFE70498006843F6004184
:10A0D000C4F20001884204D0FFE7029808281FD884
:10A0E000FFE70498006843F20001C4F201018842CE
:10A0F00012D0FFE70498006843F60001C4F20001A3
:10A10000884209D0FFE70498006843F60041C4F292
:10A110000001884208D1FFE70298112804D3FFE725
:10A1200001208DF81700C8E0049890F8810040B92C
:10A13000FFE70499002081F88000049800F0C4F83B
:10A14000FFE70499022081F88100049801680868FB
:10A1500020F00100086004980068806800F4F8109E
:10A16000039004988069B0F1806F1BD1FFE70498D9
:10A170004068B0F5800F04D1FFE70498806B50B1C0
:10A18000FFE70498406868B9FFE70498806BB0F176
:10A19000805F07D1FFE704980168086840F48050A9
:10A1A0000860FFE7049880794006002810D5FFE793
:10A1B0000498C06807280BD3FFE70498006800687C
:10A1C00020F48070049A1168126D1043086006E054
:10A1D00004980168086820F480700860FFE7049B19
:10A1E0001968DA68D869D3F828C040EA0C00DDF8AD
:10A1F0000CC040EA0C00DB6B184310438860049AE3
:10A200000192506B516A0843916B0843916908436E
:10A210001168D2F804C09368D2F810E040EA0E004A
:10A22000D2F814E040EA0E00D2F820E040EA0E0036
:10A2300040EA0C00D2F84CC040EA0C001843936C82
:10A240001843926D1043C8600498406898B9FFE7BE
:10A25000049800688068012161F3CC2004990968A2
:10A260008860049800688068022161F34A2004999C
:10A2700009688860FFE704980168086D20F0010014
:10A28000086504988079400600280BD5FFE70498FC
:10A290000068C06820F00040049A1168526D1043B5
:10A2A000C860FFE704990020C1F88400049A0121E6
:10A2B00082F881108DF81700FFE79DF8170006B0AF
:10A2C00080BD00000000000080B5C0B03F900020BD
:10A2D0003E903D903C903B903A900CA8B821F6F708
:10A2E0005BF83F98006843F60001C4F20001884221
:10A2F00040F0C480FFE700200D904FF480510C9196
:10A3000023900CA8FDF75CFB18B1FFE7F7F72CFFD3
:10A31000FFE7FFE744F2E840C5F60200016841F4B8
:10A3200080410160006800F480400B900B98FFE7CB
:10A33000FFE744F2E040C5F60200016841F0040185
:10A340000160006800F004000A900A98FFE7FFE748
:10A3500044F2E040C5F60200016841F002010160EC
:10A36000006800F0020009900998FFE706203A9083
:10A37000022003903B90002007903C900320049023
:10A380003D90052005903E9040F60000C5F6020085
:10A390003AA90691FCF71CFDDDF80CC0049A05985B
:10A3A0000699079B4FF4005ECDF8E8E0CDF8ECC0CD
:10A3B0003C933D923E9040F20040C5F60200FCF70F
:10A3C00007FD079940F60010C2F2004008901022E5
:10A3D000C4F202020260272242608160C1604FF431
:10A3E0008062026141618161C1614FF44032026269
:10A3F0004162FAF72DFA18B1FFE7F7F7B5FEFFE76C
:10A40000FFE73F9840F60011C2F20041C1673F9854
:10A410008863FFE740F67810C2F2004002902821DE
:10A42000C4F20201016028214160402181600021C5
:10A43000C1604FF48062026141618161C1614FF48A
:10A44000003202624162FAF703FA18B1FFE7F7F748
:10A450008BFEFFE7FFE73F9840F67811C2F200411C
:10A4600081673F988863FFE724200190052100223F
:10A47000FCF786FF0198FCF777FFFFE740B080BD4F
:10A4800081B0009001B0704781B0009001B070477A
:10A4900080B58EB0DDF840C00C900B910A92ADF8FB
:10A4A000263000208DF825000C9800682030089098
:10A4B0000C98006830300790FFE70C9890F8800007
:10A4C000012804D1FFE702208DF8370039E20C990A
:10A4D000012081F88000FFE7FFE7FCF765FE0690AA
:10A4E000BDF82600ADF81600BDF82600ADF8140042
:10A4F0000C9890F8810001280ED0FFE702208DF81B
:10A500002500FFE70C99002081F88000FFE79DF807
:10A5100025008DF8370014E20B9838B1FFE70A9850
:10A5200020B1FFE7BDF8260070B9FFE701208DF8E4
:10A530002500FFE70C99002081F88000FFE79DF8D7
:10A5400025008DF83700FCE10C99052081F8810089
:10A550000C990020C1F884000A990C9A5166BDF844
:10A5600026100C9AA2F86A10BDF826100C9AA2F8D0
:10A5700068100B990C9AD165BDF826100C9AA2F8B8
:10A580006210BDF826100C9AA2F860100C990867AA
:10A590000C9948670C980068C06820F4C0200C999A
:10A5A0000968C8600C98006840684FF6FF718843DE
:10A5B000BDF8261008440C99096848600C98016899
:10A5C000086840F0010008600C984068B0F5800F02
:10A5D00007D1FFE70C980168086840F40070086034
:10A5E000FFE70C98C06810287ED3FFE7FFE7BDF8AF
:10A5F00016100120049039B9FFE7BDF814000028B7
:10A6000018BF01200490FFE70498C00700286AD013
:10A61000FFE70C98006840698007002819D5FFE71C
:10A62000BDF81600A8B1FFE70C980168C06D00687E
:10A6300008620C99C86D0430C8650C99B1F86200C5
:10A640000138A1F862000C98B0F86200ADF816006D
:10A65000FFE70C980068406948F2080108421AD0E8
:10A66000FFE7BDF81400B0B1FFE70C980068006B7D
:10A670000C99496E08600C99486E043048660C9934
:10A68000B1F86A000138A1F86A000C98B0F86A00C5
:10A69000ADF81400FFE7FCF787FD0699401A109902
:10A6A000884204D3FFE71098013018B9FFE71098EB
:10A6B000C0B9FFE70C9804F0B3F9FFE70C9900204C
:10A6C00081F88000FFE70C99D1F8840040F4807095
:10A6D000C1F884000C99012081F8810003208DF8D5
:10A6E00037002EE183E7FEE00C98C06808287BD392
:10A6F000FFE7FFE7BDF816100120039039B9FFE727
:10A70000BDF81400002818BF01200390FFE703984C
:10A71000C007002867D0FFE70C98006840698007F1
:10A72000002819D5FFE7BDF81600A8B1FFE70C987F
:10A73000C06D0088089908800C99C86D0230C86502
:10A740000C99B1F862000138A1F862000C98B0F8D9
:10A750006200ADF81600FFE70C9800684069C0077A
:10A76000C8B1FFE7BDF81400A8B1FFE7079800885B
:10A770000C99496E08800C99486E023048660C9915
:10A78000B1F86A000138A1F86A000C98B0F86A00C4
:10A79000ADF81400FFE7FCF707FD0699401A109981
:10A7A000884204D3FFE71098013018B9FFE71098EA
:10A7B000C0B9FFE70C9804F033F9FFE70C990020CB
:10A7C00081F88000FFE70C99D1F8840040F4807094
:10A7D000C1F884000C99012081F8810003208DF8D4
:10A7E0003700AEE086E77DE0FFE7BDF816100120F8
:10A7F000029039B9FFE7BDF81400002818BF012006
:10A800000290FFE70298C00700286AD0FFE70C9883
:10A8100000684069800700281AD5FFE7BDF81600D8
:10A82000B0B1FFE70C980168C06D007881F8200096
:10A830000C99C86D0130C8650C99B1F862000138F7
:10A84000A1F862000C98B0F86200ADF81600FFE7BE
:10A850000C9800684069C007D8B1FFE7BDF8140044
:10A86000B8B1FFE70C98006890F830000C99496E79
:10A8700008700C99486E013048660C99B1F86A006E
:10A880000138A1F86A000C98B0F86A00ADF814001D
:10A89000FFE7FCF789FC0699401A1099884204D317
:10A8A000FFE71098013018B9FFE71098C0B9FFE72B
:10A8B0000C9804F0B5F8FFE70C99002081F88000AF
:10A8C000FFE70C99D1F8840040F48070C1F884004F
:10A8D0000C99012081F8810003208DF8370030E0C9
:10A8E00083E7FFE7FFE70C98109B06996A46116023
:10A8F0000821002204F050F940B1FFE70C99D1F88B
:10A90000840040F02000C1F88400FFE70C9804F0B8
:10A9100087F8FFE70C99002081F88000FFE70C9989
:10A92000012081F881000C98D0F8840020B1FFE765
:10A9300001208DF8370004E09DF825008DF83700E0
:10A94000FFE79DF837000EB080BD0000000000005A
:10A9500081B0009001B0704781B0009001B07047A5
:10A9600081B0009001B0704781B0009001B0704795
:10A9700081B0009001B0704785B003900291FFE76D
:10A98000039890F83C00012804D1FFE702208DF8DD
:10A990001300ABE00399012081F83C00FFE7FFE7DB
:10A9A0000399022081F83D000398006840680190F7
:10A9B0000398006880680090039800680021C4F242
:10A9C0000101884209D0FFE70398006840F2004186
:10A9D000C4F2010188420AD1FFE7019820F4700017
:10A9E000019002984168019808430190FFE701989F
:10A9F00020F07000019002980168019808430190CE
:10AA00000198039909684860039800680021C4F21E
:10AA1000010188424ED0FFE703980068B0F1804FF3
:10AA200048D0FFE70398006840F20041C4F20001FB
:10AA300088423FD0FFE70398006840F60001C4F267
:10AA40000001884236D0FFE70398006840F60041D5
:10AA5000C4F2000188422DD0FFE70398006840F25D
:10AA60000041C4F20101884224D0FFE70398006846
:10AA700041F60001C4F2000188421BD0FFE70398B1
:10AA8000006844F20001C4F20101884212D0FFE7DD
:10AA9000039800684EF20001C4F20001884209D018
:10AAA000FFE7039800684EF20041C4F200018842BB
:10AAB0000ED1FFE7009820F0800000900298816896
:10AAC0000098084300900098039909688860FFE7A0
:10AAD0000399012081F83D00FFE70399002081F8E8
:10AAE0003C00FFE700208DF81300FFE79DF81300FE
:10AAF00005B070470000000080B582B0009000985B
:10AB000020B9FFE701208DF8070045E0009890F894
:10AB10003D0040B9FFE70099002081F83C00009813
:10AB200000F03EF8FFE70099022081F83D0000990F
:10AB300051F8040B04F0B8F90099012081F848009D
:10AB4000FFE70099012081F83E00009981F83F005D
:10AB5000009981F84000009981F84100009981F83E
:10AB60004200009981F84300FFE7FFE700990120C8
:10AB700081F84400009981F84500009981F8460069
:10AB8000009981F84700FFE70099012081F83D0016
:10AB900000208DF80700FFE79DF8070002B080BD98
:10ABA00080B584B003900398006840F20041C4F27D
:10ABB0000001884219D1FFE7FFE744F2E840C5F6FB
:10ABC0000200016841F002010160006800F002002B
:10ABD00002900298FFE71D20019005210022FCF75A
:10ABE000CFFB0198FCF7C0FBFFE704B080BD00007D
:10ABF00083B00190019890F83D00012804D0FFE750
:10AC000001208DF80B0083E00199022081F83D00BE
:10AC100001980168C86840F00100C86001980068A8
:10AC20000021C4F2010188424ED0FFE7019800687C
:10AC3000B0F1804F48D0FFE70198006840F2004132
:10AC4000C4F2000188423FD0FFE70198006840F657
:10AC50000001C4F20001884236D0FFE70198006885
:10AC600040F60041C4F2000188422DD0FFE7019870
:10AC7000006840F20041C4F20101884224D0FFE79D
:10AC80000198006841F60001C4F2000188421BD01F
:10AC9000FFE70198006844F20001C4F20101884214
:10ACA00012D0FFE7019800684EF20001C4F20001E3
:10ACB000884209D0FFE7019800684EF20041C4F2D3
:10ACC0000001884219D1FFE70198006880680721D8
:10ACD000C0F2010108400090009806280CD0FFE760
:10ACE0000098B0F5803F07D0FFE701980168086839
:10ACF00040F001000860FFE706E00198016808687D
:10AD000040F001000860FFE700208DF80B00FFE72E
:10AD10009DF80B0003B0704780B586B00490039196
:10AD200000208DF80B00FFE7049890F83C00012804
:10AD300004D1FFE702208DF81700D1E0049901202B
:10AD400081F83C00FFE7FFE70499022081F83D000D
:10AD5000049800688068019001984FF68871CFF6DA
:10AD6000CE7108400190019820F47F400190019835
:10AD7000049909688860039800680090002800F032
:10AD80009580FFE70098102800F09080FFE700987A
:10AD9000202800F08B80FFE70098302800F08680A4
:10ADA000FFE70098402874D0FFE70098502856D05D
:10ADB000FFE7009860285FD0FFE7009870282AD04E
:10ADC000FFE70098B0F5805F24D0FFE70098B0F56A
:10ADD000005F35D0FFE70098B0F5801F66D0FFE731
:10ADE0000098B0F1101F61D0FFE700982021C0F259
:10ADF000100188425AD0FFE700983021C0F21001BC
:10AE0000884253D0FFE700984021C0F210018842E9
:10AE10004CD052E055E004980068039B5A6899684A
:10AE2000DB6804F021F904980068806801900198BB
:10AE300040F077000190019804990968886040E02B
:10AE400004980068039B5A689968DB6804F00CF961
:10AE500004980168886840F48040886031E0049874
:10AE60000068039A5168D26804F08EFC0498006868
:10AE7000502104F015F924E004980068039A516801
:10AE8000D26804F0A9FC04980068602104F008F975
:10AE900017E004980068039A5168D26804F074FCC3
:10AEA00004980068402104F0FBF80AE00498006868
:10AEB0000399096804F0F4F803E001208DF80B0011
:10AEC000FFE70499012081F83D00FFE70499002085
:10AED00081F83C00FFE79DF80B008DF81700FFE7B5
:10AEE0009DF8170006B080BD81B0009001B070479A
:10AEF00080B582B0019001980068006900F00201FD
:10AF00000020B0EB510F28D0FFE701980068C0681F
:10AF100000F002010020B0EB510F1DD0FFE70198B7
:10AF200001686FF00200086101990120087701981B
:10AF300000688069800720B1FFE70198FFF7D4FF20
:10AF400006E0019800F064F9019800F095FAFFE737
:10AF5000019900200877FFE7FFE701980068006982
:10AF600000F004010020B0EB910F29D0FFE7019819
:10AF70000068C06800F004010020B0EB910F1ED003
:10AF8000FFE7019801686FF0040008610199022051
:10AF9000087701980068806910F4407F04D0FFE7CB
:10AFA0000198FFF7A1FF06E0019800F031F9019840
:10AFB00000F062FAFFE7019900200877FFE7FFE75A
:10AFC00001980068006900F008010020B0EBD10F83
:10AFD00028D0FFE701980068C06800F00801002051
:10AFE000B0EBD10F1DD0FFE7019801686FF00800AA
:10AFF000086101990420087701980068C0698007FA
:10B0000020B1FFE70198FFF76FFF06E0019800F01D
:10B01000FFF8019800F030FAFFE701990020087767
:10B02000FFE7FFE701980068006900F010010020C9
:10B03000B0EB111F29D0FFE701980068C06800F04D
:10B0400010010020B0EB111F1ED0FFE7019801682E
:10B050006FF01000086101990820087701980068D6
:10B06000C06910F4407F04D0FFE70198FFF73CFF70
:10B0700006E0019800F0CCF8019800F0FDF9FFE738
:10B08000019900200877FFE7FFE701980068006951
:10B09000C00780B1FFE701980068C068C00748B1E9
:10B0A000FFE7019801686FF001000861019800F066
:10B0B000E7F9FFE7FFE7019800680069C1B20020E7
:10B0C000B0EBD11F13D0FFE701980068C068C1B290
:10B0D0000020B0EBD11F09D0FFE7019801686FF0A5
:10B0E000800008610198FFF73FFCFFE7FFE7019848
:10B0F0000068006900F480710020B0EB112F13D0BC
:10B10000FFE701980068C068C1B20020B0EBD11F12
:10B1100009D0FFE7019801686FF480700861019819
:10B12000FFF71EFCFFE7FFE701980068006900F0E9
:10B1300040010020B0EB911F14D0FFE70198006898
:10B14000C06800F040010020B0EB911F09D0FFE77C
:10B15000019801686FF040000861019800F0ACF9B7
:10B16000FFE7FFE701980068006900F02001002078
:10B17000B0EB511F14D0FFE701980068C06800F0E1
:10B1800020010020B0EB511F09D0FFE701980168B2
:10B190006FF0200008610198FFF7EAFBFFE7FFE787
:10B1A00002B080BD0000000080B588B0079000208C
:10B1B000069005900490039002900798006840F272
:10B1C0000041C4F2000188421ED1FFE7FFE744F2CC
:10B1D000E040C5F60200016841F00201016000682C
:10B1E00000F0020001900198FFE702200290039016
:10B1F000002104910591069040F20040C5F602003E
:10B2000002A9FBF7E5FDFFE708B080BD00000000E4
:10B2100081B0009001B0704780B586B00490039172
:10B22000029200208DF80700FFE7049890F83C0098
:10B23000012804D1FFE702208DF81700C0E004992F
:10B24000012081F83C00FFE7FFE7029800901428F6
:10B2500000F2A7800099DFE801F00BA4A4A424A4C5
:10B26000A4A43EA4A4A457A4A4A471A4A4A48A0042
:10B2700004980068039903F02BFF0498016888691B
:10B2800040F00800886104980168886920F0040093
:10B29000886103980269049801688869104388618D
:10B2A00083E004980068039903F0BAFF04980168EA
:10B2B000886940F40060886104980168886920F416
:10B2C000806088610398026904980168886940EA8F
:10B2D0000220886169E004980068039904F058F836
:10B2E00004980168C86940F00800C86104980168C2
:10B2F000C86920F00400C8610398026904980168D5
:10B30000C8691043C86150E004980068039904F0CC
:10B31000F7F804980168C86940F40060C8610498AF
:10B320000168C86920F48060C861039802690498C4
:10B330000168C86940EA0220C86136E004980068E4
:10B34000039904F04DF904980168486D40F0080035
:10B35000486504980168486D20F00400486503982A
:10B36000026904980168486D104348651DE004981F
:10B370000068039904F09CF904980168486D40F452
:10B380000060486504980168486D20F48060486555
:10B390000398026904980168486D40EA02204865F4
:10B3A00003E001208DF80700FFE7FFE70499002084
:10B3B00081F83C00FFE79DF807008DF81700FFE7D4
:10B3C0009DF8170006B080BD80B582B0009000984F
:10B3D00020B9FFE701208DF8070045E0009890F8BC
:10B3E0003D0040B9FFE70099002081F83C0000983B
:10B3F00000F03EF8FFE70099022081F83D00009937
:10B4000051F8040B03F050FD0099012081F8480029
:10B41000FFE70099012081F83E00009981F83F0084
:10B42000009981F84000009981F84100009981F865
:10B430004200009981F84300FFE7FFE700990120EF
:10B4400081F84400009981F84500009981F8460090
:10B45000009981F84700FFE70099012081F83D003D
:10B4600000208DF80700FFE79DF8070002B080BDBF
:10B4700081B0009001B0704781B0009001B070477A
:10B4800080B582B0019000208DF80300019800681B
:10B49000B0F1804F03D1FFE7FBF78EFEFFE7019885
:10B4A00040F69451C2F20041884201D1FFE7FFE724
:10B4B00002B080BD0000000081B0009001B0704774
:10B4C00083B00190FFE7019890F88400012804D12F
:10B4D000FFE702208DF80B002CE00199012081F894
:10B4E0008400FFE7FFE701992420C1F88800019854
:10B4F00000680068009001980168086820F0010069
:10B500000860009820F000500090019900204866E3
:10B51000009801990968086001992020C1F8880005
:10B52000FFE70199002081F88400FFE700208DF8F3
:10B530000B00FFE79DF80B0003B070470000000010
:10B5400080B582B00190ADF80210019840F6E0514C
:10B55000C2F20041884206D1FFE70198BDF802100F
:10B5600005F0B2FBFFE701990120C8660198016868
:10B57000086840F01000086001980168886840F091
:10B58000400088600198D0F8800000681021C4F263
:10B590000201884200F0A280FFE70198D0F8800005
:10B5A00000682821C4F20201884200F09780FFE77A
:10B5B0000198D0F8800000684021C4F2020188425E
:10B5C00000F08C80FFE70198D0F8800000685821D7
:10B5D000C4F20201884200F08180FFE70198D0F8B0
:10B5E000800000687021C4F20201884276D0FFE733
:10B5F0000198D0F8800000688821C4F202018842D6
:10B600006CD0FFE70198D0F880000068A021C4F258
:10B610000201884262D0FFE70198D0F880000068FC
:10B62000B821C4F20201884258D0FFE70198D0F84F
:10B630008000006840F21041C4F2020188424DD0FF
:10B64000FFE70198D0F88000006840F22841C4F27A
:10B650000201884242D0FFE70198D0F880000068DC
:10B6600040F24041C4F20201884237D0FFE701981E
:10B67000D0F88000006840F25841C4F202018842CC
:10B680002CD0FFE70198D0F88000006840F27041AC
:10B69000C4F20201884221D0FFE70198D0F880006F
:10B6A000006840F28841C4F20201884216D0FFE7E8
:10B6B0000198D0F88000006840F2A041C4F2020175
:10B6C00088420BD0FFE70198D0F88000006840F274
:10B6D000B841C4F20201884209D1FFE70198D0F8CD
:10B6E00080000168086840F00100086008E00198E7
:10B6F000D0F880000168086840F001000860FFE7AA
:10B7000002B080BD0000000081B0009001B0704721
:10B7100080B584B002900191FFE7029890F8840010
:10B72000012804D1FFE702208DF80F0032E00299D2
:10B73000012081F88400FFE7FFE702992420C1F887
:10B740008800029800680068009002980168086804
:10B7500020F00100086002980068806820F06060B6
:10B7600001990843029909688860029804F070F80A
:10B77000009802990968086002992020C1F88800A1
:10B78000FFE70299002081F88400FFE700208DF890
:10B790000F00FFE79DF80F0004B080BD000000001F
:10B7A00080B584B002900191FFE7029890F8840080
:10B7B000012804D1FFE702208DF80F0032E0029942
:10B7C000012081F88400FFE7FFE702992420C1F8F7
:10B7D0008800029800680068009002980168086874
:10B7E00020F00100086002980068806820F0604046
:10B7F00001990843029909688860029804F028F8C2
:10B80000009802990968086002992020C1F8880010
:10B81000FFE70299002081F88400FFE700208DF8FF
:10B820000F00FFE79DF80F0004B080BD000000008E
:10B8300081B0009001B0704781B0009001B07047B6
:10B8400081B0009001B0704780B592B0119011980E
:10B850000068C06910901198006800680F901198F6
:10B86000006880680E90109840F60F0108400D9017
:10B870000D98E0B9FFE79DF840008006002815D537
:10B88000FFE79DF83C008006002806D4FFE79DF8FE
:10B890003B00C006002809D5FFE71198406F20B192
:10B8A000FFE71198416F8847FFE72FE3FFE70D9807
:10B8B000002800F00C81FFE70E980121C1F2000181
:10B8C000084209D1FFE70F9840F22011C0F2004171
:10B8D000084200F0FC80FFE79DF84000C00788B1F7
:10B8E000FFE79DF83D00C00760B1FFE711980168D0
:10B8F000012008621199D1F8900040F00100C1F8D0
:10B900009000FFE79DF840008007002811D5FFE771
:10B910009DF83800C00760B1FFE711980168022068
:10B9200008621199D1F8900040F00400C1F890002D
:10B93000FFE79DF840004007002811D5FFE79DF87C
:10B940003800C00760B1FFE7119801680420086261
:10B950001199D1F8900040F00200C1F89000FFE783
:10B960009DF840000007002819D5FFE79DF83C002E
:10B970008006002807D4FFE70E980121C1F20001DC
:10B9800008420CD0FFE7119801680820086211995D
:10B99000D1F8900040F00800C1F89000FFE79DF852
:10B9A00041000007002813D5FFE79DF83F0040073E
:10B9B00000280DD5FFE7119801684FF40060086278
:10B9C0001199D1F8900040F02000C1F89000FFE7F5
:10B9D0001198D0F89000002878D0FFE79DF840003B
:10B9E0008006002815D5FFE79DF83C00800600285A
:10B9F00006D4FFE79DF83B00C006002809D5FFE705
:10BA00001198406F20B1FFE71198416F8847FFE719
:10BA1000FFE71198D0F890000C90119800688068AA
:10BA200000F04000402806D0FFE79DF8300010F0FD
:10BA3000280F42D0FFE7119804F036F911980068FA
:10BA400080684006002833D5FFE7FFE7FFE711983D
:10BA5000006850E8020F20F040000B90FFE70B99C0
:10BA60001198026842E802100028F0D1FFE7FFE7D2
:10BA70001198D0F88000B0B1FFE71198D0F880108D
:10BA80004FF66930C0F6000008651198D0F88000C4
:10BA9000F7F7A6FA30B1FFE71198D0F88000016DF2
:10BAA0008847FFE703E01198FFF7CAFEFFE703E0CE
:10BAB0001198FFF7C5FEFFE707E01198FFF7C0FEFA
:10BAC00011990020C1F89000FFE7FFE71EE21198EE
:10BAD000C06E012840F0BB81FFE79DF84000C00622
:10BAE000002840F1B481FFE79DF83C00C006002823
:10BAF00040F1AD81FFE711980168102008621198AC
:10BB0000006880684006002840F13F81FFE71198F7
:10BB1000D0F8800000681021C4F20201884200F0D1
:10BB2000A280FFE71198D0F8800000682821C4F2B5
:10BB30000201884200F09780FFE71198D0F880005A
:10BB400000684021C4F20201884200F08C80FFE7C7
:10BB50001198D0F8800000685821C4F20201884290
:10BB600000F08180FFE71198D0F880000068702114
:10BB7000C4F20201884276D0FFE71198D0F8800025
:10BB800000688821C4F2020188426CD0FFE7119856
:10BB9000D0F880000068A021C4F20201884262D07F
:10BBA000FFE71198D0F880000068B821C4F20201C4
:10BBB000884258D0FFE71198D0F88000006840F222
:10BBC0001041C4F2020188424DD0FFE71198D0F82D
:10BBD0008000006840F22841C4F20201884242D04D
:10BBE000FFE71198D0F88000006840F24041C4F2AD
:10BBF0000201884237D0FFE71198D0F88000006832
:10BC000040F25841C4F2020188422CD0FFE711985B
:10BC1000D0F88000006840F27041C4F2020188420E
:10BC200021D0FFE71198D0F88000006840F28841E9
:10BC3000C4F20201884216D0FFE71198D0F88000C4
:10BC4000006840F2A041C4F2020188420BD0FFE735
:10BC50001198D0F88000006840F2B841C4F20201A7
:10BC6000884207D1FFE71198D0F88000006840684B
:10BC7000019006E01198D0F88000006840680190BB
:10BC8000FFE70198ADF82A00BDF82A0000287BD014
:10BC9000FFE7BDF82A001199B1F85C10884273DA09
:10BCA000FFE7BDF82A001199A1F85E001198D0F8BD
:10BCB0008000C069B0F5807F59D0FFE7FFE7FFE75C
:10BCC0001198006850E8000F20F480700990FFE799
:10BCD00009991198026842E800100028F0D1FFE7A6
:10BCE000FFE7FFE7FFE71198006850E8020F20F038
:10BCF00001000890FFE708991198026842E80210D5
:10BD00000028F0D1FFE7FFE7FFE7FFE711980068A1
:10BD100050E8020F20F040000790FFE707991198C4
:10BD2000026842E802100028F0D1FFE7FFE711990E
:10BD30002020C1F88C0011990020C866FFE7FFE7BA
:10BD40001198006850E8000F20F010000690FFE7FF
:10BD500006991198026842E800100028F0D1FFE728
:10BD6000FFE71198D0F88000F6F77EFCFFE7119905
:10BD7000022008671198B0F85C10B0F85E20891AAC
:10BD800089B2FFF7DDFBFFE7C0E01199B1F85C0075
:10BD9000B1F85E10401AADF816001198B0F85E00C8
:10BDA000002853D0FFE7BDF8160000284ED0FFE76B
:10BDB000FFE7FFE71198006850E8000F20F490704B
:10BDC0000490FFE704991198026842E800100028E7
:10BDD000F0D1FFE7FFE7FFE7FFE71198006850E8C1
:10BDE000020F4FF6FE71CEF6FF7108400390FFE799
:10BDF00003991198026842E802100028EDD1FFE78C
:10BE0000FFE711992020C1F88C0011990020C86625
:10BE100011994867FFE7FFE71198006850E8000FA5
:10BE200020F010000290FFE702991198026842E8A2
:10BE300000100028F0D1FFE7FFE711990220086702
:10BE40001198BDF81610FFF77BFBFFE75EE09DF849
:10BE50004200C00600280FD5FFE79DF83A004006D3
:10BE6000002809D5FFE7119801684FF48010086297
:10BE70001198FFF7E1FC49E09DF84000000600281A
:10BE800015D5FFE79DF83C000006002806D4FFE723
:10BE90009DF83A000006002809D5FFE71198806F49
:10BEA00020B1FFE71198816F8847FFE72EE09DF8EA
:10BEB0004000400600280AD5FFE79DF83C004006F8
:10BEC000002804D5FFE7119803F03EFF1EE09DF81F
:10BED0004200000600280AD5FFE79DF83F00400613
:10BEE000002804D5FFE71198FFF7A2FC0EE09DF8AB
:10BEF0004300C00750B1FFE79DF83F00000600284F
:10BF000004D5FFE71198FFF7FFFBFFE712B080BDF4
:10BF100080B582B00090009820B9FFE701208DF82D
:10BF2000070046E00098806908B1FFE700E0FFE7FE
:10BF30000098D0F8880040B9FFE70099002081F808
:10BF40008400009800F03CF8FFE700992420C1F835
:10BF5000880000980168086820F0010008600098D7
:10BF600003F046FF012804D1FFE701208DF8070008
:10BF70001FE00098806A20B1FFE7009803F0ACFC56
:10BF8000FFE700980168486820F4904048600098F6
:10BF90000168886820F02A008860009801680868B5
:10BFA00040F001000860009803F03AFD8DF80700AA
:10BFB000FFE79DF8070002B080BD00000000000010
:10BFC00080B5C2B04190002040903F903E903D909F
:10BFD0003C900EA8B821F4F7DFF94198006845F2CB
:10BFE0000001C4F20001884240F09880FFE7002081
:10BFF0000F9002210E912B900EA8FBF7E1FC18B1D7
:10C00000FFE7F6F7B1F8FFE7FFE744F2E840C5F6CF
:10C010000200016841F480110160006800F48010A2
:10C020000D900D98FFE7FFE744F2E040C5F60200EF
:10C03000016841F004010160006800F004000C9008
:10C040000C98FFE7FFE744F2E040C5F60200016804
:10C0500041F008010160006800F008000B900B98A7
:10C06000FFE74FF480503C90022004903D90002068
:10C0700007903E903F9008200590409040F60000C9
:10C08000C5F602003CA90691FAF7A2FE049B0598AA
:10C090000699079A4FF0040CCDF8F0C03D933E92FC
:10C0A0003F92409040F60040C5F60200FAF790FE3D
:10C0B000079940F6F010C2F2004008904022C4F206
:10C0C00002020260412242608160C1604FF48062DE
:10C0D0000261416181614FF48072C2614FF440326C
:10C0E00002624162F8F7B4FB18B1FFE7F6F73CF8DB
:10C0F000FFE7FFE7419840F6F011C2F20041C0F8B7
:10C10000801041988863FFE73520039005210022C5
:10C11000FBF736F90398FBF727F97AE041980068B6
:10C1200047F60001C4F20001884271D1FFE7002008
:10C130000F9002210E912B900EA8FBF741FC18B135
:10C14000FFE7F6F711F8FFE7FFE744F2E840C5F62E
:10C150000200016841F080410160006800F0804009
:10C160000A900A98FFE7FFE744F2E040C5F60200B4
:10C17000016841F010010160006800F010000990B2
:10C180000998FFE74FF4C0703C9002203D900020DA
:10C1900001903E903F900720409041F20000C5F68C
:10C1A00002003CA9FAF714FE019940F66820C2F299
:10C1B00000400290B822C4F20202026050224260A3
:10C1C00040228260C1604FF48062026141618161FE
:10C1D000C1614FF4003202624162F8F739FB18B1D5
:10C1E000FFE7F5F7C1FFFFE7FFE7419840F6682159
:10C1F000C2F20041C16741988863FFE75220009076
:10C2000005210022FBF7BCF80098FBF7ADF8FFE72B
:10C21000FFE742B080BD000080B586B00490039176
:10C22000ADF80A200498D0F88800202870D1FFE7E4
:10C23000039820B1FFE7BDF80A0020B9FFE701200D
:10C240008DF8170068E0039804990865BDF80A00A6
:10C250000499A1F85400BDF80A000499A1F8560009
:10C2600004990020C1F8900004992120C1F88800A9
:10C270000498C06F88B3FFE70498C16F4FF6114070
:10C28000C0F60000C8630498C16F4FF69140C0F635
:10C29000000008640498C16F4FF69130C0F60000AA
:10C2A000C8640498C16F0020086504980268016D95
:10C2B000C06F2832BDF80A30F8F77AFF60B1FFE7A7
:10C2C00004991020C1F8900004992020C1F888003A
:10C2D00001208DF817001FE0FFE704980168402057
:10C2E0000862FFE7FFE70498006850E8020F40F09B
:10C2F00080000190FFE701990498026842E802106B
:10C300000028F0D1FFE7FFE700208DF8170003E0D9
:10C3100002208DF81700FFE79DF8170006B080BDDA
:10C3200081B0009001B0704781B0009001B07047BB
:10C3300080B584B003900399002001900874039B9A
:10C34000D3F8FC00596841F2C022C2F200420092C8
:10C3500012889B7B5A43F4F706F80099039A5068B9
:10C360000988927B5143F4F717F80099039AD2F8A1
:10C3700024010988927B51435143F4F70DF8009949
:10C38000039AD2F818010988137B927B59435143D1
:10C39000F4F702F801988DF80B00FFE79DF80B0009
:10C3A0000399897B884243DAFFE70398D0F8FC00C1
:10C3B0009DF80B1000EB810090ED000AB5EE400AED
:10C3C000F1EE10FA2DD0FFE7039AD2F8FC109DF899
:10C3D0000B0051F82000127C41F822009DF80B0060
:10C3E000039A516A127C8854DDF80CC0DCF81800FE
:10C3F0009DF80BE050F82E00DCF818119CF80C208A
:10C400009CF81030DCF814C01CF80EC012FB03C2FC
:10C4100001EB820141F8040C0399087C0130087497
:10C42000FFE7FFE79DF80B0001308DF80B00B5E743
:10C4300000208DF80A00FFE79DF80A000399097CA7
:10C44000884216DAFFE7039BD869596A9DF80A20EB
:10C45000895C50F82100D3F824111B7C12FB0322C5
:10C4600041F82200FFE79DF80A0001308DF80A002C
:10C47000E2E70399087CA1F880000399087BA1F802
:10C4800082000399087BA1F888000399087CA1F831
:10C490008A000399087CA1F898000399087CA1F808
:10C4A0009A000399087BA1F8A0000399087CA1F8E1
:10C4B000A2000399087CA1F8480004B080BD0000E8
:10C4C000FFE7FEE70000000080B541F2E000C2F2A5
:10C4D0000040B7EE000ADFED080A9FED081A06F0EB
:10C4E0004BFE40F20031C2F200414DF24E10C3F655
:10C4F0001140086480BD00BF000000006F12833A45
:10C5000080B582B00190FFE700F002F8FCE7000080
:10C5100080B58AB0FFF7D8FFFFE740F29430C2F24F
:10C520000040F5F72DFD40F60870C2F2004080EDA6
:10C53000000A006841F2E001C2F200410491886003
:10C5400040F28420C2F200400390F3F7B5FF039B52
:10C550000498196840F2003CC2F2004CCDF814C0B7
:10C56000CCF81C105968CCF820109968CCF824102D
:10C570001A6840F27821C2F200410A605A684A60A3
:10C580009A688A60DA68CCF810201A69CCF814200E
:10C590005A69CCF81820D3F80CC040F2F022C2F24D
:10C5A0000042C2F800C0D3F810C0C2F804C05B69F2
:10C5B000936092ED000AD2ED010A92ED021AD1EDDC
:10C5C000001A91ED012AD1ED022A06F005FE049829
:10C5D00006F046FE049806F01FFE049802F0C4F828
:10C5E0000498059A016B1160416B5160816B9160F9
:10C5F000C06BD06040F2D810C2F2004007A9F5F736
:10C600002FFD00208DF81B00FFE79DF81B0002287E
:10C6100030DCFFE79DF81B0040F20031C2F2004120
:10C6200007AA02EB800292ED002A01EB800090ED58
:10C63000070A90ED0A1A30EE420A40F60872C2F27A
:10C64000004292ED002A20EE020A91ED103A33EEFC
:10C65000022A80EE020A21EE031A81EE021A30EE5F
:10C66000010A80ED0A0AFFE79DF81B0001308DF8F2
:10C670001B00CAE740F20032C2F20042029202F10D
:10C68000280002F13401F4F70BF9029890ED0D0A3D
:10C69000B0EEC00A9FED691AB4EE410AF1EE10FA4D
:10C6A00007DAFFE740F20031C2F2004100204863A0
:10C6B000FFE740F20030C2F2004090ED0E0AB0EE0B
:10C6C000C00A9FED5E1AB4EE410AF1EE10FA07DAE5
:10C6D000FFE740F20031C2F2004100208863FFE72B
:10C6E00040F20030C2F2004090ED0F0AB0EEC00AF6
:10C6F0009FED531AB4EE410AF1EE10FA0EDAFFE79D
:10C7000040F20031C2F200410020C86341F2D02162
:10C71000C2F20041086801300860FFE740F60C7083
:10C72000C2F2004090ED000A9FED461AB4EE410AB5
:10C73000F1EE10FA71DDFFE740F20030C2F2004086
:10C74000019090ED0E1A90ED220A9FED3F2AA1EE86
:10C75000020A80ED220A90ED221A90ED230AA1EE42
:10C76000020A80ED230A012180F8901041F2E001D5
:10C77000C2F200414A6E02678A6E4267C96E8167E3
:10C7800090ED1E0A90ED201A30EE410A9FED2F1A0F
:10C79000B4EE410AF1EE10FA0DDDFFE740F2003091
:10C7A000C2F2004090ED210ABFEE001A30EE010AFD
:10C7B00080ED210A1FE040F20030C2F2004090ED0F
:10C7C0001E0A90ED201A30EE410A9FED211AB4EEB8
:10C7D000410AF1EE10FA0DDAFFE740F20030C2F242
:10C7E000004090ED210AB7EE001A30EE010A80ED0C
:10C7F000210AFFE7FFE740F20031C2F2004191ED6C
:10C800001E0A91ED211A9FED132AA1EE020A81ED75
:10C810001F0A886FC1F880000CE040F60C70C2F26D
:10C82000004090ED000AB7EE001A30EE010A80EDEC
:10C83000000AFFE7012006F0AFFF6EE60AD7A33C2F
:10C840000AD7233D00803B456F12833ADA0F4940F7
:10C85000DA0F49C0560EC94080B58AB009908DF8EC
:10C8600023108DF822208DF8213041F2C021C2F230
:10C87000004106910420088041F2BE21C2F200412D
:10C88000082008809DF82300099908739DF822006C
:10C89000099948739DF82100099988730999002026
:10C8A00008749DF8210008F00FFF09994861099864
:10C8B00040699DF82110F3F76FFD069800889DF8F8
:10C8C0002110484308F000FF0699099A90610998E1
:10C8D000806909889DF821205143F3F75DFD069892
:10C8E00000889DF82110484308F0EEFE0699099A49
:10C8F000D0610998C06909889DF821205143F3F758
:10C900004BFD069800889DF82310484308F0DCFE94
:10C910000699099A10620998006A09889DF82320EF
:10C920005143F3F739FD9DF8210008F0CDFE099938
:10C9300048620998406A9DF82110F3F72DFD06988A
:10C9400000889DF82310484308F0BEFE0699099A16
:10C9500010600998006809889DF823205143F3F777
:10C960001BFD069800889DF82110484308F0ACFE96
:10C970000699099A50600998406809889DF8212015
:10C980005143F3F709FD069800889DF822104843AB
:10C9900008F09AFE0699099A9060099880680988BB
:10C9A0009DF822205143F3F7F7FC069800889DF884
:10C9B0002310484308F088FE0699099AC2F8F0004F
:10C9C0000998D0F8F00009889DF823205143F3F727
:10C9D000E3FC099A02F13000117BD2F8F030012219
:10C9E000079205F036F9069800889DF82310484311
:10C9F00008F06AFE0699099AC2F8F4000998D0F87E
:10CA0000F40009889DF823205143F3F7C5FC079AE9
:10CA1000099B03F13800197BD3F8F43005F019F9BC
:10CA20009DF8220010B3FFE741F2C020C2F200409F
:10CA3000059000889DF82210484308F045FE0599AE
:10CA4000099AC2F8F8000998D0F8F80009889DF80A
:10CA500022205143F3F7A0FC099A02F14000517BD8
:10CA6000D2F8F830012205F0F4F8FFE741F2C020D7
:10CA7000C2F20040049000889DF82110484308F05D
:10CA800023FE0499099AC2F8FC000998D0F8FC002A
:10CA900009889DF821205143F3F77EFC099A02F1A1
:10CAA0004800917BD2F8FC30012205F0D2F80498BE
:10CAB00000889DF823104843484308F005FE049978
:10CAC000099AC2F800010998D0F8000109889DF878
:10CAD000232051435143F3F75FFC099901F15000C2
:10CAE0000A7BD1F80031114605F0B3F804980088AC
:10CAF0009DF823104843484308F0E6FD0499099A3D
:10CB0000C2F804010998D0F8040109889DF823208F
:10CB100051435143F3F740FC099901F158000A7B56
:10CB2000D1F80431114605F094F8049800889DF876
:10CB300023104843484308F0C7FD01460498099A6A
:10CB4000C2F8081100889DF823104843484308F0B4
:10CB5000BBFD0499099AC2F80C010998D0F80801A4
:10CB600009889DF8232051435143F3F715FC04999C
:10CB70000998D0F80C0109889DF8232051435143AE
:10CB8000F3F70AFC099901F160000A7BD1F808313A
:10CB9000114605F05EF8099901F168000A7BD1F8A9
:10CBA0000C31114605F055F89DF8220040B3FFE71F
:10CBB00041F2C020C2F20040039000889DF823108B
:10CBC00048439DF82210484308F07EFD0399099AD6
:10CBD000C2F814010998D0F8140109889DF823209F
:10CBE00051439DF822205143F3F7D6FB099B03F1F3
:10CBF0007800197B5A7BD3F8143105F02AF8FFE747
:10CC000041F2C020C2F20040019000889DF821103E
:10CC100048439DF82310484308F056FD014601980B
:10CC2000099AC2F8181100889DF8231048439DF80E
:10CC30002110484308F048FD0199099AC2F81C01E7
:10CC40000998D0F8180109889DF8212051439DF8D2
:10CC500023205143F3F7A0FB01990998D0F81C0158
:10CC600009889DF8232051439DF821205143F3F773
:10CC700093FB099B03F180001A7B997BD3F8183151
:10CC800004F0E7FF099B03F18800197B9A7BD3F836
:10CC90001C3104F0DEFF019800889DF82310484302
:10CCA000484308F011FD0199099AC2F8200109983A
:10CCB000D0F8200109889DF8232051435143F3F710
:10CCC0006BFB099901F190000A7BD1F820311146E4
:10CCD00004F0BFFF019800889DF8211048434843A5
:10CCE00008F0F2FC0199099AC2F824010998D0F8D9
:10CCF000240109889DF8212051435143F3F74CFB4F
:10CD0000099901F198008A7BD1F82431114604F089
:10CD1000A0FF019800889DF8231048439DF821103A
:10CD2000484308F0D1FC0199099AC2F828010998F2
:10CD3000D0F8280109889DF8232051439DF821202F
:10CD40005143F3F729FB099B03F1A000197B9A7B60
:10CD5000D3F8283104F07DFF019800880999097BF8
:10CD60004843484308F0B0FC01460198099AC2F8CC
:10CD70002C1100880999097B4843484308F0A4FC1A
:10CD800001460198099AC2F8301100880999097B77
:10CD90004843484308F098FC01460198099AC2F8B4
:10CDA000341100880999097B484308F08DFC01463D
:10CDB0000198099AC2F8381100880999097B4843FB
:10CDC00008F082FC0999C1F83C01099901F1A80019
:10CDD0000A7BD1F82C31114604F03BFF099901F18F
:10CDE000B0000A7BD1F83031114604F032FF0999C6
:10CDF00001F1B8000A7BD1F83431114604F029FF63
:10CE0000099A02F1C000117BD2F838310122029256
:10CE100004F01FFF029A099B03F1C800197BD3F8A5
:10CE20003C3104F016FF0999002081F82800099987
:10CE300081F82900099981F82A00099981F82B00C5
:10CE4000099981F82C000AB080BD000000000000A4
:10CE500080B582B001900198C07B20B1FFE70198B6
:10CE6000FFF766FA16E0019BD3F8FC00596841F21F
:10CE7000C022C2F20042009212889B7B5A43F3F711
:10CE800072FA0099019A50680988927B5143F3F72E
:10CE900083FAFFE7019BD3F8F800996841F2C022BA
:10CEA000C2F2004212885B7B5A43F3F75CFA02B08D
:10CEB00080BD00000000000080B582B001900198A4
:10CEC00090F82C00B0BBFFE70199B1F8A000A1F8E1
:10CED000B0000199B1F88200A1F8B2000199B1F84F
:10CEE000B000A1F8B8000199B1F85A00A1F8BA0051
:10CEF000019A02F1A00002F18001B03205F014F8AD
:10CF0000019981F8D000019A02F1B00002F15801B4
:10CF1000B83205F009F8019981F8D000019A02F1C0
:10CF2000580002F1B801503205F096F8019981F8E5
:10CF3000D000FFE702B080BD80B582B001900198BB
:10CF400090F82900A8BBFFE7019901F16000683162
:10CF500005F0E2F8019981F8D000019A02F1600031
:10CF600002F15001583204F0DFFF019981F8D0003E
:10CF70000199B1F85800A1F8B0000199B1F86A0020
:10CF8000A1F8B200019A02F1580002F16801B03232
:10CF900004F0CAFF019981F8D000019A02F1B000B3
:10CFA00002F19001583204F0F5FD019981F8D000AA
:10CFB000FFE702B080BD000080B582B0019001980B
:10CFC00090F82A00002872D1FFE7019901F1800052
:10CFD000883105F0A1F8019981F8D0000199B1F8E4
:10CFE0008000A1F8B0000199B1F85A00A1F8B20090
:10CFF000019A02F1800002F15801B03204F094FF6E
:10D00000019981F8D0000199B1F8B000A1F8B800F9
:10D010000199B1F88A00A1F8BA00019A02F1B000B2
:10D0200002F18801B83204F07FFF019981F8D00045
:10D030000199B1F89800A1F8A8000199B1F89A00F7
:10D04000A1F8AA00019A02F1B80002F19801A832F1
:10D0500004F0A0FD019981F8D000019901F1A80028
:10D06000B83104F0FBFD019981F8D0000199B1F8C5
:10D070005800A1F8B0000199B1F88A00A1F8B200F7
:10D08000019A02F1580002F18801B03204F04CFF1D
:10D09000019981F8D000019A02F1B00002F1B801C3
:10D0A000A03204F041FF019981F8D000FFE702B0FF
:10D0B00080BD00000000000080B584B0039003989C
:10D0C000FFF7C6FE0398D0F8D40028B1FFE7039815
:10D0D000D0F8D4108847FFE7039800F0B5F803981C
:10D0E000D0F8D80028B1FFE70398D0F8D8108847C7
:10D0F000FFE70398FFF720FF0398D0F8DC0028B182
:10D10000FFE70398D0F8DC108847FFE70398007C1E
:10D1100020B9FFE70398C07BF0B9FFE70398FFF75A
:10D120004BFF0398D0F8E00028B1FFE70398D0F850
:10D13000E0108847FFE7039800F0DAF80398D0F88A
:10D14000E40028B1FFE70398D0F8E4108847FFE730
:10D150000398FFF7B1FE1BE0039BD3F8F000D3F870
:10D16000F41041F2C022C2F20042019212881B7BED
:10D170005A43F3F7F8F8019A039BD3F80001D3F868
:10D18000041112881B7B5A435A43F3F7ECF8FFE76C
:10D190000398D0F8E80028B1FFE70398D0F8E8102A
:10D1A0008847FFE700208DF80B00FFE79DF80B0094
:10D1B0000399097B88422CDAFFE70398D0F8002115
:10D1C0009DF80B10037B11FB031302EB830292ED1E
:10D1D000000A006A00EB810090ED001AB4EE410AEB
:10D1E000F1EE10FA0EDAFFE7039B186A9DF80B20A8
:10D1F00050F82200D3F800111B7B12FB032241F8E8
:10D200002200FFE7FFE79DF80B0001308DF80B00CF
:10D21000CCE7039B1868D3F8F01041F2C022C2F2A9
:10D22000004212881B7B5A43F3F79DF80398D0F80D
:10D23000EC0028B1FFE70398D0F8EC108847FFE72F
:10D240000398006804B080BD80B582B00190019859
:10D2500090F82800002846D1FFE70198407B01287C
:10D2600034DBFFE70199087BA1F8C0000199012098
:10D270000090A1F8C200019A02F1600002F13001B1
:10D28000C03204F051FE01460098019A82F8D01095
:10D29000019A117BA2F8C8100199A1F8CA00019A5D
:10D2A00002F1780002F14001C83204F03DFE01991C
:10D2B00081F8D000019A02F1C00002F1C8013832B1
:10D2C00004F068FC019981F8D0000BE0019A02F1AA
:10D2D000600002F13001383204F026FE019981F835
:10D2E000D000FFE7FFE702B080BD000000000000B3
:10D2F00080B582B00190019890F82B0000284BD1A6
:10D30000FFE70199B1F88000A1F8C0000199012060
:10D310000090A1F8C200019A02F1800002F13801E8
:10D32000C03204F001FE01460098019A82F8D01044
:10D33000019AB2F84810A2F8C8100199A1F8CA00E1
:10D34000019A02F1480002F1C001C83204F084FEE3
:10D3500001460098019A82F8D010019AB2F8A01004
:10D36000A2F8C0100199A1F8C200019A02F1A00030
:10D3700002F1C801C03204F0D7FD019981F8D00054
:10D38000019A02F1380002F1C001303204F002FCCF
:10D39000019981F8D000FFE702B080BD00000000D5
:10D3A00082B001908DED000A01989DED003A90ED5C
:10D3B000004A90ED010A90ED022A90ED031A24EE46
:10D3C000034A24EE034A20EE030A20EE030AA4EEE9
:10D3D000030AA2EE030A30EE010A02B07047000011
:10D3E00080B588B0FFE744F2D840C5F60200016876
:10D3F00041F001010160006800F00100079007980A
:10D40000FFE70B2000900621019100220592F9F719
:10D41000B7FF0098F9F7A8FF0199059A0C20029030
:10D42000F9F7AEFF0298F9F79FFF059A0D200390D8
:10D4300005210491F9F7A4FF0398F9F795FF0499E2
:10D44000059A2F200690F9F79BFF0698F9F78CFFB5
:10D4500008B080BD0000000080B582B040F6E0203A
:10D46000C2F2004000904AF20001C4F200010160E3
:10D47000002201928260C2600274427482740423AA
:10D4800043614FF0010EC0F818E04FF0130CC0F8E4
:10D490001CC0052101624362C0F828E0C0F82CC01E
:10D4A000016342638163C163036408214164826450
:10D4B000C164026543658265C26501664266816634
:10D4C000F9F74EF818B1FFE7F4F74EFEFFE702B0A8
:10D4D00080BD00000000000080B582B040F68030C2
:10D4E000C2F2004000904AF20041C4F20001016023
:10D4F000002101918160C160017441748174052231
:10D5000042614FF0010CC0F818C00E23C3610262E3
:10D510004262C0F828C0C362026340F256334363DC
:10D520008263C26301640422426482640823C36488
:10D53000016542658165C1650266416606218166B5
:10D54000F9F70EF818B1FFE7F4F70EFEFFE702B0A7
:10D5500080BD00000000000080B582B040F6204091
:10D56000C2F2004000904DF20041C4F2000101609F
:10D57000002201928260C2600274427482740521AA
:10D5800041614FF0010CC0F818C00E23C361016265
:10D590004162C0F828C0C362016340F2AD634363D7
:10D5A0008163C16302210164042141648264C16416
:10D5B000026541658265C265032303664266816632
:10D5C000F8F7CEFF18B1FFE7F4F7CEFDFFE702B0A2
:10D5D00080BD00000000000080B5A0B045F6240C1E
:10D5E000C0F6010CDCF80000DCF80410DCF80820C0
:10D5F000DCF80C30DCF810C0CDF87CC01E931D9216
:10D600001C911B901BA80021019106F0E1F80199E3
:10D6100040F67C02C2F20042106045F2E87EC0F69D
:10D62000010EDEF80000DEF80420DEF80830DEF837
:10D630000CC0DEF810E0CDF868E0CDF864C01893B7
:10D640001792169016A806F0C3F8019940F2983286
:10D65000C2F20042106045F2D47EC0F6010EDEF840
:10D660000000DEF80420DEF80830DEF80CC0DEF83A
:10D6700010E0CDF854E0CDF850C013931292119001
:10D6800011A806F0A5F8019940F2D822C2F2004292
:10D69000106045F2C07EC0F6010EDEF80000DEF834
:10D6A0000420DEF80830DEF80CC0DEF810E0CDF81B
:10D6B00040E0CDF83CC00E930D920C900CA806F003
:10D6C00087F8019940F2D422C2F20042106045F27C
:10D6D000FC7EC0F6010EDEF80000DEF80420DEF865
:10D6E0000830DEF80CC0DEF810E0CDF82CE0CDF804
:10D6F00028C009930892079007A806F069F80199D5
:10D7000040F2E432C2F20042106045F6100EC0F65C
:10D71000010EDEF80000DEF80420DEF80830DEF846
:10D720000CC0DEF810E0CDF818E0CDF814C004937A
:10D730000392029002A806F04BF840F2FC31C2F2CC
:10D740000041086020B080BD80B594B000201390E7
:10D750001290119010900F90FFE744F2E040C5F650
:10D760000200016841F004010160006800F004005B
:10D770000E900E98FFE7FFE744F2E040C5F6020086
:10D78000016841F080010160006800F080000D90A8
:10D790000D98FFE7FFE744F2E040C5F6020001689C
:10D7A00041F001010160006800F001000C900C984C
:10D7B000FFE7FFE744F2E040C5F60200016841F0F0
:10D7C00002010160006800F002000B900B98FFE777
:10D7D000FFE744F2E040C5F60200016841F01001A5
:10D7E0000160006800F010000A900A98FFE7FFE768
:10D7F00044F2E040C5F60200016841F00801016012
:10D80000006800F0080009900998FFE740F6000062
:10D81000C5F6020000904FF4C04100220692F9F7CD
:10D82000ABFC009848F2090101220492F9F7A4FC2C
:10D83000049A0020C5F60200029004210191F9F734
:10D840009BFC049A41F20000C5F6020007904FF4D9
:10D8500008510391F9F790FC0098049A06994FF447
:10D8600060430F931092119112910FA90891F9F74B
:10D87000AFFA0098049B069A08994FF0090CCDF86E
:10D880003CC010931192032205921292F9F7A0FA6C
:10D890000298049A069B08990F9210931192F9F737
:10D8A00097FADDF804C00298049B059A0899CDF810
:10D8B0003CC0109311931292F9F78AFADDF80CC06C
:10D8C000049B059A07980899CDF83CC010931193D2
:10D8D0001292F9F77DFA069A079808994FF4A05327
:10D8E0000F934FF4881310931192F9F771FA14B053
:10D8F00080BD00000000000080B582B040F6C0404E
:10D90000C2F20040009043F60001C4F20001016041
:10D910004FF4800141600021019181600722C260C3
:10D920004FF0007202614FF0807242614FF08062EE
:10D9300082614FF08042C261016241628162C162D4
:10D9400042638163C163016441648164C1640165B0
:10D9500041658165FCF76CFB18B1FFE7F4F704FC47
:10D96000FFE702B080BD000080B590B000210191BA
:10D970000F910E910D910C910B910A9109910891C3
:10D9800007910691059104910391029140F69450FC
:10D99000C2F2004040F20042C4F2000202601622CD
:10D9A0004260816042F20F72C26001618021816138
:10D9B000FDF7A2F818B1FFE7F4F7D6FBFFE74FF445
:10D9C00080500C9040F69450C2F200400CA9FDF734
:10D9D000A3F918B1FFE7F4F7C7FBFFE740F694504F
:10D9E000C2F20040FDF7F0FC18B1FFE7F4F7BCFB12
:10D9F000FFE7002009900B9040F69450C2F20040DF
:10DA000009A9FCF7B9FF18B1FFE7F4F7ADFBFFE791
:10DA100060200290002003900490069040F69450FD
:10DA2000C2F2004002A90C22FDF7F6FB18B1FFE795
:10DA3000F4F79AFBFFE740F69450C2F20040FDF77E
:10DA4000B3FB10B080BD000080B582B040F6E0505E
:10DA5000C2F20040019045F20001C4F200010160F1
:10DA600048F2A061C0F2010141604FF48051816031
:10DA70004FF40051C1604FF48061016104214161A4
:10DA800000218161C161016241628162FEF740FA59
:10DA900018B1FFE7F4F768FBFFE740F6E050C2F289
:10DAA00000400021FDF77CFE18B1FFE7F4F75CFBB6
:10DAB000FFE740F6E050C2F200400021FDF728FEEB
:10DAC00018B1FFE7F4F750FBFFE740F6E050C2F271
:10DAD0000040FDF7F5FC18B1FFE7F4F745FBFFE761
:10DAE00002B080BD0000000080B582B040F67460D6
:10DAF000C2F20040009047F60001C4F2000101604C
:10DB00004FF461214160002101918160C160016198
:10DB10000C2242618161C161016241628162FEF752
:10DB2000F7F918B1FFE7F4F71FFBFFE740F6746061
:10DB3000C2F200400021FDF733FE18B1FFE7F4F711
:10DB400013FBFFE740F67460C2F200400021FDF7CE
:10DB5000DFFD18B1FFE7F4F707FBFFE740F674605D
:10DB6000C2F20040FDF7ACFC18B1FFE7F4F7FCFA95
:10DB7000FFE702B080BD0000FFE7FEE70000000005
:10DB8000FFE7FEE70000000088B0079006910592CD
:10DB9000079800F0070004900498C0F107000528DA
:10DBA00003D3FFE70420019004E00498C0F10700CC
:10DBB0000190FFE70198039004980430062803D8E9
:10DBC000FFE70020009003E0049803380090FFE78F
:10DBD0000098029006980399012202FA01F1013996
:10DBE0000840029B984005999A40013A1140084329
:10DBF00008B070470000000080B582B00190FFE7D8
:10DC000000F002F8FCE7000080B592B0FFE740F2B8
:10DC10000030C2F2004090F8900020B9FFE70120E8
:10DC200005F0BAFDF3E748F6F420C2F2004007F031
:10DC300023FAFFE740F23C00C2F200400490B0F942
:10DC4000120000EE100AB8EEC00A9FEDA11A8DED89
:10DC5000051A20EE010A9FED9F1A8DED061A80EE3F
:10DC6000010A40F20030C2F200400F9090ED041A19
:10DC700030EE410A41F20020C2F20040019090EDE6
:10DC80000E1A30EE010A40F2F831C2F2004181ED85
:10DC9000000A91ED000A8DED000A90ED0B1A90ED4F
:10DCA000240A90ED252A21EE021A8DED021A03F0C6
:10DCB00029FF9DED001A0198B0EE402A9DED020A61
:10DCC00020EE020A9FED842AA1EE020A8DED070ADA
:10DCD00090ED240A90ED281A8DED031A04F076FADF
:10DCE0009DED033A04999DED052A9DED061A0F98C6
:10DCF000B0EE404A9DED070AA3EE040A40F2F0326E
:10DD0000C2F200420E9282ED000AB1F9361000EE26
:10DD1000101AB8EEC00A20EE020A80EE010A90ED59
:10DD2000041A30EE010A41F22000C2F200400B90CA
:10DD300090ED0E1A30EE010A40F2F431C2F20041C9
:10DD400081ED000A91ED000AB7EEC00A8DED080BD7
:10DD500090ED0B1A90ED240A90ED252A21EE021A7F
:10DD60008DED0C1A03F0CEFE9DED081B0B98B0EE66
:10DD7000402A9DED0C0A20EE020AB7EEC00A9FED84
:10DD80004E2BA1EE020B8DED100B90ED240A90EDC1
:10DD9000281A8DED0D1A04F019FA9DED0D1A0E9A40
:10DDA0000F99B0EE402A9DED100B21EE021AB7EE4E
:10DDB000C11A30EE010BB7EEC00B40F2EC30C2F2EC
:10DDC000004080ED000A92ED000A90ED001A30EE5E
:10DDD000410AB6EE001A20EE010A40F2E830C2F223
:10DDE000004080ED000A91ED0B0AB1EE400AD0ED43
:10DDF000000A48F6F420C2F2004007F0A9F948F6FC
:10DE00003440C2F20040016840F2EC60C2F20040CF
:10DE1000C0F8581190ED4A0AB5EE400AF1EE10FA3A
:10DE200039D1FFE740F2EC60C2F2004090ED560AB3
:10DE3000B7EEC00A9FED221BB4EE410BF1EE10FAD3
:10DE400029DCFFE740F2EC60C2F2004090ED560A98
:10DE5000B7EEC00A9FED1C1BB4EE410BF1EE10FAB9
:10DE600019DBFFE740F2EC60C2F2004090ED561A79
:10DE700090ED570A40F20011C2F2004191ED002AE4
:10DE8000B8EE422A9FED153A82EE032AA1EE020A6D
:10DE900080ED570A08E040F2EC61C2F20041D1F88F
:10DEA0002C01C1F85C01FFE740F20010C2F2004013
:10DEB000006805F071FCBDE6000000000000B03F06
:10DEC000333333333333D33F333333333333D3BF4A
:10DED0005077D63D3C3C7C410000803D00007A44B8
:10DEE00086B004908DED030ACDED020A049818B9AE
:10DEF000FFE7002005903BE10499086C4864049911
:10DF0000C86B086402980499886103980499C861F1
:10DF10009DED020A9DED031A30EE410A049880ED52
:10DF20000F0A04984078C007002800F00281FFE73C
:10DF3000049800780146019128B1FFE70198012873
:10DF400000F08980F4E0049890ED010A90ED0F1A3A
:10DF500020EE010A80ED090A049890ED021A90ED76
:10DF60000A0A90ED0F2AA1EE020A80ED0A0A04992E
:10DF7000486B88630499086B4863049890ED0F0A16
:10DF800090ED101A30EE410A80ED0C0A049890EDE5
:10DF9000030A90ED0C1A20EE010A80ED0B0AFFE750
:10DFA000049890ED051A90ED0A0AB1EE411AB4EE0C
:10DFB000410AF1EE10FA08DCFFE7049890ED050A3B
:10DFC000B1EE400A80ED0A0A0FE0049890ED051AC0
:10DFD00090ED0A0AB4EE410AF1EE10FA04DBFFE715
:10DFE000049948698862FFE7FFE7FFE7049890ED2E
:10DFF000090A90ED0A2A90ED0B1A30EE020A30EE73
:10E00000010A80ED080AFFE7049890ED041A90EDEC
:10E01000080AB1EE411AB4EE410AF1EE10FA08DC3A
:10E02000FFE7049890ED040AB1EE400A80ED080A7B
:10E030000FE0049890ED041A90ED080AB4EE410A3E
:10E04000F1EE10FA04DBFFE7049908690862FFE7C4
:10E05000FFE7FFE76CE0049890ED010A90ED0F1ADE
:10E0600090ED102A31EE421A20EE010A80ED090AE5
:10E07000049890ED020A90ED0F1A20EE010A80ED4F
:10E080000A0A0499486B88630499086B48630498EA
:10E0900090ED0F0A90ED102A90ED111AB8EE003AAB
:10E0A000A2EE030A30EE010A80ED0C0A049890ED0E
:10E0B000030A90ED0C1A20EE010A80ED0B0A049879
:10E0C00090ED080A90ED091A90ED0A3A90ED0B2AAE
:10E0D00031EE031A31EE021A30EE010A80ED080A21
:10E0E000FFE7049890ED041A90ED080AB1EE411A8A
:10E0F000B4EE410AF1EE10FA08DCFFE7049890ED67
:10E10000040AB1EE400A80ED080A0FE0049890ED91
:10E11000041A90ED080AB4EE410AF1EE10FA04DB9D
:10E12000FFE7049908690862FFE7FFE7FFE7FFE7F9
:10E130001AE0049900200090486404990864049946
:10E14000C86304998863049948630499086304992F
:10E15000C862049988620499486204990862049923
:10E1600088610499C861FFE70498006A0590FFE799
:10E170009DED050A06B0704786B005908DF8131026
:10E1800003928DED020ACDED010A059818B1FFE763
:10E19000039808B9FFE742E00398006805994860D2
:10E1A0000398406805998860039880680599C8605D
:10E1B0000598407800F00100012830D0FFE79DF875
:10E1C0001300059908700398006805994860039842
:10E1D000406805998860039880680599C86002982E
:10E1E00005990861019805994861059900200090FA
:10E1F000886305994863059908630599086205993C
:10E20000C86205998862059948620599486405992C
:10E2100008640599C863059901204870FFE706B0B6
:10E22000704700000000000080B582B00190FFE759
:10E2300000F066FAFCE700000000000000000000AB
:10E24000EFF30980BFF36F8F154B1A681EF0100FA4
:10E2500008BF20ED108A20E9F04F10602DE9090079
:10E260004FF0500080F31188BFF34F8FBFF36F8FD3
:10E2700006F012FC4FF0000080F31188BDE80900A1
:10E2800019680868B0E8F04F1EF0100F08BFB0EC36
:10E29000108A80F30988BFF36F8F704700BF00BFFB
:10E2A000641100240000000080B586B00590049140
:10E2B0000392059845F66C02C0F601020021019117
:10E2C0009FED100ADFED100ACDED020AFFF754FFB3
:10E2D0000199DDED020A049845F67802C0F60102C4
:10E2E000B0EE000AFFF748FF0199DDED020A03983E
:10E2F00045F68402C0F60102B7EE000AFFF73CFFC4
:10E3000006B080BDCDCC4C3E0000000000000000F7
:10E3100080B5B0B002A80190B821F2F73DF801989D
:10E32000002103914FF40042029218220492C82265
:10E3300005920222069207920892099120220A92DF
:10E340000B914FF000511D91F9F73AFB18B1FFE71F
:10E35000F3F70AFFFFE730B080BD000000000000C7
:10E3600080B586B00490039100208DF8070044F238
:10E370002840C5F60200006800F00300032804D11D
:10E38000FFE701208DF81700CBE044F20041C5F60D
:10E390000201086820F080600860F8F705FF02902D
:10E3A000FFE744F20040C5F60200006800F000619B
:10E3B0000020B0EBD16F0CD0FFE7F8F7F5FE029923
:10E3C000401A032804D3FFE703208DF81700A8E0C4
:10E3D000E7E7FFE744F22841C5F60201086820F4A8
:10E3E0007C30049A126840EA023008600499486858
:10E3F000D1F808C0CB680A6901386FF35F204FF687
:10E400000061CFF6FF7101EB4C2189B20844002175
:10E41000CFF6FF7101EB034101F4FE0108444FF018
:10E420007F4101EB026101F0FE41084444F23841B2
:10E43000C5F602010860FFE744F22C41C5F602016F
:10E440000091086820F0C000049A526910430860E7
:10E45000086820F02000049A926910430860086858
:10E4600020F01000086044F23C42C5F60202106839
:10E470004FF6F8739843049BDB6940EAC3001060D1
:10E48000086840F010000860039848B9FFE744F2BC
:10E490002C41C5F60201086840F40020086016E02F
:10E4A0000398012809D1FFE744F22C41C5F6020187
:10E4B000086840F48010086008E044F22C41C5F67A
:10E4C0000201086840F400100860FFE7FFE744F22B
:10E4D0000041C5F60201086840F080600860F8F766
:10E4E00063FE0290FFE744F20040C5F602000068B8
:10E4F00000F000610020B0EBD16F0CD1FFE7F8F71E
:10E5000053FE0299401A032804D3FFE703208DF835
:10E51000170006E0E7E7FFE79DF807008DF8170012
:10E52000FFE79DF8170006B080BD00000000000066
:10E5300080B586B00490039100208DF8070044F266
:10E540002840C5F60200006800F00300032804D14B
:10E55000FFE701208DF81700CBE044F20041C5F63B
:10E560000201086820F080500860F8F71DFE029054
:10E57000FFE744F20040C5F60200006800F00051D9
:10E580000020B0EB517F0CD0FFE7F8F70DFE0299A9
:10E59000401A032804D3FFE703208DF81700A8E0F2
:10E5A000E7E7FFE744F22841C5F60201086820F0DA
:10E5B0007C70049A126840EA025008600499486826
:10E5C000D1F808C0CB680A6901386FF35F204FF6B5
:10E5D0000061CFF6FF7101EB4C2189B208440021A4
:10E5E000CFF6FF7101EB034101F4FE0108444FF047
:10E5F0007F4101EB026101F0FE41084444F24041D9
:10E60000C5F602010860FFE744F22C41C5F602019D
:10E610000091086820F44060049A52691043086031
:10E62000086820F40070049A926910430860086832
:10E6300020F48070086044F24442C5F6020210687B
:10E640004FF6F8739843049BDB6940EAC3001060FF
:10E65000086840F480700860039848B9FFE744F206
:10E660002C41C5F60201086840F48000086016E0FD
:10E670000398012809D1FFE744F22C41C5F60201B5
:10E68000086840F40000086008E044F22C41C5F638
:10E690000201086840F080700860FFE7FFE744F27D
:10E6A0000041C5F60201086840F080500860F8F7A4
:10E6B0007BFD0290FFE744F20040C5F602000068CF
:10E6C00000F000510020B0EB517F0CD1FFE7F8F7CC
:10E6D0006BFD0299401A032804D3FFE703208DF84D
:10E6E000170006E0E7E7FFE79DF807008DF8170041
:10E6F000FFE79DF8170006B080BD00000000000095
:10E7000080B582B040F2C410C2F2004090ED000A21
:10E71000B8EE400A9FED131A80EE010A8DED010A52
:10E72000FFE740F2E811C2F20041887A0873C87A24
:10E73000487340F2C410C2F20040009090ED000A0D
:10E74000B8EE400A9FED071A80EE010A40F2EC6035
:10E75000C2F2004005F0B8FD0098006805F01CF812
:10E76000DFE700BF00007A448AB00990099890ED75
:10E770000D0A20EE000A8DED080A099890ED0E0AA8
:10E7800020EE000A8DED070A099890ED0F0A20EEA1
:10E79000000A8DED060A099890ED0C0A90ED0D1A0D
:10E7A00020EE010A8DED050A099890ED0C0A90ED16
:10E7B0000E1A20EE010A8DED040A099890ED0C0A5C
:10E7C00090ED0F1A20EE010A8DED030A099890EDE5
:10E7D0000D0A90ED0E1A20EE010A8DED020A09983D
:10E7E00090ED0D0A90ED0F1A20EE010A8DED010A51
:10E7F000099890ED0E0A90ED0F1A20EE010A8DEDAA
:10E80000000A9DED073AB8EE002AB7EE000AB0EE16
:10E81000401AA3EE021A9DED063AA3EE021A0998D9
:10E8200080ED101A9DED021A9DED033A31EE431A68
:10E8300031EE011A099880ED111A9DED011A9DED36
:10E84000043A31EE031A31EE011A099880ED121ADA
:10E850009DED021A9DED033A31EE031A31EE011AD5
:10E86000099880ED131A9DED083AB0EE401AA3EE18
:10E87000021A9DED063AA3EE021A099880ED141AC9
:10E880009DED001A9DED053A31EE431A31EE011A65
:10E89000099880ED151A9DED011A9DED043A31EEAF
:10E8A000431A31EE011A099880ED161A9DED001AEF
:10E8B0009DED053A31EE031A31EE011A099880ED0B
:10E8C000171A9DED081AA1EE020A9DED071AA1EE96
:10E8D000020A099880ED180A0AB07047000000008B
:10E8E00082B001900091019818B1FFE7009808B933
:10E8F000FFE78BE0019800780199497840EA012010
:10E900006FF3DF200099088001984078C0080199D2
:10E91000897840EA41106FF3DF2000994880019820
:10E92000807880090199C97840EA810001990979C4
:10E9300040EA81206FF3DF200099888001980079F8
:10E9400040080199497940EAC1106FF3DF2000992E
:10E95000C8800198007C0199497C40EA01206FF34E
:10E96000DF200099088101984079C0F301100099D7
:10E9700088720198407980090099C872019880795D
:10E980000199C97940EA01200099C8810198007A6B
:10E990000199497A40EA0120009908820198807A19
:10E9A0000199C97A40EA0120009948820198007BC8
:10E9B000009908750198407B009948750198807B03
:10E9C0000199C97B40EA01200099C8820099088812
:10E9D000A0F58060088000994888A0F58060488094
:10E9E00000998888A0F5806088800099C888A0F583
:10E9F0008060C88000990889A0F58060088100992E
:10EA0000FA204876009900200876FFE702B07047A8
:10EA100080B540F6C040C2F20040FBF741F980BD2E
:10EA200082B00190019800684069009001980168E7
:10EA3000886940F00800886101980168886940F0A1
:10EA40001000886101980168086820F001000860E2
:10EA500001980168086940F26F329043086101989B
:10EA60000168886820F440408860019890F881002F
:10EA7000042815D0FFE79DF80000800600280ED579
:10EA8000FFE70199D1F8840040F08000C1F88400CC
:10EA900001980168886940F020008861FFE7FFE77E
:10EAA000019890F88100032815D0FFE79DF8000039
:10EAB000400600280ED5FFE70199D1F8840040F008
:10EAC0000400C1F8840001980168886940F04000A2
:10EAD0008861FFE7FFE79DF80100800700280ED559
:10EAE000FFE70199D1F8840040F00100C1F88400EB
:10EAF00001980168886940F400708861FFE79DF81B
:10EB00000100C00770B1FFE70199D1F8840040F01F
:10EB10000800C1F8840001980168886940F4807099
:10EB20008861FFE701990020A1F862000199A1F82E
:10EB30006A0002B07047000080B582B00190019871
:10EB4000806B009000990020A1F86A000099A1F85C
:10EB500062000099012081F881000098FBF79CF881
:10EB600002B080BD0000000083B002900298C16B2B
:10EB7000012000EB511001900298C0680130009014
:10EB800000980730C008009000980199484303B0EE
:10EB9000704700000000000080B586B0DDF820C09E
:10EBA000049003918DF80B200193FFE7049800680F
:10EBB000406903990840401AB0FA80F040099DF876
:10EBC0000B10884214D1FFE7F8F7EEFA0899401AC3
:10EBD0000199884204D3FFE70198013018B9FFE793
:10EBE000019820B9FFE703208DF8170004E0DDE766
:10EBF00000208DF81700FFE79DF8170006B080BDD4
:10EC0000074B19680868B0E8F04F80F30988BFF334
:10EC10006F8F4FF0000080F31188704700BF00BF76
:10EC2000641100240000000080B582B00190FFE76D
:10EC3000012004F0B1FDFBE780B582B04FF0500039
:10EC400080F31188BFF36F8FBFF34F8F009006F0F2
:10EC50007BF840B1FFE74EF60451CEF200014FF0D1
:10EC600080500860FFE700200190019880F3118830
:10EC700002B080BD0000000080B59EB00BA84C2102
:10EC8000F1F78AFB002001900A9009900890079004
:10EC900006900590049003900220F8F791FBFFE79F
:10ECA0000020029044F61800C5F60200016821F425
:10ECB00040410160006800F4404002900298FFE784
:10ECC000FFE744F61800C5F60200006800F40050A3
:10ECD000B0F5005F01D0FFE7F3E701210B914FF49E
:10ECE00080300C90022014901590169028221792D4
:10ECF000189119901A900C201B9000201C901D90C8
:10ED00000BA8FAF7B9FA18B1FFE7F3F72DFAFFE706
:10ED10003F200390032104910020059008200690D5
:10ED20004020079008904FF4806209920A9003A84F
:10ED3000F9F73EFE18B1FFE7F3F716FAFFE71EB04A
:10ED400080BD0000000000004EF68851CEF20001A8
:10ED5000086840F47000086042F20000C5F200202C
:10ED6000006800F00F0006280AD8FFE742F2000111
:10ED7000C5F200210868072262F303000860FFE77C
:10ED800044F20041C5F60201086840F00100086045
:10ED900044F21042C5F602020020106008684EF6E8
:10EDA0007F52CEF6F6221040086042F20000C5F213
:10EDB0000020006800F00F0008280AD3FFE742F2A5
:10EDC0000001C5F200210868072262F30300086011
:10EDD000FFE744F21841C5F602010020086044F242
:10EDE0001C41C5F60201086044F22041C5F602014B
:10EDF000086044F22842C5F6020240F20021C0F247
:10EE00000221116044F22C42C5F602020021C0F238
:10EE1000FF11116044F23042C5F6020240F2802137
:10EE2000C0F20111116044F23442C5F602021060D2
:10EE300044F23842C5F60202116044F23C42C5F683
:10EE40000202106044F24042C5F60202116044F230
:10EE50004441C5F60201086044F20042C5F60202D0
:10EE6000116821F48021116044F26041C5F602016D
:10EE7000086044F20001C5F2002143F2D2000860AC
:10EE8000704700000000000080B540F64850C2F214
:10EE90000040FCF72DF880BD80B540F69450C2F2DA
:10EEA0000040FCF725F880BD83B0029001910298E4
:10EEB0000068009002980021C4F20101884225D028
:10EEC000FFE70298B0F1804F20D0FFE7029840F2B0
:10EED0000041C4F20001884218D0FFE7029840F6D2
:10EEE0000001C4F20001884210D0FFE7029840F60A
:10EEF0000041C4F20001884208D0FFE7029840F2C6
:10EF00000041C4F2010188420AD1FFE7009820F0D5
:10EF10007000009001984168009808430090FFE756
:10EF200002980021C4F2010188424DD0FFE7029807
:10EF3000B0F1804F48D0FFE7029840F20041C4F2A0
:10EF40000001884240D0FFE7029840F60001C4F279
:10EF50000001884238D0FFE7029840F60041C4F231
:10EF60000001884230D0FFE7029840F20041C4F22D
:10EF70000101884228D0FFE7029844F20001C4F260
:10EF80000101884220D0FFE7029844F20041C4F218
:10EF90000101884218D0FFE7029844F60001C4F24C
:10EFA0000101884210D0FFE702984EF20001C4F23E
:10EFB0000001884208D0FFE702984EF20041C4F2F7
:10EFC000000188420AD1FFE7009820F440700090C9
:10EFD0000198C168009808430090FFE7009820F06E
:10EFE00080000199496908430090009802990860DF
:10EFF000019880680299C862019800680299886245
:10F0000002980021C4F20101884220D0FFE7029853
:10F0100040F20041C4F20101884218D0FFE7029893
:10F0200044F20001C4F20101884210D0FFE70298C7
:10F0300044F20041C4F20101884208D0FFE702987F
:10F0400044F60001C4F20101884205D1FFE70198AE
:10F05000006902990863FFE702990120486103B043
:10F06000704700000000000085B0049003910292F8
:10F070000193049880680090009820F47F400090ED
:10F0800003980299019A41EA02210143009808433A
:10F09000009000980499886005B070470000000057
:10F0A00083B00290019102988068009000984FF61A
:10F0B0008F71CFF6CF7108400090019800990843F6
:10F0C00040F00700009000980299886003B07047F4
:10F0D00085B0049003910499086A20F00100086249
:10F0E0000498006A01900498406800900498806930
:10F0F000029002984FF68F71CFF6FE710840029091
:10F10000029820F0030002900398016802980843D7
:10F110000290019820F00200019003988168019804
:10F120000843019004980021C4F20101884220D0D4
:10F13000FFE7049840F20041C4F20101884218D070
:10F14000FFE7049844F20001C4F20101884210D0A4
:10F15000FFE7049844F20041C4F20101884208D05C
:10F16000FFE7049844F60001C4F2010188420ED181
:10F17000FFE7019820F0080001900398C16801980A
:10F1800008430190019820F004000190FFE70498E3
:10F190000021C4F20101884220D0FFE7049840F228
:10F1A0000041C4F20101884218D0FFE7049844F2FC
:10F1B0000001C4F20101884210D0FFE7049844F234
:10F1C0000041C4F20101884208D0FFE7049844F6E8
:10F1D0000001C4F20101884213D1FFE7009820F436
:10F1E00080700090009820F40070009003984169AE
:10F1F00000980843009003988169009808430090A4
:10F20000FFE7009804994860029804998861039880
:10F2100040680499486301980499086205B07047F2
:10F2200085B0049003910499086A20F010000862E8
:10F230000498006A019004984068009004988069DE
:10F240000290029848F6FF71CFF6FF6108400290E5
:10F25000029820F44070029003980168029840EAF6
:10F2600001200290019820F020000190039881680D
:10F27000019840EA0110019004980021C4F20101B4
:10F28000884229D0FFE7049840F20041C4F201010E
:10F29000884221D0FFE7049844F20001C4F2010142
:10F2A000884203D1FFE70020B0B9FFE7049844F299
:10F2B0000041C4F20101884203D1FFE7002058B9A0
:10F2C000FFE7049844F60001C4F20101884212D11C
:10F2D000FFE7012078B9FFE7019820F08000019056
:10F2E0000398C168019840EA01100190019820F04C
:10F2F00040000190FFE704980021C4F20101884218
:10F3000020D0FFE7049840F20041C4F20101884296
:10F3100018D0FFE7049844F20001C4F201018842CA
:10F3200010D0FFE7049844F20041C4F20101884282
:10F3300008D0FFE7049844F60001C4F201018842B6
:10F3400015D1FFE7009820F480600090009820F429
:10F350000060009003984169009840EA81000090A5
:10F3600003988169009840EA81000090FFE70098C7
:10F370000499486002980499886103984068049948
:10F38000886301980499086205B070470000000086
:10F3900085B0049003910499086A20F48070086293
:10F3A0000498006A01900498406800900498C0692D
:10F3B000029002984FF68F71CFF6FE7108400290CE
:10F3C000029820F003000290039801680298084315
:10F3D0000290019820F400700190039881680198D0
:10F3E00040EA0120019004980021C4F20101884202
:10F3F00029D0FFE7049840F20041C4F2010188429D
:10F4000021D0FFE7049844F20001C4F201018842D0
:10F4100003D1FFE70020B0B9FFE7049844F20041B0
:10F42000C4F20101884203D1FFE7002058B9FFE789
:10F43000049844F60001C4F20101884212D1FFE7AA
:10F44000012078B9FFE7019820F40060019003984B
:10F45000C168019840EA01200190019820F4806081
:10F460000190FFE704980021C4F20101884220D0F6
:10F47000FFE7049840F20041C4F20101884218D02D
:10F48000FFE7049844F20001C4F20101884210D061
:10F49000FFE7049844F20041C4F20101884208D019
:10F4A000FFE7049844F60001C4F20101884215D137
:10F4B000FFE7009820F480500090009820F400505E
:10F4C000009003984169009840EA01100090039869
:10F4D0008169009840EA01100090FFE700980499C4
:10F4E000486002980499C861039840680499C86309
:10F4F00001980499086205B0704700000000000000
:10F5000085B0049003910499086A20F48050086241
:10F510000498006A01900498406800900498C069BB
:10F520000290029848F6FF71CFF6FF610840029002
:10F53000029820F44070029003980168029840EA13
:10F5400001200290019820F40050019003988168F6
:10F55000019840EA0130019004980021C4F20101B1
:10F56000884220D0FFE7049840F20041C4F2010134
:10F57000884218D0FFE7049844F20001C4F2010168
:10F58000884210D0FFE7049844F20041C4F2010120
:10F59000884208D0FFE7049844F60001C4F2010154
:10F5A00088420BD1FFE7009820F480400090039838
:10F5B0004169009840EA81100090FFE700980499A3
:10F5C000486002980499C8610398406804990864E7
:10F5D00001980499086205B070470000000000001F
:10F5E00085B0049003910499086A20F48030086281
:10F5F0000498006A01900498406800900498406D57
:10F60000029002984FF68F71CFF6FE71084002907B
:10F6100003980168029808430290019820F4003092
:10F62000019003988168019840EA01400190049894
:10F630000021C4F20101884220D0FFE7049840F283
:10F640000041C4F20101884218D0FFE7049844F257
:10F650000001C4F20101884210D0FFE7049844F28F
:10F660000041C4F20101884208D0FFE7049844F643
:10F670000001C4F2010188420BD1FFE7009820F499
:10F680008030009003984169009840EA0120009082
:10F69000FFE7009804994860029804994865039828
:10F6A00040680499886501980499086205B070471C
:10F6B00085B0049003910499086A20F480100862D0
:10F6C0000498006A01900498406800900498406D86
:10F6D0000290029848F6FF71CFF6FF610840029051
:10F6E00003980168029840EA01200290019820F4F2
:10F6F0000010019003988168019840EA0150019040
:10F7000004980021C4F20101884220D0FFE7049848
:10F7100040F20041C4F20101884218D0FFE704988A
:10F7200044F20001C4F20101884210D0FFE70498BE
:10F7300044F20041C4F20101884208D0FFE7049876
:10F7400044F60001C4F2010188420BD1FFE70098A2
:10F7500020F48020009003984169009840EA8120BD
:10F760000090FFE700980499486002980499486562
:10F77000039840680499C86501980499086205B027
:10F78000704700000000000085B0049003910292D1
:10F790000498006A00900499086A20F00100086249
:10F7A000049880690190019820F0F000019002997E
:10F7B000019840EA01100190009820F00A000090A2
:10F7C0000399009808430090019804998861009873
:10F7D0000499086205B0704785B0049003910292C5
:10F7E0000499086A20F0100008620498806901906A
:10F7F0000498006A0090019820F4704001900299EA
:10F80000019840EA01300190009820F0A00000909B
:10F810000399009840EA01100090019804998861CA
:10F8200000980499086205B07047000000000000CD
:10F8300080B540F6E050C2F20040FCF705F880BD0C
:10F8400080B540F67460C2F20040FBF7FDFF80BD5A
:10F8500082B001900198406E40B9FFE70199012004
:10F86000A1F86A000199A1F8680032E010208DF833
:10F8700003008DF80200019800688068C0F34260C0
:10F880008DF80100019800688068400F8DF8000035
:10F890009DF802009DF8002045F69803C0F601038C
:10F8A000995C484345F69001C0F601018A5CB0FBC3
:10F8B000F2F0019AA2F86A009DF803009DF8012079
:10F8C0009B5C5843895CB0FBF1F00199A1F868009A
:10F8D000FFE702B07047000081B00090009890F8F8
:10F8E0002800C00758B1FFE700980068406820F47E
:10F8F0000030009A1168D26A10434860FFE7009810
:10F9000090F82800800700280BD5FFE700980068D2
:10F91000406820F48030009A1168126B10434860F0
:10F92000FFE7009890F82800400700280BD5FFE774
:10F9300000980068406820F48020009A1168526B9B
:10F9400010434860FFE7009890F82800000700285F
:10F950000BD5FFE700980068406820F40040009A4B
:10F960001168926B10434860FFE7009890F82800F8
:10F97000C00600280BD5FFE700980068806820F4D7
:10F980008050009A1168D26B10438860FFE700989E
:10F9900090F82800800600280BD5FFE70098006843
:10F9A000806820F40050009A1168126C104388603F
:10F9B000FFE7009890F82800400600281CD5FFE7D4
:10F9C00000980068406820F48010009A1168526C1A
:10F9D000104348600098406CB0F5801F0BD1FFE7E2
:10F9E00000980068406820F4C000009A1168926C8A
:10F9F00010434860FFE7FFE7009890F828000006F2
:10FA000000280BD5FFE700980068406820F400202C
:10FA1000009A1168D26C10434860FFE701B070474C
:10FA200080B588B0069006990020C1F89000F7F7DD
:10FA3000BBFB0590069800680068000700282FD5DA
:10FA4000FFE70698059B6A466FF07E4111604FF410
:10FA50000011002200F0F4FE08B3FFE7FFE7FFE724
:10FA60000698006850E8000F20F080000490FFE73F
:10FA700004990698026842E800100028F0D1FFE7D8
:10FA8000FFE706992020C1F88800FFE706990020CB
:10FA900081F88400FFE703208DF81F005FE0FFE797
:10FAA0000698006800684007002842D5FFE70698DE
:10FAB000059B6A466FF07E4111604FF48001002281
:10FAC00000F0BEFEA0B3FFE7FFE7FFE7069800687F
:10FAD00050E8000F20F490700390FFE70399069818
:10FAE000026842E800100028F0D1FFE7FFE7FFE7D7
:10FAF000FFE70698006850E8020F20F0010002902E
:10FB0000FFE702990698026842E802100028F0D147
:10FB1000FFE7FFE706992020C1F88C00FFE7069970
:10FB2000002081F88400FFE703208DF81F0016E015
:10FB3000FFE706992020C1F888000699C1F88C00DB
:10FB400006990020C86606990867FFE70699002015
:10FB500081F88400FFE700208DF81F00FFE79DF883
:10FB60001F0008B080BD000080B582B001900198F0
:10FB7000806B009000990020A1F85E000099A1F828
:10FB800056000098FBF75CFE02B080BD000000004C
:10FB900080B584B003900398806B02900298D0F8EF
:10FBA000880001900298D0F88C00009002980068BC
:10FBB0008068000600280CD5FFE70198212808D1AD
:10FBC000FFE702990020A1F85600029800F0E0F843
:10FBD000FFE7029800688068400600280CD5FFE720
:10FBE0000098222808D1FFE702990020A1F85E00C2
:10FBF000029800F059F8FFE70299D1F8900040F020
:10FC00001000C1F890000298FBF71AFE04B080BD06
:10FC100080B584B003900398806B02900398C0690C
:10FC2000B0F5807F2BD0FFE702990020A1F85600A5
:10FC3000FFE7FFE70298006850E8020F20F080001D
:10FC40000190FFE701990298026842E8021000283B
:10FC5000F0D1FFE7FFE7FFE7FFE70298006850E811
:10FC6000000F40F040000090FFE700990298026802
:10FC700042E800100028F0D1FFE7FFE703E0029818
:10FC8000FCF74EFBFFE704B080BD00000000000061
:10FC900080B582B001900198806B00900098FCF7CD
:10FCA00043FB02B080BD000084B00390FFE7FFE794
:10FCB0000398006850E8000F20F490700290FFE76E
:10FCC00002990398026842E800100028F0D1FFE78B
:10FCD000FFE7FFE7FFE70398006850E8020F4FF6E1
:10FCE000FE71CEF6FF7108400190FFE7019903987D
:10FCF000026842E802100028EDD1FFE7FFE7039811
:10FD0000C06E012814D1FFE7FFE7FFE70398006802
:10FD100050E8000F20F010000090FFE700990398D2
:10FD2000026842E800100028F0D1FFE7FFE7FFE794
:10FD300003992020C1F88C0003990020C86603991C
:10FD4000486704B07047000080B582B00190FFE7BB
:10FD5000FFE70198006850E8000F20F04000009095
:10FD6000FFE700990198026842E800100028F0D1EE
:10FD7000FFE7FFE701992020C1F8880001990020E2
:10FD800088670198FCF7CCFA02B080BD0000000043
:10FD900083B00290FFE7FFE70298006850E8000F89
:10FDA00020F0C0000190FFE701990298026842E844
:10FDB00000100028F0D1FFE7FFE7FFE7FFE7029818
:10FDC000006850E8020F20F400000090FFE700995F
:10FDD0000298026842E802100028F0D1FFE7FFE72E
:10FDE00002992020C1F8880003B07047000000008D
:10FDF00080B59EB01D9000208DF867001D980068AA
:10FE000040F60041C5F60001884201D1FFE700E05D
:10FE1000FFE71D9988680B694A69C969184310434F
:10FE200008431C901D980068006846F6F311CCF654
:10FE3000FF7108401C9908431D99096808601D98C6
:10FE40000068406820F440501D9A1168D268104341
:10FE500048601D9880691C901D98006840F600411C
:10FE6000C5F60001884206D0FFE71D98016A1C987C
:10FE700008431C90FFE71D98006880684FF2FF411F
:10FE8000C1F2FF1108401C9908431D990968886058
:10FE90001D980068C06A20F00F001D9A1168526A10
:10FEA0001043C862FFE71D98006841F20001C4F2E8
:10FEB0000101884240F04180FFE744F25440C5F61A
:10FEC0000200006800F038000146109128282FD861
:10FED0001099DFE801F0152D2D2D2D2D2D2D192D2B
:10FEE0002D2D2D2D2D2D1D2D2D2D2D2D2D2D212D5E
:10FEF0002D2D2D2D2D2D252D2D2D2D2D2D2D29006B
:10FF000001208DF86D0017E004208DF86D0013E0DE
:10FF100008208DF86D000FE010208DF86D000BE0CB
:10FF200020208DF86D0007E040208DF86D0003E083
:10FF300080208DF86D00FFE76CE21D98006844F2A8
:10FF40000041C4F2000188422ED1FFE744F2544040
:10FF5000C5F60200006800F0070001460F91052871
:10FF60001DD80F99DFE801F003070B0F13170020CE
:10FF70008DF86D0017E004208DF86D0013E0082067
:10FF80008DF86D000FE010208DF86D000BE0202043
:10FF90008DF86D0007E040208DF86D0003E08020B3
:10FFA0008DF86D00FFE734E21D98006844F600010B
:10FFB000C4F2000188422ED1FFE744F25440C5F656
:10FFC0000200006800F0070001460E9105281DD8C8
:10FFD0000E99DFE801F003070B0F131700208DF8CF
:10FFE0006D0017E004208DF86D0013E008208DF8F7
:10FFF0006D000FE010208DF86D000BE020208DF8D3
:020000040801F1
:100000006D0007E040208DF86D0003E080208DF842
:100010006D00FFE7FCE11D98006844F60041C4F262
:10002000000188422ED1FFE744F25440C5F6020099
:10003000006800F0070001460D9105281DD80D99B4
:10004000DFE801F003070B0F131700208DF86D0098
:1000500017E004208DF86D0013E008208DF86D0086
:100060000FE010208DF86D000BE020208DF86D0062
:1000700007E040208DF86D0003E080208DF86D00D2
:10008000FFE7C4E11D98006845F20001C4F20001D9
:1000900088422ED1FFE744F25440C5F602000068C2
:1000A00000F0070001460C9105281DD80C99DFE8E7
:1000B00001F003070B0F131700208DF86D0017E0F8
:1000C00004208DF86D0013E008208DF86D000FE01E
:1000D00010208DF86D000BE020208DF86D0007E0FA
:1000E00040208DF86D0003E080208DF86D00FFE763
:1000F0008CE11D98006841F20041C4F20101884280
:1001000040F04180FFE744F25440C5F60200006829
:1001100000F0380001460B9128282FD80B99DFE812
:1001200001F0152D2D2D2D2D2D2D192D2D2D2D2D94
:100130002D2D1D2D2D2D2D2D2D2D212D2D2D2D2D0B
:100140002D2D252D2D2D2D2D2D2D290001208DF826
:100150006D0017E004208DF86D0013E008208DF885
:100160006D000FE010208DF86D000BE020208DF861
:100170006D0007E040208DF86D0003E080208DF8D1
:100180006D00FFE741E11D98006847F60001C4F2E9
:10019000000188422ED1FFE744F25440C5F6020028
:1001A000006800F0070001460A9105281DD80A9949
:1001B000DFE801F003070B0F131700208DF86D0027
:1001C00017E004208DF86D0013E008208DF86D0015
:1001D0000FE010208DF86D000BE020208DF86D00F1
:1001E00007E040208DF86D0003E080208DF86D0061
:1001F000FFE709E11D98006847F60041C4F20001DD
:1002000088422ED1FFE744F25440C5F60200006850
:1002100000F007000146099105281DD80999DFE87B
:1002200001F003070B0F131700208DF86D0017E086
:1002300004208DF86D0013E008208DF86D000FE0AC
:1002400010208DF86D000BE020208DF86D0007E088
:1002500040208DF86D0003E080208DF86D00FFE7F1
:10026000D1E01D98006841F60001C4F20101884206
:1002700040F04180FFE744F25440C5F602000068B8
:1002800000F038000146089128282FD80899DFE8A7
:1002900001F0152D2D2D2D2D2D2D192D2D2D2D2D23
:1002A0002D2D1D2D2D2D2D2D2D2D212D2D2D2D2D9A
:1002B0002D2D252D2D2D2D2D2D2D290001208DF8B5
:1002C0006D0017E004208DF86D0013E008208DF814
:1002D0006D000FE010208DF86D000BE020208DF8F0
:1002E0006D0007E040208DF86D0003E080208DF860
:1002F0006D00FFE786E01D98006841F60041C4F2FA
:100300000101884240F04180FFE744F25440C5F6C5
:100310000200006800F038000146079128282FD815
:100320000799DFE801F0152D2D2D2D2D2D2D192DDF
:100330002D2D2D2D2D2D1D2D2D2D2D2D2D2D212D09
:100340002D2D2D2D2D2D252D2D2D2D2D2D2D290016
:1003500001208DF86D0017E004208DF86D0013E08A
:1003600008208DF86D000FE010208DF86D000BE077
:1003700020208DF86D0007E040208DF86D0003E02F
:1003800080208DF86D00FFE73BE01D98006840F687
:100390000041C5F6000188422ED1FFE744F25840E3
:1003A000C5F60200006800F0070001460691052826
:1003B0001DD80699DFE801F003070B0F1317022081
:1003C0008DF86D0017E004208DF86D0013E0082013
:1003D0008DF86D000FE010208DF86D000BE02020EF
:1003E0008DF86D0007E040208DF86D0003E080205F
:1003F0008DF86D00FFE703E080208DF86D00FFE7CA
:10040000FFE7FFE7FFE7FFE7FFE7FFE7FFE7FFE7BC
:10041000FFE7FFE7FFE71D98006840F60041C5F6DB
:100420000001884240F0B480FFE79DF86D0001466E
:100430000591022814D0FFE70598042814D0FFE79F
:100440000598082816D0FFE70598102818D0FFE770
:100450000598202835D0FFE70598402837D03AE0A6
:10046000F7F702F811903CE015A8F7F711F8169885
:10047000119036E012A8F7F757F91398119030E071
:1004800044F20040C5F60200006800F020010020A0
:10049000B0EB511F0ED0FFE744F20040C5F602005A
:1004A0000068C0F3C10149F20000C0F2D030C8407A
:1004B000119005E049F20000C0F2D0301190FFE742
:1004C0000FE040F60010C0F23D00119009E04FF43B
:1004D0000040119005E00020119001208DF8670088
:1004E000FFE71198002852D0FFE711981D994A6A3A
:1004F00045F6A001C0F6010131F81210B0FBF1F091
:10050000189018981D99496801EB4101884207D35A
:10051000FFE718981D994968B0EB013F04D9FFE740
:1005200001208DF8670031E011981D994A68039207
:100530004A6A45F6A001C0F6010131F812200023F5
:1005400004931946EFF7DEFE039A049B090241EA81
:100550001061000210EB520041F10001EFF7D2FEF2
:100560001A901A98B0F5407F0BD3FFE71A99002034
:10057000B0EB115F05D1FFE71A981D990968C860B3
:1005800003E001208DF86700FFE7FFE7FFE746E1A2
:100590001D98C069B0F5004F40F0A880FFE79DF8B6
:1005A0006D0001460291402800F263800299DFE865
:1005B00001F021256060296060602F6060606060EC
:1005C0006060356060606060606060606060606056
:1005D0006060566060606060606060606060606025
:1005E000606060606060606060606060606060600B
:1005F00060605C00F8F798FC119040E0F8F7A8FC08
:1006000011903CE015A8F6F743FF1698119036E0DC
:1006100012A8F7F789F81398119030E044F20040DF
:10062000C5F60200006800F020010020B0EB511F69
:100630000ED0FFE744F20040C5F602000068C0F3A8
:10064000C10149F20000C0F2D030C840119005E06D
:1006500049F20000C0F2D0301190FFE70FE040F601
:100660000010C0F23D00119009E04FF400401190DD
:1006700005E00020119001208DF86700FFE7119838
:1006800098B3FFE711981D9A5168536A45F6A00286
:10069000C0F6010232F81320B0FBF2F0400000EB8C
:1006A0005100B0FBF1F01A901A98102818D3FFE708
:1006B000BDF86A00A0B9FFE71A9820F00F00ADF866
:1006C0006E001A9800F00E01BDF86E0040EA51006D
:1006D000ADF86E00BDF86E001D990968C86003E0B2
:1006E00001208DF86700FFE7FFE797E09DF86D00B8
:1006F00001460191402800F263800199DFE801F092
:1007000021256060296060602F60606060606060CB
:100710003560606060606060606060606060606004
:1007200056606060606060606060606060606060D3
:1007300060606060606060606060606060606060B9
:100740005C00F8F7F1FB119040E0F8F701FC119024
:100750003CE015A8F6F79CFE1698119036E012A81A
:10076000F6F7E2FF1398119030E044F20040C5F62E
:100770000200006800F020010020B0EB511F0ED0F5
:10078000FFE744F20040C5F602000068C0F3C10173
:1007900049F20000C0F2D030C840119005E049F2A3
:1007A0000000C0F2D0301190FFE70FE040F60010DB
:1007B000C0F23D00119009E04FF40040119005E0B7
:1007C0000020119001208DF86700FFE7119820B3F9
:1007D000FFE711981D9A5168536A45F6A002C0F6CA
:1007E000010232F81320B0FBF2F000EB5100B0FB35
:1007F000F1F01A901A9810280AD3FFE7BDF86A00A2
:1008000030B9FFE7BDF868001D990968C86003E0CA
:1008100001208DF86700FFE7FFE7FFE7FFE71D997D
:100820000120A1F86A001D99A1F868001D99002017
:1008300048671D9988679DF867001EB080BD00005D
:1008400080B586B0DDF820C0049003918DF80B20B0
:100850000193FFE704980068C06903990840401AB3
:10086000B0FA80F040099DF80B1088425ED1FFE796
:1008700008980130002858D0FFE7F6F795FC019959
:10088000401A0899884203D8FFE7089820B9FFE783
:1008900003208DF817004DE00498006800684007B9
:1008A000002841D5FFE704980068C06900F00801FE
:1008B0000120B0EBD10F16D1FFE7049801680820A2
:1008C000009008620498FFF7EFF900980499C1F8C6
:1008D0009000FFE70499002081F88400FFE70120E1
:1008E0008DF8170026E004980068C06900F40061E4
:1008F0000120B0EBD12F16D1FFE7049801684FF427
:10090000006008620498FFF7CFF904992020C1F82D
:100910009000FFE70499002081F88400FFE703209E
:100920008DF8170006E0FFE7FFE793E700208DF85A
:100930001700FFE79DF8170006B080BD000000001B
:1009400084B0039002910192009303990120C8663C
:10095000009840000399A1F85C000398016888683A
:1009600040F04000886003980168086840F010007B
:100970000860FFE70398D0F8800000681021C4F2F7
:100980000201884200F0A280FFE70398D0F88000BF
:1009900000682821C4F20201884200F09780FFE736
:1009A0000398D0F8800000684021C4F20201884218
:1009B00000F08C80FFE70398D0F880000068582191
:1009C000C4F20201884200F08180FFE70398D0F86A
:1009D000800000687021C4F20201884276D0FFE7EF
:1009E0000398D0F8800000688821C4F20201884290
:1009F0006CD0FFE70398D0F880000068A021C4F213
:100A00000201884262D0FFE70398D0F880000068B6
:100A1000B821C4F20201884258D0FFE70398D0F809
:100A20008000006840F21041C4F2020188424DD0BB
:100A3000FFE70398D0F88000006840F22841C4F234
:100A40000201884242D0FFE70398D0F88000006896
:100A500040F24041C4F20201884237D0FFE70398D8
:100A6000D0F88000006840F25841C4F20201884288
:100A70002CD0FFE70398D0F88000006840F2704166
:100A8000C4F20201884221D0FFE70398D0F8800029
:100A9000006840F28841C4F20201884216D0FFE7A4
:100AA0000398D0F88000006840F2A041C4F202012F
:100AB00088420BD0FFE70398D0F88000006840F22E
:100AC000B841C4F20201884209D1FFE70398D0F887
:100AD00080000168086820F00100086008E00398C1
:100AE000D0F880000168086820F001000860FFE786
:100AF000FFE70398D0F8800000680068C00700286E
:100B00007FF438AFFFE703990868D1F880102430EC
:100B10000968886002980399D1F880100968C86054
:100B200001980399D1F88010096808610098039929
:100B3000D1F88010096848600398D0F880000168F7
:100B4000086840F4802008600398D0F880000068AE
:100B50001021C4F20201884200F0A280FFE703984E
:100B6000D0F8800000682821C4F20201884200F019
:100B70009780FFE70398D0F8800000684021C4F216
:100B80000201884200F08C80FFE70398D0F88000D3
:100B900000685821C4F20201884200F08180FFE71A
:100BA0000398D0F8800000687021C4F202018842E6
:100BB00076D0FFE70398D0F8800000688821C4F25F
:100BC000020188426CD0FFE70398D0F880000068EB
:100BD000A021C4F20201884262D0FFE70398D0F856
:100BE00080000068B821C4F20201884258D0FFE7B3
:100BF0000398D0F88000006840F21041C4F202016E
:100C000088424DD0FFE70398D0F88000006840F29A
:100C10002841C4F20201884242D0FFE70398D0F88D
:100C20008000006840F24041C4F20201884237D09F
:100C3000FFE70398D0F88000006840F25841C4F202
:100C4000020188422CD0FFE70398D0F880000068AA
:100C500040F27041C4F20201884221D0FFE70398BC
:100C6000D0F88000006840F28841C4F20201884256
:100C700016D0FFE70398D0F88000006840F2A0414A
:100C8000C4F2020188420BD0FFE70398D0F880003D
:100C9000006840F2B841C4F20201884209D1FFE77E
:100CA0000398D0F880000168086840F001000860EF
:100CB00008E00398D0F880000168086840F001005F
:100CC0000860FFE704B0704780B582B00190ADF8CE
:100CD00002100198D0F88000006800680003002826
:100CE00000F19281FFE70198D0F8800000681021A0
:100CF000C4F20201884200F0A280FFE70198D0F818
:100D0000800000682821C4F20201884200F0978028
:100D1000FFE70198D0F8800000684021C4F202018A
:100D2000884200F08C80FFE70198D0F880000068CE
:100D30005821C4F20201884200F08180FFE7019847
:100D4000D0F8800000687021C4F20201884276D099
:100D5000FFE70198D0F8800000688821C4F2020102
:100D600088426CD0FFE70198D0F880000068A0218D
:100D7000C4F20201884262D0FFE70198D0F88000F7
:100D80000068B821C4F20201884258D0FFE70198F8
:100D9000D0F88000006840F21041C4F2020188429D
:100DA0004DD0FFE70198D0F88000006840F228415C
:100DB000C4F20201884242D0FFE70198D0F88000D7
:100DC000006840F24041C4F20201884237D0FFE798
:100DD0000198D0F88000006840F25841C4F2020146
:100DE00088422CD0FFE70198D0F88000006840F2DC
:100DF0007041C4F20201884221D0FFE70198D0F887
:100E00008000006840F28841C4F20201884216D096
:100E1000FFE70198D0F88000006840F2A041C4F2DA
:100E2000020188420BD0FFE70198D0F880000068EB
:100E300040F2B841C4F20201884209D1FFE70198AB
:100E4000D0F880000168086820F00100086008E020
:100E50000198D0F880000168086820F0010008605F
:100E6000FFE70198D0F880000168086840F400208E
:100E700008600198D0F8800000681021C4F20201D7
:100E8000884200F0A280FFE70198D0F88000006857
:100E90002821C4F20201884200F09780FFE7019800
:100EA000D0F8800000684021C4F20201884200F0BE
:100EB0008C80FFE70198D0F8800000685821C4F2C8
:100EC0000201884200F08180FFE70198D0F880009D
:100ED00000687021C4F20201884276D0FFE70198D1
:100EE000D0F8800000688821C4F2020188426CD0EA
:100EF000FFE70198D0F880000068A021C4F2020149
:100F0000884262D0FFE70198D0F880000068B821DD
:100F1000C4F20201884258D0FFE70198D0F880005F
:100F2000006840F21041C4F2020188424DD0FFE750
:100F30000198D0F88000006840F22841C4F2020114
:100F4000884242D0FFE70198D0F88000006840F264
:100F50004041C4F20201884237D0FFE70198D0F83F
:100F60008000006840F25841C4F2020188422CD04F
:100F7000FFE70198D0F88000006840F27041C4F2A9
:100F80000201884221D0FFE70198D0F88000006874
:100F900040F28841C4F20201884216D0FFE701986E
:100FA000D0F88000006840F2A041C4F202018842FB
:100FB0000BD0FFE70198D0F88000006840F2B841FC
:100FC000C4F20201884207D1FFE70198D0F88000FF
:100FD00001682420486006E00198D0F8800001688C
:100FE00024204860FFE7BDF8020012280BD1FFE77C
:100FF00040F20000C2F2004040F2E811C2F20041AB
:10100000FDF76EFCFFE791E10198D0F880000068E1
:101010001021C4F20201884200F0A280FFE701988B
:10102000D0F8800000682821C4F20201884200F054
:101030009780FFE70198D0F8800000684021C4F253
:101040000201884200F08C80FFE70198D0F8800010
:1010500000685821C4F20201884200F08180FFE755
:101060000198D0F8800000687021C4F20201884223
:1010700076D0FFE70198D0F8800000688821C4F29C
:10108000020188426CD0FFE70198D0F88000006828
:10109000A021C4F20201884262D0FFE70198D0F893
:1010A00080000068B821C4F20201884258D0FFE7EE
:1010B0000198D0F88000006840F21041C4F20201AB
:1010C00088424DD0FFE70198D0F88000006840F2D8
:1010D0002841C4F20201884242D0FFE70198D0F8CB
:1010E0008000006840F24041C4F20201884237D0DB
:1010F000FFE70198D0F88000006840F25841C4F240
:10110000020188422CD0FFE70198D0F880000068E7
:1011100040F27041C4F20201884221D0FFE70198F9
:10112000D0F88000006840F28841C4F20201884291
:1011300016D0FFE70198D0F88000006840F2A04187
:10114000C4F2020188420BD0FFE70198D0F880007A
:10115000006840F2B841C4F20201884209D1FFE7B9
:101160000198D0F880000168086820F0010008604C
:1011700008E00198D0F880000168086820F00100BC
:101180000860FFE70198D0F880000168086820F443
:10119000002008600198D0F8800000681021C4F297
:1011A0000201884200F0A280FFE70198D0F8800099
:1011B00000682821C4F20201884200F09780FFE70E
:1011C0000198D0F8800000684021C4F202018842F2
:1011D00000F08C80FFE70198D0F88000006858216B
:1011E000C4F20201884200F08180FFE70198D0F844
:1011F000800000687021C4F20201884276D0FFE7C7
:101200000198D0F8800000688821C4F20201884269
:101210006CD0FFE70198D0F880000068A021C4F2EC
:101220000201884262D0FFE70198D0F88000006890
:10123000B821C4F20201884258D0FFE70198D0F8E3
:101240008000006840F21041C4F2020188424DD093
:10125000FFE70198D0F88000006840F22841C4F20E
:101260000201884242D0FFE70198D0F88000006870
:1012700040F24041C4F20201884237D0FFE70198B2
:10128000D0F88000006840F25841C4F20201884260
:101290002CD0FFE70198D0F88000006840F2704140
:1012A000C4F20201884221D0FFE70198D0F8800003
:1012B000006840F28841C4F20201884216D0FFE77C
:1012C0000198D0F88000006840F2A041C4F2020109
:1012D00088420BD0FFE70198D0F88000006840F208
:1012E000B841C4F20201884207D1FFE70198D0F863
:1012F000800001682420486006E00198D0F8800052
:10130000016824204860FFE7BDF8020012280CD1D4
:10131000FFE740F20000C2F20040123040F2E81154
:10132000C2F20041FDF7DCFAFFE7FFE702B080BD43
:10133000FFE7FEE70000000080B598B01790169117
:101340008DED150A1698406F40F2CC51C2F2004163
:1013500008601698406940F2D051C2F2004108601E
:10136000179890ED040A8DED010A90ED180A00F02F
:101370002DFFB0EE401A9DED010A20EE010A1798EC
:1013800080ED080A179890ED010A8DED020A90EDA4
:10139000170A00F01BFFB0EE401A9DED020A20EE86
:1013A000010A179880ED060A179890ED000A8DED56
:1013B000040A90ED040A8DED030A90ED180A00F07E
:1013C000A1FB9DED031AB0EE402A9DED040AA1EEAB
:1013D000020A179880ED070A179890ED010A8DED23
:1013E000050A90ED170A00F08DFBB0EE401A9DED56
:1013F000050A20EE010A179880ED050A179890ED6E
:10140000053A90ED062A90ED071A90ED080A31EEA4
:10141000431A30EE420A20EE000AA1EE010AB7EEAE
:10142000C00A04F0F1F8B7EEC00B179880ED0F0A70
:10143000179890ED020A90ED052A90ED071A30EE0C
:10144000000A31EE421A20EE010A80ED120A1798C6
:1014500090ED020A90ED062A90ED081A30EE000A8F
:1014600031EE421A20EE010A80ED130A179890ED32
:10147000022A90ED031A90ED0F0A20EE000AA2EE68
:10148000020AA1EE410A80ED140A179890ED122A83
:1014900090ED130A90ED141AB7EEC03A8DED063BAD
:1014A00020EE000AA2EE020AA1EE410AB7EEC00A3F
:1014B00004F0AAF8B0EE401B9DED060B30EE010BD8
:1014C000B7EEC00B179890ED121A90ED142A71EE3A
:1014D000020A03F043FF30EE000A179880ED150A68
:1014E000179890ED020A8DED090A90ED061A90ED1D
:1014F000082A90ED150A31EE421A8DED0A1A00F015
:1015000065FE9DED091AB0EE402A9DED0A0AA1EE96
:10151000020A8DED0D0A179890ED020A8DED0C0A66
:1015200090ED051A90ED072A90ED150A31EE421A5A
:101530008DED0B1A00F0E6FADDED0B0A9DED0C1AAD
:10154000B0EE402A9DED0D0AE1EE020A03F006FF1F
:10155000179880ED160A179890ED010A8DED0F0A85
:1015600090ED170A00F0CEFA8DED0E0A179890ED67
:10157000020A8DED100A90ED150A00F0C3FA9DEDF8
:101580000E2A9DED0F1AB0EE403A9DED100A20EEA6
:10159000030AA1EE020A179880ED090A179890ED48
:1015A000010A8DED120A90ED170A00F00FFE8DED85
:1015B000110A179890ED020A8DED130A90ED150AA5
:1015C00000F004FE9DED112A9DED121AB0EE403A96
:1015D0009DED130A20EE030AA1EE020A179880ED92
:1015E0000A0A179890ED002A90ED091A90ED0A0A60
:1015F000BEEE003A8DED143A02EE031A20EE000A18
:10160000A1EE010AB7EEC00A03F0FEFF9DED142A19
:10161000B7EEC00B179880ED0B0A179890ED001AE3
:10162000D0ED090A90ED0A0A41EE020A03F096FE97
:10163000179880ED0C0A179890ED0C1A9FED410A4F
:1016400030EE410A80ED0D0A179890F8B80040B9C5
:10165000FFE71799086B48641799012081F8B800D3
:10166000FFE7179890ED0C0A90ED111A30EE410A41
:101670009DED151A80EE010A80ED100A179890ED85
:10168000101A9FED310A30EE410A80ED0E0A40F249
:10169000CC50C2F2004090ED001A9FED2A0A30EEC5
:1016A000410A179890ED0C1A30EE410A80ED240A99
:1016B00040F2D050C2F2004090ED000AB1EE400A74
:1016C000179890ED101A30EE410A80ED250A17990F
:1016D000086B4864179890ED0B0A90ED2A1A30EECB
:1016E000410A9DED151A80EE010A80ED280A17982F
:1016F00090ED280A90ED2B1A30EE410A9DED151A57
:1017000080EE010A80ED290A1799D1F8A000C1F8EE
:10171000AC001799C86AC1F8A800179890ED250A7F
:1017200090ED261A30EE410A9DED151A80EE010A61
:1017300080ED270A1799D1F89400C1F8980018B0E5
:1017400080BD00BFDA0FC93F0000000000000000AC
:1017500080B590B00F900F9890ED010A8DED010AC1
:1017600090ED0C0A90ED161A30EE410A00F02EFDB5
:10177000B0EE401A9DED010A20EE010A8DED020A3D
:101780000F9890ED151A90ED170A30EE410A00F00F
:101790001DFDB0EE401A9DED020A20EE010A8DED0E
:1017A000030A0F9890ED151A90ED160A30EE410AD3
:1017B00000F00CFDB0EE401A9DED030A80EE010A28
:1017C0000F9880ED190A0F9890ED010A8DED040A2B
:1017D00090ED0C0A90ED161A30EE410A00F092F9E5
:1017E000B0EE401A9DED040A20EE010A8DED050AC7
:1017F0000F9890ED151A90ED170A30EE410A00F09F
:10180000E5FCB0EE401A9DED050A20EE010A8DEDD3
:10181000070A0F9890ED0B0A8DED060A90ED151A48
:1018200090ED160A30EE410A00F0D0FC9DED061A4C
:10183000B0EE402A9DED070A21EE021A80EE010A61
:101840000F9880ED1A0A0F9890ED040A8DED080AA2
:1018500090ED0C0A90ED151A30EE410A00F0B6FC3E
:10186000B0EE401A9DED080A20EE010A8DED090A3E
:101870000F9890ED160A90ED181A30EE410A00F01C
:10188000A5FCB0EE401A9DED090A20EE010A8DED8F
:101890000A0A0F9890ED151A90ED160A30EE410ADB
:1018A00000F094FCB0EE401A9DED0A0A80EE010AA9
:1018B0000F9880ED1B0A0F9890ED040A8DED0B0A2E
:1018C00090ED0C0A90ED151A30EE410A00F01AF96D
:1018D000B0EE401A9DED0B0A20EE010A8DED0C0AC8
:1018E0000F9890ED160A90ED181A30EE410A00F0AC
:1018F0006DFCB0EE401A9DED0C0A20EE010A8DED54
:101900000E0A0F9890ED0B0A8DED0D0A90ED151A49
:1019100090ED160A30EE410A00F058FC9DED0D1ACC
:10192000B0EE402A9DED0E0A21EE021A80EE010A69
:101930000F9880ED1C0A0F9890ED191A90ED1A0A75
:1019400090ED1F2A90ED203A20EE030AA1EE020A44
:1019500080ED1D0A0F9890ED1B1A90ED1C0A90ED7A
:101960001F2A90ED203A20EE030AA1EE020A80ED34
:101970001E0A10B080BD000081B0009000990020C8
:101980000860009942F6F600C3F65C604860009A71
:1019900040F64A41C3F682619160009AD160009995
:1019A000086101B07047000080B584B003908DF8E5
:1019B0000B100020ADF808008DF80700FFE79DF838
:1019C00007009DF80B1088421CDAFFE703989DF88A
:1019D000071000EB810090ED000ABDF8081040F2FE
:1019E000D450C2F200400844F0F726FEBDF80800CB
:1019F0000430ADF80800FFE79DF8070001308DF8CE
:101A00000700DCE7BDF8082040F2D451C2F20041E3
:101A100040F2D010C2F2004000688850BDF80800C3
:101A20000430ADF80800BDF8082040F67460C2F23A
:101A30000040FAF7F1FB04B080BD00000000000098
:101A400081B0ADF80200BDF9020000280ED4FFE716
:101A5000BDF9021001F01F02012090404A094EF228
:101A60000011CEF2000141F82200FFE701B07047FB
:101A70004EF60C50CEF200000068C0F30220704712
:101A800082B0ADF806000091BDF9060000280AD426
:101A9000FFE700980001BDF906104EF20042CEF2B9
:101AA000000288540BE000980001BDF8061001F018
:101AB0000F014EF61452CEF200028854FFE702B036
:101AC000704700000000000083B00290029800F010
:101AD000070000904EF60C51CEF20001086801900C
:101AE00001984FF6FF02104001900198009A40EAD9
:101AF00002200022C0F2FA521043019001980860BF
:101B000003B070479FED201AB5EE002A00EE012ABF
:101B10009FED1E1ABDEEC20AB5EEC02AF1EE10FA14
:101B200010EE100AB8BF013800EE100A0020B8EE1F
:101B3000C00A32EE400A9FED162A20EE010ABCEEE2
:101B4000C01A11EE101A30EE021AB0EB512F18BF66
:101B5000002102EE101A45F6B80000FE010AC0F698
:101B60000100B8EE422A00EB810090ED011A30EE40
:101B7000420AB7EE002A32EE402A20EE010A90ED2A
:101B8000001A02EE010A704783F9223E0000004469
:101B9000000000C4B0B503880D88AB4256D145881B
:101BA0004C88A54252D11488A3424FD15488A542F3
:101BB0004CD105FB03FC436800254968B5EB9C0F3D
:101BC000506831D04FEA9C02524200BF93ED000AA8
:101BD00091ED001A30EE010A03F1100E01F110042C
:101BE00000F1100580ED000A013293ED010A91ED3C
:101BF000011A30EE010A80ED010A93ED020A91ED1F
:101C0000021A30EE010A80ED020A93ED030A91ED0B
:101C1000031A30EE010A7346214680ED030A284676
:101C2000D4D12146284673461CF003020CD0524200
:101C3000B3EC010AB1EC011A30EE010A051D0132C4
:101C400080ED000A2846F3D1002000E0FD2040B2DC
:101C5000B0BD018042804360704700002DE9F04F25
:101C60008BB0B0F800B0B0F802E0F34540F051811D
:101C70000B88FD229B4540F04D814F88BB4240F0D0
:101C80004981BBF1000F436800F029816FF0030028
:101C90004C6800EB8B08CDF81CE0002700934FF058
:101CA0007E5906945E462046BBEB060009D0B9007B
:101CB0002046EEF771FB00200130874204F1040456
:101CC000FAD104F1040AC4F80090751E10D0A8EBF4
:101CD00087015046EEF760FB0120544601308642F2
:101CE00004F10404FAD1002D07F101072E46DBD1DF
:101CF000BBF1000F009BDDF81CE000F0F080042039
:101D0000CDF814B000EB8E0001901846ABF101063F
:101D100003EB8E044FEA8E021D1DCEF1000100235D
:101D200008919FED800A7746814600BF5B4580F0B1
:101D3000F58003FB0EF0B0EE403A09EB80010A910A
:101D400091ED001A0699B0EE414A01EB800009902E
:101D50002146304606E000BF91ED004A0138B0EE62
:101D6000423A1144B5EEC04AF1EE10FA0ADDB4EE83
:101D7000C34AB0EE442AF1EE10FAD8BFB0EE432ABF
:101D800009E000BFB1EE442AB4EEC23AF1EE10FA17
:101D900001DBB0EE432A0028DED1B5EE402AF1EE99
:101DA00010FA00F0BB80B0EEC13AB4EE423AF1EE68
:101DB00010FA1CBFD84310EB0B0004D0002000BF6A
:101DC00001308642FCD1B5EE401AF1EE10FA00F077
:101DD000A580CDE90346AEEB030C0A99BCF1010FD7
:101DE0004FF07E5008600AD00120294691ED002A6C
:101DF00082EE012A01308742A1EC012AF6D1DDE909
:101E0000080100BF91ED002A82EE012A0C1D01306D
:101E100081ED002A2146F5D1ACF1010B05994FF077
:101E20000008DDF818A04846CDF80890984505D17F
:101E300000EB8C060AEB8E0A33E000BF90ED001A2F
:101E40000A9CB0EE413ABBF1000F94ED002A01EE7E
:101E5000423A00F1040680ED003A15D0012000243A
:101E600006EB040905EB040E99ED002A9EED003AFD
:101E700001EE432A0130874204F1040489ED002A6F
:101E8000EED12644DDF81CE0DDE908049AED002AD5
:101E900094ED003A01EE432A04340130AAEC012A01
:101EA000F4D106EB8300013908F10108BED1DDF859
:101EB0000890013F049E09F10409039C03F101030A
:101EC0000198A6F101060444DDF814B005447FF43E
:101ED0002DAFB5EE401A009BF1EE10FA20D10EFBAB
:101EE0000BF1002000294FF000020BD093ED000A07
:101EF000B5EE400AF1EE10FA04D101328A4203F144
:101F00000403F3D38A4208BF6FF004000BB0BDE8AE
:101F1000F08FFD2250B20BB0BDE8F08FFB22F9E745
:101F20000022F7E7000000002DE9F04F88B0B0F87C
:101F300002C00B889C4540F08880B0F800E0138810
:101F40009E4540F08280B1F80290538899457CD13B
:101F50004FEA9C04476804FB09F049680CF003054C
:101F6000029101EB0010019000202CF00303A0EB84
:101F70009C0107EB830607914FEA89035168C5F17D
:101F8000000A00919FED330ACDE9039CCDE9050ECF
:101F90000099CE4601EB8008DDE901BC002CB0EED3
:101FA000401AE146384627D0624607993846B0EED7
:101FB000401A00BF92ED002A90ED003A03EE021A9B
:101FC0001A4490ED014A92ED002A04EE021A1A44D6
:101FD00090ED025A92ED002A05EE021A1A4490ED95
:101FE000036A92ED002A06EE021A013100F1100098
:101FF0001A44DFD1D946304655B1514690ED002AFA
:1020000099ED003A02EE031A043001319944F5D1FA
:1020100008F1040088ED001ABEF1010E0CF1040C69
:102020000BF1040B8046B9D1DDF80C900598DDF872
:1020300010C04844DDF818E007EB8C07BEF1010E34
:1020400006EB8C06A2D1002000E0FD2040B208B0D3
:10205000BDE8F08F00000000B0B503880D88AB42EA
:1020600056D145884C88A54252D11488A3424FD1FD
:102070005488A5424CD105FB03FC43680025496800
:10208000B5EB9C0F506831D04FEA9C02524200BF22
:1020900093ED000A91ED001A30EE410A03F1100EA3
:1020A00001F1100400F1100580ED000A013293EDFA
:1020B000010A91ED011A30EE410A80ED010A93ED1B
:1020C000020A91ED021A30EE410A80ED020A93ED08
:1020D000030A91ED031A30EE410A7346214680ED62
:1020E000030A2846D4D12146284673461CF0030231
:1020F0000CD05242B3EC010AB1EC011A30EE410AA5
:10210000051D013280ED000A2846F3D1002000E0D1
:10211000FD2040B2B0BD00002DE9F04F83B0028831
:102120004B889A424DD144880B889C4249D1002368
:10213000D1F804804FEA940C416804F0030ECDF806
:102140000080A3EB94040294140196000194CEF154
:10215000000B4046BCF1000F1ED04746029C00BF5A
:1021600008683D4638603744486807EB0609A851BF
:1021700001F11000D1F808A0013447F806A009EBDE
:102180000607C968374449F806100146E8D10199A5
:102190006C18014603E000BF009800EB8304BEF119
:1021A000000F07D05D4600BF51F8040B01352060D9
:1021B0003444F9D10133013A08F10408CAD10020AE
:1021C00000E0FD2040B203B0BDE8F08F9FED1F1A84
:1021D00020EE010A9FED1F2ABDEEC01AB5EEC00A1F
:1021E000F1EE10FA11EE100AB8BF013801EE100A34
:1021F0000020B8EEC11A30EE410A9FED151A20EE0C
:10220000010ABCEEC01A11EE101A30EE021AB0EB41
:10221000512F18BF002102EE101A45F6B80000FE3B
:10222000010AC0F60100B8EE422A00EB810090EDF1
:10223000011A30EE420AB7EE002A32EE402A20EEB2
:10224000010A90ED001A02EE010A704783F9223E5E
:1022500000000044000000C480B58EB00D90ADF8C1
:1022600032100B920A93BDF83200019000200290C8
:1022700003900A98082804D8FFE70A9800040490FD
:1022800035E00A980C2804D1FFE74FF410200490A1
:102290002CE00A98102804D1FFE74FF42020049086
:1022A00023E00A98142804D1FFE74FF4302004906B
:1022B0001AE00A98182804D1FFE74FF44020049050
:1022C00011E00A98302804D1FFE74FF46020049011
:1022D00008E00A98402804D1FFE74FF470200490EA
:1022E000FFE7FFE7FFE7FFE7FFE7FFE7FFE7002084
:1022F0000090059006900790089009900D980B9A11
:1023000001A9F3F77DFB00980EB080BD000000002E
:1023100080B596B0DDF860C01590149113921293B9
:102320001498139940F23802C2F2004292ED000A6A
:10233000B8EE400AB0EE081A20EE010A9FEDE51A49
:1023400080EE010AFEF7F8FF00201190FFE71198D8
:102350000B2817DCFFE7119940F20410C2F200408D
:1023600000EB0110149991ED0B0AFBF719F8129884
:10237000119900EB810080ED000AFFE71198013010
:102380001190E4E71598D0ED4D0A90ED5D0A40F20A
:102390008450C2F200401090FBF7A2FD10991598EE
:1023A00080ED5F0A159890ED4D1A90ED5D0A30EEC4
:1023B000412A91ED011A91ED030A139991ED063A24
:1023C00020EE030A91EE420A80ED5F0A159800F5AF
:1023D000C07040F21041C2F20041D1ED040AB1EEEA
:1023E000600A01F0B1F9159890ED5E0A40F23C5098
:1023F000C2F20040DFEDB80AFBF772FD159880EDE0
:10240000610A40F23850C2F20040007848B1FFE75C
:1024100040F23950C2F200400078002840F03F817D
:10242000FFE71498416B41F2C420C2F20040016002
:1024300090ED000AB5EE400AF1EE10FA0DDBFFE771
:1024400041F2C420C2F2004090ED000A9FEDA31AB1
:1024500030EE010A80ED000AFFE741F2C420C2F22B
:10246000004090ED000AB1EE400A80ED000A90EDC8
:10247000000AB7EEC00A9FED9A1BB4EE410BF1EED5
:1024800010FA07DCFFE740F23951C2F200410120A7
:102490000870FFE740F2E810C2F20040007B02281B
:1024A0000FD1FFE740F2E810C2F20040807A032823
:1024B00007D1FFE740F2E861C2F200410120087055
:1024C00006E040F2E861C2F2004100200870FFE738
:1024D00040F2E810C2F20040807A032820D1FFE7E2
:1024E00041F2C820C2F2004090ED000A40F22420E0
:1024F000C2F20040D0ED000A40F2E860C2F20040B3
:10250000017840F20040C2F200409FED771A01F0DE
:1025100043FE41F2CC20C2F2004080ED000A19E0F7
:1025200040F2E810C2F20040807A022811D1FFE7A1
:1025300041F2C420C2F20040016841F2CC22C2F252
:1025400000421160006841F2C821C2F200410860F7
:10255000FFE7FFE740F2FC00C2F2004090ED000A06
:10256000149890ED0B1A20EE010AB6EE001A20EE38
:10257000010A8DED0C0A41F2C420C2F200400F9016
:1025800090ED000AFFF722FE0F988DED0B0A90EDFB
:10259000000A41F2CC20C2F20040D0ED000A40F225
:1025A000A840C2F20040FBF79BFC9DED0B2A9DED7D
:1025B0000C1A0F98A1EE020A149981ED200A40F23C
:1025C0000421C2F2004191ED000A8DED0E0A90ED5A
:1025D000000AFFF797FA8DED0D0A149890ED0B0A9B
:1025E00040F20820C2F20040D0ED000A40F2F04074
:1025F000C2F20040FBF774FC9DED0D2A9DED0E1A12
:102600000F98A1EE420A149981ED1F0A159A002134
:10261000A2F8EE1090ED000A40F22420C2F2004031
:1026200090ED001A30EE410AB7EEC00AB0EEC00BD2
:102630009FED2F1BB4EE410BF1EE10FA24DAFFE709
:1026400040F20820C2F2004041F6B861C3F60561CD
:10265000016090ED000A149890ED0B1A30EE410ADB
:10266000B7EEC00AB0EEC00B9FED231BB4EE410BDA
:10267000F1EE10FA07DAFFE740F23951C2F20041F9
:1026800001200870FFE709E040F20821C2F2004192
:1026900049F69A10C3F699600860FFE72DE340F20F
:1026A0003850C2F200400078012840F02583FFE74F
:1026B00040F23950C2F200400078012840F01C83FB
:1026C000FFE740F2E810C2F20040807A02282CD1E5
:1026D00024E000BF00007A4400000000DA0FC9C007
:1026E000CDCCCCCCCCCCEC3F00007A4500BF00BFB9
:1026F000666666666666D63F7B14AE47E17A943FAF
:102700000AD723BD9A9999C09A99994000205045BB
:102710000AD7233D0AD7A33D5C8F423E40F2395190
:10272000C2F2004100200870FFE71299149890ED62
:10273000243A90ED254A91ED002A91ED010A91EDA0
:10274000025A91ED031A20EE040AA2EE030A15982C
:102750000A9090ED576A90ED4A4A90ED4B7A90EDD1
:10276000503A90ED562A36EE476AA5EE060A32EE4A
:10277000442AA1EE020A91ED041A90ED582A1FEDA9
:10278000204A32EE042A32EE432AA1EE020A91EDEB
:10279000051A90ED592AA1EE020A80ED400A129A1C
:1027A000149890ED243A90ED254A92ED062A92ED88
:1027B000070A92ED085A92ED091A20EE040AA2EED9
:1027C000030A159991ED576A91ED4A4A91ED4B7ABA
:1027D00091ED503A91ED562A36EE476AA5EE060A7B
:1027E00032EE442AA1EE020A92ED0A1A91ED582A1D
:1027F00032EE432AA1EE020A92ED0B1A91ED592A0C
:10280000A1EE020A80ED200A149890ED200A159995
:1028100091ED611A30EE010A80ED200A159890EDD5
:10282000400A90ED5F1A30EE410A80ED400A15989B
:1028300000F580701FED4D0A5FED4D0A00F084FF3A
:10284000159991ED400A1FED4F1A20EE010ABDEED9
:10285000C00A10EE100AA1F8EE00FFE71598B0F9D3
:10286000EE0010F5804F06DCFFE715994FF440406D
:10287000A1F8EE000DE01598B0F9EE00B0F5804F2C
:1028800006DBFFE715994FF48040A1F8EE00FFE763
:10289000FFE7FFE71598B0F8EE00404240F23C0138
:1028A000C2F20041C881159890F88A0101280DD024
:1028B000FFE7159890F88A01022807D0FFE71598DE
:1028C00090F88A01032840F05B81FFE7159890F8A3
:1028D0008A01012871D1FFE740F2E410C2F2004002
:1028E00090ED000A8DED080A149890ED240AFFF788
:1028F00009F9B0EE401A9DED080A80EE010A8DED4F
:10290000090A1898149991ED0B0A5FED7F0AFBF7FD
:10291000E7FAB0EE401A9DED090A30EE010A14986C
:1029200080ED1F0A149890ED0B0A1FED861AB4EE85
:10293000410AF1EE10FA0DDAFFE741F21800C2F297
:10294000004090ED000AB7EE001A30EE010A80ED6B
:10295000000AFFE741F21800C2F2004090ED000AC1
:10296000B2EE041AB4EE410AF1EE10FA24DBFFE7EE
:1029700041F21C00C2F2004090ED000AB2EE041ACF
:10298000B4EE410AF1EE10FA16DBFFE741F218014E
:10299000C2F200410020086041F21C01C2F2004175
:1029A0000860159A022182F88A11159A82F88B1113
:1029B000159981F88C01FFE7E1E0159890F88A01FC
:1029C000022874D1FFE740F2E410C2F2004090ED1B
:1029D000000A8DED060A149890ED240AFFF792F88C
:1029E000B0EE401A9DED060A80EE010A8DED070A51
:1029F0001898149991ED0B0A5FEDB90AFBF770FA7C
:102A0000B0EE401A9DED070A30EE010A149880EDF1
:102A10001F0A149890ED0B0A9FEDDA1AB4EE410AE2
:102A2000F1EE10FA0DDDFFE741F21800C2F20040AE
:102A300090ED000AB7EE001A30EE010A80ED000AB0
:102A4000FFE741F21800C2F2004090ED000AB0EE3C
:102A5000001AB4EE410AF1EE10FA27DBFFE741F26B
:102A60001C00C2F2004090ED000AB0EE001AB4EE75
:102A7000410AF1EE10FA19DBFFE7159991F88C0184
:102A8000013081F88C0141F21801C2F200410020AE
:102A9000086041F21C01C2F2004108601599032050
:102AA00081F88A01159981F88B01FFE766E0159896
:102AB00090F88A01032860D1FFE71898149991EDE6
:102AC0000B0ADFEDAE0AFBF70BFA149880ED1F0A34
:102AD00015990020C1F84401149890ED0B0A9FED60
:102AE000A81AB4EE410AF1EE10FA0DDAFFE741F24E
:102AF0001800C2F2004090ED000AB7EE001A30EE66
:102B0000010A80ED000AFFE741F21800C2F200401E
:102B100090ED000AB0EE081AB4EE410AF1EE10FA98
:102B20002ADBFFE741F21C00C2F2004090ED000AF0
:102B3000B0EE081AB4EE410AF1EE10FA1CDBFFE722
:102B400041F21801C2F200410020086041F21C016C
:102B5000C2F200410860159A4CF6CD41C3F6CC5143
:102B6000C2F84C11159AC2F85411159981F88A01CE
:102B7000159981F88B01FFE7FFE7FFE7FFE727E003
:102B800040F2E410C2F2004090ED000A8DED040A1C
:102B9000149890ED240AFEF7B5FFB0EE401A9DEDB3
:102BA000040A80EE010A8DED050A1898149991ED3A
:102BB0000B0A1599D1ED530AFBF792F9B0EE401AC2
:102BC0009DED050A30EE010A149880ED1F0AFFE71B
:102BD0001498139900F0ECF941F2BC21C2F20041C3
:102BE000087000200870159890F88E01002860D1B8
:102BF000FFE741F2BC20C2F200400078012825D155
:102C0000FFE741F2DC00C2F20040007801281DD14C
:102C1000FFE7149890F8B900C0B9FFE7159890F84D
:102C20008A01012812D0FFE7159890F88B0101283E
:102C30000CD0FFE7159890F88A01022806D0FFE72C
:102C4000159890F88B01022806D1FFE7159890F8A7
:102C50008A01032827D1FFE715990020C1F8000158
:102C6000129A149992ED061A92ED070A91ED242A10
:102C700091ED253A20EE030AA1EE020A81ED200A29
:102C80001599C1F85C011599D1F85C01C1F82C01C6
:102C9000149890ED200A159991ED611A30EE010A11
:102CA00080ED200A04E01499002081F8B900FFE7C4
:102CB00019E0159890F88E01012813D1FFE71499B7
:102CC0000020C1F880001599C1F8000118981499E6
:102CD00091ED0B0ADFED2C0AFBF702F9149880ED59
:102CE0001F0AFFE7FFE714987C309FED280ADFED0D
:102CF000280A00F029FDFFE7FFE71498FEF728FDFA
:102D0000159890F88A0101280CD0FFE7159890F8E3
:102D10008A01022806D0FFE7159890F88A01032857
:102D200015D1FFE714987830BBEE040A8DED020A46
:102D3000F3EE040ACDED030A00F006FD9DED020A54
:102D4000DDED030A1498743000F0FEFC14E01498D2
:102D50007830BBEE040A8DED000AF3EE040ACDEDE7
:102D6000010A00F0F1FC9DED000ADDED010A149866
:102D7000743000F0E9FCFFE716B080BDCDCCCC3D4F
:102D80009A99193E0AD7233EAE47613D000016C30B
:102D9000000016430000000083B0029001910092F1
:102DA000029890ED070A9FED1B1A30EE010A019878
:102DB00080ED170A029890ED150A30EE010A01988D
:102DC00080ED180A0098406F0299C1F860010098E0
:102DD00000690299C1F864010098C06F0299C1F8B6
:102DE00074010098006F0299C1F87001019890ED8C
:102DF000240A41F22000C2F2004090ED241A30EE85
:102E0000011A9FED050A30EE410A029880ED5E0A34
:102E100003B07047DA0FC93F000000000000000057
:102E200080B584B00390029101920198B0F5002F13
:102E30005AD1FFE70298007800F00F0003998880CC
:102E40000298007800090399C8800298B0F8010040
:102E500040BA039988600299C8780979000140EA6C
:102E600011100399C86002980179407901F00F01AF
:102E700040EA01200399086103988068BAEE090AC4
:102E8000F2EE090A102101F0C3FB039880ED070A56
:102E90000398C0689FED150ADFED150A0C2100911B
:102EA00001F0B6FB0099039880ED080A03980069C9
:102EB0009FED100ADFED100A01F0AAFB039880EDE8
:102EC000090A0298807900EE100AB8EE400A0398C9
:102ED00080ED0C0A0298C07900EE100AB8EE400AA4
:102EE000039880ED0D0AFFE704B080BD000034C2F6
:102EF00000003442000020C2000020420000000018
:102F000080B586B00590ADF81210ADF81020BDF870
:102F10001200BDF810100844ADF80600FF208DF82F
:102F200008008DF809008DF80A008DF80B008DF867
:102F30000C008DF80D008DF80E00FC208DF80F00B0
:102F40000598BDF8061002AA0823FFF785F906B018
:102F500080BD00000000000086B08DED050ACDEDBB
:102F6000040A8DED031A02909DED030A9DED041AEB
:102F700030EE410A8DED010A049800909DED050A9E
:102F80009DED001A30EE410A029901208840013877
:102F900001EE100AB8EEC11A20EE010A9DED011AE9
:102FA00080EE010ABDEEC00A10EE100A06B07047AE
:102FB00080B590B00E900D910E9890ED1F0A8DED9A
:102FC000010A90ED240AFEF79DFD8DED000A0E9892
:102FD00090ED200A8DED020A90ED240AFFF7F6F835
:102FE0009DED003A9DED012AB0EE401A9DED020ADA
:102FF00020EE011A0E9890ED0B4A90ED240A90ED08
:10300000295A8DED035A81EE041AA2EE031A8DEDB2
:103010000B1A0D9890ED0F1A8DED041AFEF772FD44
:103020009DED031AB0EE402A9DED040AA1EE420A7E
:103030008DED060A0E9890ED240A90ED252A90ED6C
:10304000281A31EE011A21EE021A8DED051AFFF74A
:10305000BDF89DED051AB0EE402A9DED060AA1EEE1
:10306000020A8DED080A0E9890ED0B1A90ED240AD5
:1030700090ED272A21EE021A8DED071AFFF7A6F828
:103080009DED071AB0EE402A9DED080AA1EE020A56
:103090008DED090A0E9890ED0B1A90ED240A90ED33
:1030A000252A21EE021A21EE021A8DED0A1AFEF7E8
:1030B00029FD9DED091A9DED0A2AB0EE403A9DEDDD
:1030C0000B0AA2EE031A9FED222AA1EE020A0E9825
:1030D00080ED2C0A40F2D860C2F200400C904168AA
:1030E000016081684160C16881600E99D1F8B010BB
:1030F000C16090ED004A90ED010A90ED023A90ED2A
:10310000031AB5EE002A20EE020AA4EE020AA3EE8C
:10311000020AA1EE020A40F2D460C2F2004080ED41
:10312000000A90ED000AB0EE081AB4EE410AF1EE82
:1031300010FA04DAFFE701208DF83F0003E00020D9
:103140008DF83F00FFE79DF83F0010B080BD00BF45
:103150009A99193F0000000082B00190ADF802106A
:10316000ADF80020BDF8000001990880BDF802000C
:103170000199888002B0704784B003908DED020AF7
:10318000CDED010A8DED001A0298039908600198AF
:103190000399486000980399886003994FF07E5026
:1031A0000863039943F2D910C0F6010048670399F8
:1031B00043F26120C0F601008867039943F21920A9
:1031C000C0F60100C86703994EF26970C0F60000AE
:1031D000C1F8800004B0704787B08DED040ACDEDD2
:1031E000050A8DED061ACDED011A8DED022ACDED01
:1031F000032A009000990498059A069B4B610A6186
:10320000C86000990198029A039B0B62CA618861A9
:1032100007B070470000000080B582B001900198AF
:1032200090ED160A02F004F8B1EE400A019880ED24
:10323000190A019890ED170AD0ED180A02F08EF8DD
:10324000019880ED1A0A0198D0ED100A90ED130A4A
:1032500002F084F8019880ED1B0A02B080BD0000E6
:1032600080B58AB00990099890ED062A90ED070A7A
:1032700090ED081A20EE000AA2EE020AA1EE010A61
:10328000B7EEC00A02F0C0F9B7EEC00B8DED080A28
:10329000099890ED060A9DED081A80EE010A80ED6E
:1032A000060A099890ED070A9DED081A80EE010ABA
:1032B00080ED070A099890ED080A9DED081A80EE46
:1032C000010A80ED080A099890ED071A90ED080AA6
:1032D00090ED173A90ED182A20EE030A91EE020ABB
:1032E0008DED070A099890ED060A90ED081A90ED09
:1032F000162A90ED183A20EE030A91EE020A8DED9F
:10330000060A099890ED061A90ED070A90ED163A14
:1033100090ED172A20EE030A91EE020A8DED050AC0
:1033200009989DED073A90ED011A90ED022A90ED73
:10333000090A21EE031AA1EE020A80ED090A099892
:103340009DED063A90ED011A90ED022A90ED0A0AE1
:1033500021EE031AA1EE020A80ED0A0A09989DEDFA
:10336000053A90ED011A90ED022A90ED0B0A21EE3C
:10337000031AA1EE020A80ED0B0A09989DED073AA7
:1033800090ED002A90ED030A90ED091AA2EE031ABF
:1033900030EE010A80ED030A09989DED063A90EDA2
:1033A000002A90ED040A90ED0A1AA2EE031A30EEFC
:1033B000010A80ED040A09989DED053A90ED002A76
:1033C00090ED050A90ED0B1AA2EE031A30EE010AF9
:1033D00080ED050A0998006B04900998406B0390F2
:1033E0000998806B02900998C06B0190099890ED44
:1033F000020AB6EE001A20EE010A8DED000A9DEDDC
:10340000032A09989DED021A90ED034A90ED045AA3
:1034100090ED053A90ED0C0A21EE051AA2EE041A81
:103420009DED012AA2EE031A9DED002AA1EE420AAB
:1034300080ED0C0A9DED042A09989DED021A90ED8D
:10344000034A90ED043A90ED055A90ED0D0A21EEF5
:10345000051AA2EE041A9DED012AA2EE431A9DED73
:10346000002AA1EE020A80ED0D0A9DED042A0998BA
:103470009DED031A90ED033A90ED044A90ED055A44
:1034800090ED0E0A21EE051A92EE041A9DED012A26
:10349000A2EE031A9DED002AA1EE020A80ED0E0AAB
:1034A0009DED042A09989DED031A90ED033A90EDE5
:1034B000045A90ED054A90ED0F0A21EE051AA2EE8E
:1034C000041A9DED022AA2EE431A9DED002AA1EEF8
:1034D000020A80ED0F0A099890ED0C3A90ED0D0A62
:1034E00090ED0E2A90ED0F1A20EE000AA3EE030ACB
:1034F000A2EE020AA1EE010AB7EEC00A02F084F8B9
:10350000B7EEC00B8DED080A099890ED0C0A9DED01
:10351000081A80EE010A80ED0C0A099890ED0D0A58
:103520009DED081A80EE010A80ED0D0A099890EDD4
:103530000E0A9DED081A80EE010A80ED0E0A099828
:1035400090ED0F0A9DED081A80EE010A80ED0F0A3A
:103550000998D0F8801088470AB080BD00000000AC
:1035600080B584B0002002900390F3F735FEFBF79E
:1035700083FBFAF7CDFEFAF7E7F8F9F731FFFAF730
:10358000BBF9F9F769FFF9F7A7FFFAF7EDF9F9F7D2
:10359000E3FFFAF759FAFAF7A7FA4FF4F070EEF7EB
:1035A00017FD40F69450C2F20040F7F721FBEDF70B
:1035B00067F940F60000C5F6020000904FF4005194
:1035C00001220192F3F7D8FD0098019A4FF480414F
:1035D000F3F7D2FDEEF7D0FDEEF71AFE029A40F6B1
:1035E0008030C2F200400421FFF78AFC0A20F2F783
:1035F00063F9F9F7F1FF00F0E3F8FFE7FEE70000F9
:1036000082B0ADF8060000200090BDF906008428C5
:1036100007D0FFE7BDF90600009908440330009089
:10362000FFE7009802B0704780B58EB00D90ADF8FE
:1036300032108DED0B0ACDED0A0A8DED091ACDED94
:10364000081A8DED072ABDF83200ADF808009DED8F
:103650000B0AFAEE090AB2EE091A1020FFF77CFCF9
:10366000ADF812009DED0A0ADFED310A9FED311A27
:103670000C200190FFF770FC01460198ADF8101086
:103680009DED090ADFED2C0ACDED000A9FED2B1A06
:10369000FFF762FCDDED000A01460198ADF80E105F
:1036A0009DED080AB1EE041AFFF756FC0146019899
:1036B000ADF80C109DED070ADFED210A9FED211AF0
:1036C000FFF74AFCADF80A009DF813008DF81400CE
:1036D0009DF812008DF81500BDF8100000098DF856
:1036E0001600BDF810109DF80F0040EA01108DF88B
:1036F00017009DF80E008DF81800BDF80C000009A9
:103700008DF81900BDF80C109DF80B0040EA01106F
:103710008DF81A009DF80A008DF81B000D98BDF871
:10372000081005AA0823FEF797FD0EB080BD00BF64
:10373000000034C200003442000000000000FA43E0
:10374000000020C20000204283B002908DED010AEB
:10375000CDED000A029890ED000A9DED011AB4EE3D
:10376000410AF1EE10FA04DAFFE7019802990860C5
:103770000FE0029890ED000A9DED001AB4EE410AA8
:10378000F1EE10FA04DDFFE7009802990860FFE708
:10379000FFE703B07047000080B584B00390039842
:1037A0000290029818B1FFE70298019002E0012010
:1037B0000190FFE7019801F0DFF8002004B080BD20
:1037C00080B501F011F9002080BD0000000000006C
:1037D00010B58AB008900791089801680291416875
:1037E0000591018A039107990491B0F90800FFF748
:1037F00007FF0299039A049B84460598EE4606AC9F
:10380000CEF80440CEF800C001F052FA012803D0EF
:10381000FFE70020099002E006980990FFE7099869
:103820000AB010BD0000000080B58AB00990ADF864
:1038300022108DED070ACDED060ABDF8220000F535
:103840008070ADF8160007A8049006A803900498AD
:1038500000788DF80400049840788DF805000498ED
:1038600080788DF806000498C0788DF807000398DA
:1038700000788DF80800039840788DF809000398C7
:1038800080788DF80A000398C0788DF80B000998AD
:10389000BDF8161001AA0823FEF7DEFC0AB080BDB1
:1038A00080B584B00390029148F60C50C2F20040FB
:1038B0000068009041F26410C2F2004000680430D9
:1038C00000F0D2FE88B9FFE741F26410C2F2004076
:1038D0000068C16A012000FA01F248F6F021C2F244
:1038E000004108689043086000E0FFE7039801305A
:1038F00080B9FFE7029868B1FFE741F26410C2F2B5
:1039000000400068011D48F6E440C2F2004000F0AB
:1039100027FF3DE00098039908440190019841F287
:103920006411C2F200410968486001980099884218
:103930000ED2FFE741F27010C2F20040006841F27F
:103940006411C2F200410968043100F0D1FE1EE0AA
:1039500041F26810C2F20040006841F26411C2F204
:1039600000410968043100F0C3FE019848F6B041F7
:10397000C2F200410968884207D2FFE7019848F681
:10398000B041C2F20041086000E0FFE7FFE7FFE757
:1039900004B080BD0000000080B582B0019000F04E
:1039A0000BFF48F6E021C2F20041086801300860D0
:1039B00041F26410C2F20040006898B9FFE7019834
:1039C00041F26411C2F20041086048F6E020C2F200
:1039D00000400068012803D1FFE700F0A9F900E0EA
:1039E000FFE71CE048F6D840C2F200400068A0B9EA
:1039F000FFE741F26410C2F200400068C06A01991A
:103A0000C96A884207D8FFE7019841F26411C2F2FF
:103A10000041086000E0FFE700E0FFE7FFE748F64D
:103A2000EC21C2F200410868013008600198C16AC7
:103A3000012000FA01F248F6F021C2F200410868C4
:103A4000104308600199C86A00EB800241F27410CB
:103A5000C2F2004000EB8200043100F081FE00F071
:103A6000D7FE48F6D840C2F200400068C8B1FFE770
:103A700041F26410C2F200400068C06A0199C96A4C
:103A800088420CD2FFE74EF60451CEF200014FF00F
:103A900080500860BFF34F8FBFF36F8F00E0FFE7E8
:103AA00000E0FFE702B080BD80B582B0FFE748F6D6
:103AB000E420C2F20040006808B3FFE700F07CFE9B
:103AC00048F6F840C2F20040C068C0680190019812
:103AD000043000F0C9FD48F6E021C2F20041086858
:103AE0000138086048F6E421C2F200410868013854
:103AF000086000F08DFE019800F006F8D7E702B0EC
:103B000080BD00000000000080B582B001900198E7
:103B1000006B00F0A5FE019800F0A2FE02B080BD8F
:103B200084B04FF4F040009041F2D420C2F2004043
:103B300001909DF80400400788B1FFE70198073025
:103B40000190019820F007000190019A41F2D421E0
:103B5000C2F200410098891A08440090FFE70198DA
:103B60000290029948F6DC40C2F200400160002158
:103B700041600298009A1044019001980838019021
:103B8000019820F007000190019A41F26C10C2F2F6
:103B9000004002600268516002681160029903915E
:103BA0000199039A891A5160006803990860039883
:103BB000406848F6AC41C2F2004108600398406892
:103BC00048F6A441C2F20041086048F67841C2F2CA
:103BD00000414FF00040086004B070470000000052
:103BE00080B582B00190FFE7FFF75EFF41F27410ED
:103BF000C2F20040006802280CD3FFE74EF60451E1
:103C0000CEF200014FF080500860BFF34F8FBFF33A
:103C10006F8F00E0FFE7E7E780B588B0DDF834C0DC
:103C2000DDF830C0DDF82CC0DDF828C00690059125
:103C3000049203930C98006B049900EB8100043804
:103C40000290029820F0070002909DF808004007BB
:103C500058B1FFE74FF0500080F31188BFF36F8F2A
:103C6000BFF34F8F0790FFE7FEE70598F8B1FFE736
:103C700000200190FFE701980F2813D8FFE705986F
:103C8000019A805C0C99114481F8340005980199DF
:103C9000405C08B9FFE705E0FFE7FFE70198013066
:103CA0000190E8E70C99002081F8430004E00C99AA
:103CB000002081F83400FFE70A98072803D3FFE7C4
:103CC00006200A9000E0FFE70A980C99C8620A985B
:103CD0000C9948640C990020009088640C9804307A
:103CE00000F0FEFC0C98183000F0FAFC00980C99DB
:103CF00009610A99C1F107010C9A91610C99496215
:103D00000C99C8640C9981F8500002980699039A9E
:103D100000F012FA0C9908600B9820B1FFE70C989C
:103D20000B99086000E0FFE708B080BD00000000CC
:103D300080B584B000200390FFE70398062810D8D0
:103D4000FFE7039800EB800141F27410C2F20040DB
:103D500000EB810000F0ACFCFFE70398013003901A
:103D6000EBE748F67C40C2F20040019000F0A0FC76
:103D700048F69040C2F20040029000F099FC48F6EC
:103D8000C440C2F2004000F093FC48F6F840C2F292
:103D9000004000F08DFC48F6E440C2F2004000F024
:103DA00087FC0199029841F26812C2F20042116048
:103DB00041F27011C2F20041086004B080BD000001
:103DC00083B0029048F6DC40C2F200400190FFE769
:103DD000019800680299884205D2FFE7FFE7019841
:103DE00000680190F4E701980090009801994968F3
:103DF00008440299884209D1FFE702984268019974
:103E00004868104448600198029000E0FFE702987B
:103E1000009000980299496808440199096888420D
:103E200020D1FFE70198006841F26C11C2F2004115
:103E3000096888420DD0FFE701980068426802993E
:103E4000486810444860019800680068029908605A
:103E500007E041F26C10C2F200400068029908606D
:103E6000FFE704E00198006802990860FFE7019805
:103E70000299884204D0FFE702980199086000E0A7
:103E8000FFE703B07047000008480068006880F34F
:103E900008884FF0000080F3148862B661B6BFF363
:103EA0004F8FBFF36F8F00DF00BF000008ED00E011
:103EB00081B041F26810C2F200400068006840B969
:103EC000FFE748F6B041C2F200414FF0FF30086012
:103ED0000FE041F26810C2F200400068C068C0689C
:103EE00000900098406848F6B041C2F20041086076
:103EF000FFE701B07047000083B00020009040F25F
:103F00003020C2F200400068013058B1FFE74FF0A6
:103F1000500080F31188BFF36F8FBFF34F8F029073
:103F2000FFE7FEE74FF0500080F31188BFF36F8F7B
:103F3000BFF34F8F0190FFE7009808B9FFE7FBE759
:103F400003B070470000000080B58AB006900020E2
:103F5000029000F099FD41F26C10C2F2004000683E
:103F600018B9FFE7FFF7DCFD00E0FFE7069848F629
:103F70007841C2F200410968084240F0C580FFE77D
:103F8000069800B3FFE70698083006909DF81800E1
:103F90004007B0B1FFE7069820F007000830069010
:103FA0009DF81800400758B1FFE74FF0500080F32C
:103FB0001188BFF36F8FBFF34F8F0990FFE7FEE7C4
:103FC00000E0FFE700E0FFE70698002800F09A8095
:103FD000FFE7069848F6A441C2F20041096888420A
:103FE00000F29080FFE748F6DC40C2F20040049007
:103FF00000680590FFE705984168069A0020914205
:10400000019007D2FFE705980068002818BF01203B
:104010000190FFE70198C00730B1FFE705980490D1
:10402000059800680590E6E7059841F26C11C2F228
:1040300000410968884263D0FFE7049800680830AF
:1040400002900598006804990860059840680699F0
:10405000401A112821D3FFE70598069908440390D8
:104060009DF80C00400758B1FFE74FF0500080F377
:104070001188BFF36F8FBFF34F8F0890FFE7FEE704
:10408000059840680699401A039948600698059972
:1040900048600398FFF794FE00E0FFE70598426848
:1040A00048F6A440C2F200400168891A0160006825
:1040B00048F6AC41C2F20041096888420BD2FFE7E2
:1040C00048F6A440C2F20040006848F6AC41C2F293
:1040D0000041086000E0FFE748F67840C2F2004087
:1040E00002680599486810434860059900200860F7
:1040F00048F6B841C2F2004108680130086000E0AB
:10410000FFE700E0FFE700E0FFE700F0F9FE9DF8C1
:104110000800400758B1FFE74FF0500080F31188C6
:10412000BFF36F8FBFF34F8F0790FFE7FEE7029853
:104130000AB080BD0000000083B00290019100929F
:1041400002980438029002994FF08070086002983B
:1041500004380290019820F001000299086002984A
:1041600004380290029943F6F960C0F60100086035
:104170000298143802900098029908600298043856
:10418000029002996FF002000860029820380290B5
:10419000029803B07047000080B58AB008908DED9A
:1041A000070ACDED060A8DED051A8DF81310089853
:1041B00018B9FFE70698099080E09DED070A089876
:1041C00090ED011AB4EE410AF1EE10FA1BD1FFE7AF
:1041D0009DED060A089890ED021AB4EE410AF1EE40
:1041E00010FA10D1FFE79DED050A089890ED031A2B
:1041F000B4EE410AF1EE10FA05D1FFE79DF8130085
:1042000001280ED1FFE7F2F7CFFF08990860079861
:104210000899486006980899886005980899C860C8
:10422000FFE79DED050AB5EE400AF1EE10FA03DC5A
:10423000FFE70698099041E0F2F7B6FF0390039874
:104240000899096888420BD3FFE703980899096821
:10425000401A00EE100AB8EE400A8DED020A0BE09B
:10426000089800680399C043084400EE100AB8EEAD
:10427000400A8DED020AFFE79DED020A9DED051A49
:10428000B4EE410AF1EE10FA03DBFFE7069809905D
:1042900014E09DED020A9DED051A80EE010A8DEDF8
:1042A000010A9DED070A9DED061A31EE401A9DEDBB
:1042B000012AA1EE020A8DED090AFFE79DED090A28
:1042C0000AB080BD0000000080B584B003908DED81
:1042D000020A40F2E810C2F20040807A02281AD1A5
:1042E000FFE740F2E810C2F20040C07A012812D184
:1042F000FFE70399012081F88E01039981F8880175
:104300000399002081F88901039981F88A010399B2
:1043100081F88B012DE040F2E810C2F20040807A73
:1043200002280BD1FFE70399002081F88801039947
:1043300081F88E01039981F8890119E040F2E810B3
:10434000C2F20040807A032811D1FFE740F2E81062
:10435000C2F20040C07A022809D1FFE70399012088
:1043600081F888010399002081F88E01FFE7FFE7BB
:10437000FFE740F2E810C2F20040807A01280ED137
:10438000FFE740F2E810C2F20040C07A032806D1ED
:10439000FFE7039890F8890108B9FFE715E040F2BC
:1043A000E810C2F20040807A03280DD1FFE740F206
:1043B000E810C2F20040C07A032805D1FFE7039954
:1043C000002081F88901FFE7FFE7039890F8880152
:1043D000012840F0E180FFE740F2E810C2F200401F
:1043E000B0F9061000EE101AB8EEC00A9FED801A60
:1043F00080EE010A30EE000A039981ED4A0A039922
:1044000091ED4A2A91ED4B0A9DED023AA2EE030A84
:1044100081ED4B0A039991ED4D0AB0F9042002EEAB
:10442000102AB8EEC22A82EE012A9FED723AA2EE5D
:10443000030A81ED4D0AB0F9060000EE100AB8EE4D
:10444000C00A80EE010A9FED6C1A20EE010A039863
:1044500080ED4E0A0398D0ED4E0A90ED5C0A40F2D2
:104460001040C2F20040F9F73BFD40F2EC60C2F2AE
:10447000004090F88801012823D1FFE740F2E810BE
:10448000C2F20040C07A02281BD0FFE740F2E810D9
:10449000C2F20040B0F9020000EE100AB8EEC00A05
:1044A0009FED531A80EE011A9FED542AB5EE000AD3
:1044B000A1EE020A039880ED530A039880ED520A98
:1044C00014E040F2EC60C2F2004090F8880101284C
:1044D0000BD1FFE703994CF6CD40C3F64C60C1F811
:1044E0004C010399C1F84801FFE7FFE740F2E810EB
:1044F000C2F20040807A032813D1FFE740F2E810AF
:10450000C2F20040C07A02280BD1FFE7039945F2BE
:10451000EC10C3F63860C1F84C010399C1F84801AA
:10452000FFE7039800F5A4709FED350A8DED000AB2
:10453000DFED340ACDED010AFFF706F99DED000A23
:10454000DDED010A039800F5A670FFF7FDF803986A
:1045500090ED530A90ED551A30EE410AB0EEC00AC4
:104560009FED291AB4EE410AF1EE10FA0EDDFFE7D5
:1045700041F20021C2F20041012081F8B90041F26C
:104580002001C2F2004181F8B900FFE70399D1F898
:104590004C01C1F8540128E0039890F8880118BB39
:1045A000FFE703990020C1F828010399C1F85C01D5
:1045B0000399C1F82C01039AD2F87411C2F834118E
:1045C000039A4CF6CD41C3F64C61C2F84C11039AE4
:1045D000C2F848110399C1F83801039981F88A019A
:1045E000039981F88B01FFE7FFE704B080BD00BFAE
:1045F000000025440AD7A3BCCDCC4C3FCDCC4C3ECB
:10460000B81E053EEC51B83E17B7D1380000000087
:1046100086B005908DED040ACDED030A02919DED63
:10462000030A9DED041A30EE410A8DED010A04984B
:1046300000909DED050AB8EEC00A9DED011A20EE2E
:10464000010A029901208840013801EE100AB8EEF3
:10465000C11A80EE010A9DED001A30EE010A06B083
:10466000704700000000000082B0019001980069CE
:10467000009001984168806888600199486889685D
:104680004860009840680199884205D1FFE7019889
:1046900080680099486000E0FFE701990020086108
:1046A00000990868013808600098006802B07047F7
:1046B00081B00090009901F10800486000994FF026
:1046C000FF308860009901F10800C860009901F18D
:1046D0000800086100990020086001B070470000E0
:1046E00081B0009000990020086101B0704700007F
:1046F00084B0039002910298006800900098013005
:1047000020B9FFE703980069019010E00398083092
:104710000190FFE70198406800680099884205D839
:10472000FFE7FFE7019840680190F3E7FFE7019892
:10473000406802994860029841688860019802992F
:10474000886002980199486003980299086103996A
:1047500008680130086004B07047000000000000E5
:1047600083B00290019102984068009000980199EE
:10477000486000988068019988600198009989686C
:10478000486001980099886002980199086102992F
:1047900008680130086003B07047000000000000A6
:1047A000DFF80C00016841F47001016070470000FF
:1047B00088ED00E00000000082B04FF0500080F370
:1047C0001188BFF36F8FBFF34F8F019040F23020FD
:1047D000C2F200400168013101600068012814D173
:1047E000FFE74EF60450CEF200000068000658B114
:1047F000FFE74FF0500080F31188BFF36F8FBFF3D6
:104800004F8F0090FFE7FEE7FFE702B07047000020
:1048100082B040F23020C2F20040006858B9FFE791
:104820004FF0500080F31188BFF36F8FBFF34F8FAD
:104830000090FFE7FEE740F23020C2F2004001683E
:1048400001390160006830B9FFE70020019001984C
:1048500080F31188FFE702B07047000000000000FD
:1048600080B586B0039003980290039800285CD02E
:10487000FFE702980838029002980190019840687A
:1048800048F67841C2F20041096808420BD1FFE7BF
:104890004FF0500080F31188BFF36F8FBFF34F8F3D
:1048A0000590FFE7FEE70198006858B1FFE74FF079
:1048B000500080F31188BFF36F8FBFF34F8F0490C8
:1048C000FFE7FEE70198406848F67841C2F20041F0
:1048D0000968084227D0FFE70198006808BBFFE796
:1048E00048F67840C2F20040026801994868904357
:1048F000486000F0C9F80198426848F6A441C2F245
:1049000000410868104408600198FFF759FA48F61A
:10491000BC41C2F2004108680130086000F0F0FAC2
:1049200000E0FFE700E0FFE7FFE706B080BD000022
:104930004EF21001CEF20001002008604EF2180283
:10494000CEF20002106040F2C810C2F200400068CF
:1049500044F6D352C1F26202A0FB02024FF0FF30D4
:1049600000EB92104EF21402CEF20002106007200B
:10497000086070470000000080B584B002900020FD
:1049800001900298E0B1FFE748F6E820C2F200404B
:10499000006858B1FFE74FF0500080F31188BFF373
:1049A0006F8FBFF34F8F0390FFE7FEE700F06CF8C7
:1049B00002980021FEF774FF00F0A2FA019000E0D7
:1049C000FFE7019860B9FFE74EF60451CEF200010F
:1049D0004FF080500860BFF34F8FBFF36F8F00E040
:1049E000FFE704B080BD000080B586B048F6A8415E
:1049F000C2F20041684641600023036043F6E130A3
:104A0000C0F6010046F20311C0F60101802200F059
:104A10004FF903900398012823D1FFE74FF050008E
:104A200080F31188BFF36F8FBFF34F8F059048F667
:104A3000B041C2F200414FF0FF30086048F6D84163
:104A4000C2F200410120086048F60C51C2F2004158
:104A50000020086000F080F808B1FFE700E0FFE701
:104A60000FE00398013058B9FFE74FF0500080F392
:104A70001188BFF36F8FBFF34F8F0490FFE7FEE7FE
:104A8000FFE706B080BD000048F6E821C2F2004111
:104A9000086801300860704785B048F6E820C2F227
:104AA0000040006838B1FFE748F61051C2F20041FB
:104AB000012008604DE048F61051C2F2004100208C
:104AC000086048F6F020C2F20040006804900498A4
:104AD000B0FA80F08DF80F009DF80F00C0F11F00B4
:104AE0000190019800EB800141F27410C2F2004085
:104AF00050F8210058B9FFE74FF0500080F31188BB
:104B0000BFF36F8FBFF34F8F0290FFE7FEE701986F
:104B100000EB800141F27410C2F2004000EB810012
:104B200000900099486840684860009948680831DA
:104B3000884205D1FFE70099486840684860FFE770
:104B400000984068C06841F26411C2F200410860F8
:104B5000FFE705B07047000080B588B04EF6005002
:104B6000CEF2000000684CF27121C4F20F118842AD
:104B70000BD1FFE74FF0500080F31188BFF36F8F28
:104B8000BFF34F8F0790FFE7FEE74EF60050CEF2DF
:104B9000000000684CF27021C4F20F1188420BD162
:104BA000FFE74FF0500080F31188BFF36F8FBFF322
:104BB0004F8F0690FFE7FEE74EF20040CEF2000076
:104BC000039001780491FF21017000788DF80B00AB
:104BD0009DF80B0000F0500048F6D421C2F20041CD
:104BE000087048F6D821C2F2004107200860FFE7AC
:104BF0009DF80B00000600280DD5FFE748F6D821E8
:104C0000C2F200410868013808609DF80B004000BE
:104C10008DF80B00ECE748F6D820C2F2004000689F
:104C200003280BD0FFE74FF0500080F31188BFF34B
:104C30006F8FBFF34F8F0590FFE7FEE748F6D8214F
:104C4000C2F20041086800020860086800F4E060F1
:104C5000086004984EF20041CEF2000108704EF652
:104C60002051CEF20001086840F470000860086826
:104C700040F070400860FFF75BFE40F23021C2F266
:104C80000041002001900860FFF78AFD4EF6347164
:104C9000CEF20001086840F040400860FFF7F4F8E9
:104CA000FFF7FAFEFFF728F9019808B080BD000071
:104CB00070B58CB0DDF844C0DDF840C00B900A91AF
:104CC000ADF826200893BDF826008000FFF73CF9D8
:104CD0000590059880B1FFE75420FFF735F907905C
:104CE000079820B1FFE705980799086303E0059846
:104CF000FFF7B6FDFFE702E000200790FFE7079807
:104D0000D8B1FFE70B980A99BDF82620089BDDF87B
:104D100040C0119C079DEE460026CEF80C60CEF8F0
:104D20000850CEF80440CEF800C0FEF775FF079893
:104D3000FEF732FE0120069003E04FF0FF300690B0
:104D4000FFE706980CB070BD80B586B000200290D9
:104D500048F6E820C2F200400068002840F0C58014
:104D6000FFE748F60C51C2F200410868013001909B
:104D700001980860019858BBFFE741F26810C2F241
:104D800000400068006858B1FFE74FF0500080F322
:104D90001188BFF36F8FBFF34F8F0590FFE7FEE7DA
:104DA00041F26812C2F200421068009041F27011A4
:104DB000C2F20041086810600098086048F6B441EB
:104DC000C2F20041086801300860FFF771F800E0A6
:104DD000FFE7019848F6B041C2F2004109688842F5
:104DE00062D3FFE7FFE741F26810C2F200400068BB
:104DF000006840B9FFE748F6B041C2F200414FF009
:104E0000FF3008604FE041F26810C2F200400068D5
:104E1000C068C068049004984068039001980399A2
:104E2000884207D2FFE7039848F6B041C2F200413A
:104E3000086038E0FFE704980430FFF715FC049899
:104E4000806A28B1FFE704981830FFF70DFC00E0F6
:104E5000FFE70498C16A012000FA01F248F6F02148
:104E6000C2F200410868104308600499C86A00EB68
:104E7000800241F27410C2F2004000EB8200043163
:104E8000FFF76EFC0498C06A41F26411C2F200415F
:104E90000968C96A884203D3FFE70120029000E055
:104EA000FFE7FFE79FE7FFE741F26410C2F200402F
:104EB0000068C06A00EB800141F27410C2F2004049
:104EC00050F82100022803D3FFE70120029000E000
:104ED000FFE748F61050C2F20040006818B1FFE743
:104EE0000120029000E0FFE707E048F6C041C2F26F
:104EF0000041086801300860FFE7029806B080BDF5
:104F000080B584B000200290019048F6E820C2F2FB
:104F10000040006858B9FFE74FF0500080F3118857
:104F2000BFF36F8FBFF34F8F0390FFE7FEE7FFF7ED
:104F300043FC48F6E820C2F20040016801390160F4
:104F40000068002840F09280FFE748F6E020C2F2B7
:104F500000400068002800F08880FFE7FFE748F67F
:104F6000C440C2F200400068E0B3FFE748F6C44026
:104F7000C2F20040C068C068029002981830FFF783
:104F800073FB02980430FFF76FFB0298C16A01209F
:104F900000FA01F248F6F021C2F20041086810431D
:104FA00008600299C86A00EB800241F27410C2F2F4
:104FB000004000EB82000431FFF7D2FB0298C06A88
:104FC00041F26411C2F200410968C96A884207D3FC
:104FD000FFE748F61051C2F200410120086000E0EE
:104FE000FFE7BCE7029818B1FFE7FEF761FFFFE7B4
:104FF00048F6C040C2F20040006800900098E0B15E
:10500000FFE7FFE7FFF7A0FE38B1FFE748F61051D2
:10501000C2F200410120086000E0FFE7009801387B
:105020000090FFE700980028ECD1FFE748F6C04168
:10503000C2F200410020086000E0FFE748F610508F
:10504000C2F20040006870B1FFE7012001904EF607
:105050000451CEF200014FF080500860BFF34F8F33
:10506000BFF36F8F00E0FFE7FFE700E0FFE7FFF728
:10507000CFFB019804B080BD80B582B0019001984B
:105080000022009202231946F7F7E6FB009A0198E6
:10509000D0F8081140F2342EC2F2004EDEF80000C3
:1050A000DEF80430DEF808C0DEF80CE0C1F80CE0F1
:1050B000C1F808C04B6008600198D0F8001140F2B8
:1050C000442EC2F2004EDEF80000DEF80430DEF8B6
:1050D00008C0DEF80CE0C1F80CE0C1F808C04B6075
:1050E00008600198D0F8201140F2542EC2F2004E10
:1050F000DEF80000DEF80430DEF808C0DEF80CE070
:10510000C1F80CE0C1F808C04B6008600198D0F805
:10511000241140F2642EC2F2004EDEF80000DEF8E8
:105120000430DEF808C0DEF80CE0C1F80CE0C1F88D
:1051300008C04B6008600198D0F818114FF07E50FD
:10514000C8608A604A60086002B080BD000000004C
:1051500080B586B003A9019101460198059180EDC3
:10516000010AC0ED000A0598D0F8201140F2542C35
:10517000C2F2004CDCF80000DCF80420DCF8083057
:10518000DCF80CC0C1F80CC08B604A600860059860
:10519000D0F8241140F2642CC2F2004CDCF800007C
:1051A000DCF80420DCF80830DCF80CC0C1F80CC0D6
:1051B0008B604A6008600398059949680860049804
:1051C0000599496848600598F7F776FF00208DF843
:1051D0000B00FFE79DF80B00012813DCFFE70598A3
:1051E00000689DF80B2050F8220048F63441C2F2C6
:1051F000004141F82200FFE79DF80B0001308DF8D7
:105200000B00E7E706B080BD4100080218BF04208C
:105210000A0E18BF40F001004FF07F4232EA010150
:1052200008BF40F00200012808BF052070470000B9
:1052300010B54FF00E402DED028BB0EE408A18EE07
:10524000104A00EB4400B0F1506F4AD84FF0FC40D8
:10525000B0EB440F22D2B0EEC80AF7EE000A30EEEF
:10526000C00AF6EE000A60EE208A18EE900A00F0FE
:1052700061FA01EE100A14F0004F1DBFDFED2D0A98
:105280009FED2D0AB1EE411ADFED2C0A08BF9FED0C
:105290002C0AF8EE001A21EE218A05E0DFED290A3A
:1052A00068EE088AB0EE600A9FED271ADFED271A34
:1052B00030EE080A48EE811A9FED251A08EEA11A71
:1052C000DFED241A48EE811A9FED231A08EEA11A89
:1052D00068EE281ABDEC028B01EE810A30EE200A3E
:1052E00010BD4FF0E440B0EB440F0CD918EE100A9B
:1052F000FFF78AFF042808BF00F0C8F9B0EE480A9B
:10530000BDEC028B10BD4FF07F40B0EB440F07D2D5
:10531000B0EE480ABDEC028BBDE8104000F0A7B922
:10532000012000F0CBF9BDEC028BBDE8104000F08D
:10533000A5B900000000C9BF22AAFDB90000C93FFD
:1053400022AAFD390000000024FE1C3DC78AD83C7B
:105350001E67383D1B93993DAFAA2A3E70B54FF0AA
:1053600068422DED048BF0EE408A18EE900AB0EE04
:10537000608A18EE101A02EB4003B3F1654F3CBF90
:1053800002EB4102B2F1654F7DD200BFC0F3C753BB
:10539000C1F3C7529A1A1B2A09DD10F0004F14BF3F
:1053A0009FED830A9FED830ABDEC048B70BD12F163
:1053B0001A0F36DA11F0004F09D010F0004F0CBF71
:1053C0009FED7D0A9FED7D0ABDEC048B70BD88EEDC
:1053D000889A19EE100AFFF717FF042808BF00F09B
:1053E00055F918EE900AFFF70FFF054618EE100A60
:1053F000FFF70AFF044619EE100AFFF705FF042D18
:1054000018BF052D08D1042C18BF052C04D1002885
:1054100004BF022000F052F9B0EE490ABDEC048B43
:1054200070BD4200B2EB410F3AD910F0004F19BFE6
:10543000DFED630A9FED630ADFED630A9FED630A08
:10544000B0EE481A0A46B1EE688A80F00041F0EEEC
:10545000418A10460A1A5200B2F1807F34D2484085
:1054600010F0004FDFED5A1A9FED5A2A1DBFBEEE15
:10547000001A70EEE10A30EE420AB6EE001A08BFDA
:1054800070EEA10A00E040E008BF30EE020AB0EE84
:10549000682A01EE482A08EE818AC2EE081A15E051
:1054A00011F0004F04BF9FED4C0AF0EE400AD1D03E
:1054B00010F0004F19BFDFED490A9FED490ADFEDFB
:1054C000490A9FED490AC5E7C8EE881A21EEA11ADC
:1054D0009FED462ADFED462A41EE022A9FED452A3E
:1054E00001EE222ADFED442A41EE022A9FED432AF3
:1054F000BDEC048B01EE222A21EE811A01EE020A94
:1055000030EE210A30EE200A70BD4FF07F42B2EB40
:10551000400F28BFB2EB410F09D2F0EE480AB0EEBF
:10552000680ABDEC048BBDE8704000F0A3B840EA07
:1055300001035B0008BF41F0FF410BD0B2EB400F0D
:1055400008BFB2EB410F08D120F0804008EE900A6E
:1055500021F0804108EE101A18E7B2EB400F12BF9D
:105560005FEA410340F0FF4001F000413FF40EAF1D
:10557000B2EB410F12BF5FEA400200F0004041F081
:10558000FF413FF403AF4A0092EA40033FF5FEAE0D
:10559000002AACBF9FED1A0A9FED1A0A68EE808AB6
:1055A00028EE008A18EE900A18EE101AEEE60000B7
:1055B000DB0FC9BFDB0FC93FDB0F4940DB0F49C021
:1055C0000000C9BF22AAFDB90000C93F22AAFD39C7
:1055D0000060ED3EC30ACE3700000000000049C065
:1055E00022AA7DBA0000494022AA7D3A2DAD65BDB0
:1055F0008FB8D53D0FB511BE61C84C3EA8AAAABE52
:105600000000804F0000802F00B52DED028B83B08D
:10561000B1EEC08B18EE100A18EE901A8DED008BCB
:10562000002818BF0120084320F00040C0F17F602F
:1056300000F1E040C00F14D010EE101A10EE900AE6
:105640008DED000B002918BF0121084320F0004018
:10565000C0F17F6000F1E040C00F04BF012000F006
:105660002DF8B0EE480B03B0BDEC028B00BD30EE60
:10567000000A704730EE200A70470000DFED020A92
:1056800080EEA00A70470000000000009FED020AB3
:1056900020EE000A704700000000001002E008C879
:1056A000121F08C1002AFAD170477047002001E09C
:1056B00001C1121F002AFBD1704700000149086098
:1056C000704700002C000024F0B50B30154D20F081
:1056D00007010024144A0FE003688B420BD38B426E
:1056E00005D95E1A43184768C3E9006700E04368BC
:1056F000136002C004E0021D10680028ECD12046AF
:10570000002802D1286808B10020F0BD064A0748E9
:105710001060074A121A22F00702C0E90024012093
:105720002860D7E728000024240000241C8D0024D2
:10573000188F002410B500EE100A2DED028BB1EE8B
:10574000C08A18EE100A20F00040C0F1FF40C00FE0
:105750000AD010EE100A20F00040C0F1FF40C00F48
:1057600004BF0120FFF7AAFF18EE100ABDEC028B60
:1057700010BD00000000000000000000000000005C
:105780000000000000000000010000000200000016
:1057900003000000040000000000000005000000FD
:1057A00000000000000000000000000006000000F3
:1057B00000000000000000000000000007000000E2
:1057C000D2600108B10900080100000000000000DB
:1057D00000020000E0600108410E00080100000026
:1057E0000000000000020000EE60010801C5000892
:1057F000030000000000000000020000C560010876
:10580000F9DB0008020000000000000000020000B8
:10581000BC60010829E2000801000000000000004F
:1058200080000000F760010829EC0008000000007B
:1058300000000000800000000000E14300000000C4
:1058400000803B4500000000010203040102030444
:10585000060708090001020304050607080C1014D6
:10586000182030400006101600061016CDCCCC3D96
:105870000000000000000000000070410000000077
:105880000000C03F00002040000000009A99993EAF
:1058900008040204080101010101010307010000DD
:1058A000010002000400060008000A000C001000BD
:1058B000200040008000000100000000920E493CE2
:1058C000B10AC93C2BC3163D2EFB483D752B7B3DD1
:1058D00004A9963D80B6AF3D36BDC83D2FBCE13D25
:1058E00073B2FA3D87CF093E8340163EB5AB223EE8
:1058F000A2102F3ECF6E3B3EC2C5473E0115543E1F
:10590000135C603E7F9A6C3ECCCF783EC07D823E79
:10591000938E883E229A8E3E32A0943E86A09A3E76
:10592000E59AA03E128FA63ED47CAC3EEF63B23E19
:105930002A44B83E491DBE3E15EFC33E53B9C93E89
:10594000CA7BCF3E4136D53E80E8DA3E4F92E03EFC
:105950007533E63EBBCBEB3EEA5AF13ECBE0F63E7A
:10596000275DFC3EE4E7003F3D9C033F824B063F42
:105970009BF5083F6B9A0B3FDA390E3FCDD3103FB2
:105980002A68133FD9F6153FC07F183FC6021B3F58
:10599000D17F1D3FCBF61F3F9967223F25D2243F81
:1059A0005636273F1594293F4AEB2B3FDE3B2E3FCF
:1059B000BB85303FC9C8323FF304353F233A373FF8
:1059C0004268393F3B8F3B3FF9AE3D3F67C73F3FA2
:1059D00070D8413F01E2433F03E4453F65DE473F66
:1059E00012D1493FF8BB4B3F029F4D3F207A4F3FBA
:1059F0003D4D513F4918533F31DB543FE595563FEC
:105A00005348583F6AF2593F1A945B3F532D5D3F0C
:105A100005BE5E3F2146603F97C5613F5A3C633FEC
:105A200059AA643F880F663FD86B673F3CBF683F09
:105A3000A7096A3F0C4B6B3F5E836C3F93B26D3F8F
:105A40009ED86E3F73F56F3F0809713F5213723F46
:105A50004714733FDD0B743F0BFA743FC6DE753F8E
:105A600007BA763FC58B773FF853783F9812793F56
:105A70009DC7793F02737A3FBE147B3FCDAC7B3F1D
:105A8000283B7C3FC9BF7C3FAC3A7D3FCCAB7D3FE0
:105A900023137E3FB0707E3F6DC47E3F580E7F3F24
:105AA0006D4E7F3FAB847F3F0FB17F3F97D37F3FEA
:105AB00043EC7F3F11FB7F3F0000803F11FB7F3FA6
:105AC00043EC7F3F97D37F3F0FB17F3FAB847F3F56
:105AD0006D4E7F3F580E7F3F6DC47E3FB0707E3F5E
:105AE00023137E3FCCAB7D3FAC3A7D3FC9BF7C3FAB
:105AF000283B7C3FCDAC7B3FBE147B3F02737A3F9B
:105B00009DC7793F9812793FF853783FC58B773F0F
:105B100007BA763FC6DE753F0BFA743FDD0B743F64
:105B20004714733F5213723F0809713F73F56F3F7B
:105B30009ED86E3F93B26D3F5E836C3F0C4B6B3FC4
:105B4000A7096A3F3CBF683FD86B673F880F663F35
:105B500059AA643F5A3C633F97C5613F2146603F65
:105B600005BE5E3F532D5D3F1A945B3F6AF2593F7D
:105B70005348583FE595563F31DB543F4918533F52
:105B80003D4D513F207A4F3F029F4D3FF8BB4B3F69
:105B900012D1493F65DE473F03E4453F01E2433F01
:105BA00070D8413F67C73F3FF9AE3D3F3B8F3B3F1A
:105BB0004268393F233A373FF304353FC9C8323F83
:105BC000BB85303FDE3B2E3F4AEB2B3F1594293FF0
:105BD0005636273F25D2243F9967223FCBF61F3FF9
:105BE000D17F1D3FC6021B3FC07F183FD9F6153F2E
:105BF0002A68133FCDD3103FDA390E3F6B9A0B3F23
:105C00009BF5083F824B063F3D9C033FE4E7003F86
:105C1000275DFC3ECBE0F63EEA5AF13EBBCBEB3EC5
:105C20007533E63E4F92E03E80E8DA3E4136D53E9F
:105C3000CA7BCF3E53B9C93E15EFC33E491DBE3E98
:105C40002A44B83EEF63B23ED47CAC3E128FA63EEF
:105C5000E59AA03E86A09A3E32A0943E229A8E3EBD
:105C6000938E883EC07D823ECCCF783E7F9A6C3E3C
:105C7000135C603E0115543EC2C5473ECF6E3B3EAD
:105C8000A2102F3EB5AB223E8340163E87CF093E81
:105C900073B2FA3D2FBCE13D36BDC83D80B6AF3D85
:105CA00004A9963D752B7B3D2EFB483D2BC3163D2D
:105CB000B10AC93C920E493C00000000920E49BC5A
:105CC000B10AC9BC2BC316BD2EFB48BD752B7BBDCD
:105CD00004A996BD80B6AFBD36BDC8BD2FBCE1BD21
:105CE00073B2FABD87CF09BE834016BEB5AB22BEE4
:105CF000A2102FBECF6E3BBEC2C547BE011554BE1B
:105D0000135C60BE7F9A6CBECCCF78BEC07D82BE75
:105D1000938E88BE229A8EBE32A094BE86A09ABE72
:105D2000E59AA0BE128FA6BED47CACBEEF63B2BE15
:105D30002A44B8BE491DBEBE15EFC3BE53B9C9BE85
:105D4000CA7BCFBE4136D5BE80E8DABE4F92E0BEF8
:105D50007533E6BEBBCBEBBEEA5AF1BECBE0F6BE76
:105D6000275DFCBEE4E700BF3D9C03BF824B06BF3E
:105D70009BF508BF6B9A0BBFDA390EBFCDD310BFAE
:105D80002A6813BFD9F615BFC07F18BFC6021BBF54
:105D9000D17F1DBFCBF61FBF996722BF25D224BF7D
:105DA000563627BF159429BF4AEB2BBFDE3B2EBFCB
:105DB000BB8530BFC9C832BFF30435BF233A37BFF4
:105DC000426839BF3B8F3BBFF9AE3DBF67C73FBF9E
:105DD00070D841BF01E243BF03E445BF65DE47BF62
:105DE00012D149BFF8BB4BBF029F4DBF207A4FBFB6
:105DF0003D4D51BF491853BF31DB54BFE59556BFE8
:105E0000534858BF6AF259BF1A945BBF532D5DBF08
:105E100005BE5EBF214660BF97C561BF5A3C63BFE8
:105E200059AA64BF880F66BFD86B67BF3CBF68BF05
:105E3000A7096ABF0C4B6BBF5E836CBF93B26DBF8B
:105E40009ED86EBF73F56FBF080971BF521372BF42
:105E5000471473BFDD0B74BF0BFA74BFC6DE75BF8A
:105E600007BA76BFC58B77BFF85378BF981279BF52
:105E70009DC779BF02737ABFBE147BBFCDAC7BBF19
:105E8000283B7CBFC9BF7CBFAC3A7DBFCCAB7DBFDC
:105E900023137EBFB0707EBF6DC47EBF580E7FBF20
:105EA0006D4E7FBFAB847FBF0FB17FBF97D37FBFE6
:105EB00043EC7FBF11FB7FBF000080BF11FB7FBFA2
:105EC00043EC7FBF97D37FBF0FB17FBFAB847FBF52
:105ED0006D4E7FBF580E7FBF6DC47EBFB0707EBF5A
:105EE00023137EBFCCAB7DBFAC3A7DBFC9BF7CBFA7
:105EF000283B7CBFCDAC7BBFBE147BBF02737ABF97
:105F00009DC779BF981279BFF85378BFC58B77BF0B
:105F100007BA76BFC6DE75BF0BFA74BFDD0B74BF60
:105F2000471473BF521372BF080971BF73F56FBF77
:105F30009ED86EBF93B26DBF5E836CBF0C4B6BBFC0
:105F4000A7096ABF3CBF68BFD86B67BF880F66BF31
:105F500059AA64BF5A3C63BF97C561BF214660BF61
:105F600005BE5EBF532D5DBF1A945BBF6AF259BF79
:105F7000534858BFE59556BF31DB54BF491853BF4E
:105F80003D4D51BF207A4FBF029F4DBFF8BB4BBF65
:105F900012D149BF65DE47BF03E445BF01E243BFFD
:105FA00070D841BF67C73FBFF9AE3DBF3B8F3BBF16
:105FB000426839BF233A37BFF30435BFC9C832BF7F
:105FC000BB8530BFDE3B2EBF4AEB2BBF159429BFEC
:105FD000563627BF25D224BF996722BFCBF61FBFF5
:105FE000D17F1DBFC6021BBFC07F18BFD9F615BF2A
:105FF0002A6813BFCDD310BFDA390EBF6B9A0BBF1F
:106000009BF508BF824B06BF3D9C03BFE4E700BF82
:10601000275DFCBECBE0F6BEEA5AF1BEBBCBEBBEC1
:106020007533E6BE4F92E0BE80E8DABE4136D5BE9B
:10603000CA7BCFBE53B9C9BE15EFC3BE491DBEBE94
:106040002A44B8BEEF63B2BED47CACBE128FA6BEEB
:10605000E59AA0BE86A09ABE32A094BE229A8EBEB9
:10606000938E88BEC07D82BECCCF78BE7F9A6CBE38
:10607000135C60BE011554BEC2C547BECF6E3BBEA9
:10608000A2102FBEB5AB22BE834016BE87CF09BE7D
:1060900073B2FABD2FBCE1BD36BDC8BD80B6AFBD81
:1060A00004A996BD752B7BBD2EFB48BD2BC316BD29
:1060B000B10AC9BC920E49BC000000805053325F47
:1060C0005441534B004F4253455256455F54415340
:1060D0004B00434841535349534C5F5441534B0089
:1060E00043484153534953525F5441534B00494E27
:1060F000535F5441534B0064656661756C74546121
:10610000736B0049444C45002861010800000024DD
:10611000780200001C04000898620108780200243C
:10612000A0940000AC56010801314A3333EB3A58D1
:10613000A08B3A0152013202031B010252013202CA
:106140000363020240368CDB54C01EA768BE0DE01C
:10615000A5BF5F299BBF1B0D54404B59A63ECF6680
:1061600021403F575B3E10E9E73F02BCCD3F3A92EA
:1061700004411904D63E3333A7410350C2849EC460
:10618000C268420C439AF9ACC2849ECDBD99BB460D
:106190004190312AC13B7084C0B459753D5434815B
:1061A000C2A009A24287A70EC2E3A53B3F3F46EF2C
:1061B000C105E32642A69BADC16A4DF33D98DDF7CC
:1061C00041D7123FC106811CC1645DC24052B8CEA6
:1061D0003F0B24083FA167FBBF5BD3843F7368F18B
:1061E00043DEB1D7C36D36CB4289412341364D06DC
:1061F00042A50E14C211365941D5E7EA3EDE73CEF0
:106200004214903CC2235BBBC168227C41F39FBE19
:1062100041F241C540705FC4C140133541CED86BD7
:1062200043B88E8CC36EC3EC42645D8CC0F23022E6
:1062300042C01B3DC238679D41143FA6BF0A38903B
:10624000D0030090D003C4807F010919C3F51C411D
:10625000EC5165423301FA3914AE85419A99993E61
:10626000632A4334803B4563F04134803B4544B06E
:106270004001421035AAAAAAAA77803FA69B443BB8
:1062800033803FB3803F33803FB3803F33803FB3A1
:0862900048435348430000009D
:04000005080002CD20
:00000001FF
