:020000040800F2
:10000000B8B10024E102000869820008A974000860
:10001000618200089906000841AF00080000000056
:1000200000000000000000000000000091870008B0
:10003000A10A00080000000081820008C9870008AA
:10004000FB020008FB020008FB020008FB0200089C
:10005000FB020008FB020008FB020008FB0200088C
:10006000FB020008FB020008FB0200080107000871
:1000700011070008210700083107000841070008A0
:10008000FB020008FB020008FB020008890B0008C5
:10009000090C0008FB020008FB020008FB02000834
:1000A000FB020008FB020008FB020008FB0200083C
:1000B00061890008FB020008FB020008FB0200083F
:1000C000FB020008FB020008FB020008FB0200081C
:1000D000A1860008FB02000829920008FB02000824
:1000E000FB020008FB02000800000000FB02000801
:1000F000FB020008FB020008FB020008FB020008EC
:10010000FB020008FB020008FB020008FB020008DB
:10011000FB020008C98A0008FB020008FB02000875
:10012000FB020008FB020008FB020008FB020008BB
:10013000FB020008FB020008FB020008FB020008AB
:1001400000000000000000000000000000000000AF
:10015000FB020008FB020008FB020008FB0200088B
:10016000FB020008FB020008FB020008FB0200087B
:10017000FB02000871820008FB020008000000007A
:10018000FB020008FB020008FB020008FB0200085B
:10019000FB020008FB020008FB020008FB0200084B
:1001A000FB020008FB020008FB0200080000000040
:1001B000FB020008FB020008FB020008FB0200082B
:1001C000FB020008FB020008000000000000000025
:1001D0000000000000000000FB020008000000001A
:1001E000000000000000000000000000000000000F
:1001F0000000000000000000FB020008FB020008F5
:10020000FB020008FB02000800000000FB020008DF
:10021000FB020008FB020008FB020008FB020008CA
:10022000FB02000800000000FB02000800000000C4
:10023000FB020008FB02000800000000FB020008AF
:10024000FB020008FB020008FB020008FB0200089A
:10025000FB020008FB020008FB020008FB0200088A
:10026000FB020008FB020008FB020008FB0200087A
:10027000FB020008FB020008FB020008000000006F
:10028000FB020008FB020008FB020008FB0200085A
:1002900000000000FB020008FB0200080000000054
:1002A00000000000FB020008FB020008FB0200083F
:1002B000FB020008FB020008FB020008890C000892
:1002C000FB020008FB020008FB020008DFF80CD06C
:1002D00000F07AF80048004711B20008B8B10024D5
:1002E0000648804706480047FEE7FEE7FEE7FEE7D0
:1002F000FEE7FEE7FEE7FEE7FEE7FEE7B18800085F
:10030000CD0200082DE9F05F0546002092469B468D
:1003100088460646814640241BE02846414647461B
:10032000224600F041F853465A46C01A914110D374
:1003300011461846224600F028F82D1A67EB0108EE
:100340004F4622460120002100F01FF817EB00095C
:100350004E41201EA4F10104DFDC484631462A4606
:100360004346BDE8F09FD2B201E000F8012B491EE0
:10037000FBD270470022F6E710B513460A46044642
:100380001946FFF7F0FF204610BD202A04DB203A73
:1003900000FA02F1002070479140C2F1200320FAD8
:1003A00003F3194390407047202A04DB203A21FAD6
:1003B00002F00021704721FA02F3D040C2F120027E
:1003C00091400843194670471CB5094800900948F8
:1003D00001900546009C06E0E06840F0010394E8C7
:1003E000070098471034AC42F6D3FFF773FF0000C4
:1003F0002CC500084CC5000830B58C1810F8012B2E
:1004000012F00F0301D110F8013B120906D110F8C8
:10041000012B03E010F8015B01F8015B5B1EF9D1D1
:1004200001E001F8013B521EFBD1A142E6D30020BE
:1004300030BD00000000000040F600000121C5F6BC
:100440000200012203F020B840F600000121C5F6A9
:100450000200002203F018B840F600000821C5F69B
:100460000200012203F010B840F600000821C5F692
:100470000200002203F008B82DE9F0410446FFF71E
:10048000E3FF922000F0BCF8922000F0B9F840F6AB
:1004900004380627C2F20048A8F101052E4600BF25
:1004A000552000F0ADF8013F06F8010F3806F7D1EE
:1004B000FFF7C2FFB8F9000094ED0C2A94ED0D3A55
:1004C00000EE100A40F66810C2F20040B8EEC00A12
:1004D00090ED001A21EE000A94ED081A90EE012A20
:1004E00084ED002AB8F9021090ED002A00EE101AEF
:1004F000B8EEC00A22EE000A90EE013A84ED013A0D
:10050000B8F9040000EE100AB8EEC00A22EE000AA4
:1005100021EE000A84ED020AFFF7A6FF802000F01A
:100520006FF808272E4600BF552000F069F8013FFC
:1005300006F8010F3806F7D1FFF78EFF98F8000094
:100540000F2829D1B8F90200B8F90410B8F906202B
:1005500094ED093A00EE100A02EE101A40F66C1003
:1005600004EE102AC2F20040B8EEC00AB8EEC22A69
:1005700090ED001AB8EEC44A90EE013A94ED0A0AE2
:1005800092EE010A94ED0B2A94EE012A84ED033ACF
:1005900084ED040A84ED052AFFF756FFA22000F03F
:1005A0002FF8A22000F02CF8022700BF552000F001
:1005B00027F8013F05F8010F3806F7D1FFF73CFF98
:1005C00098F90000B4EE001A98F80110B3EE072A6B
:1005D000C2B200284FEAC20242EA51114FF60002AD
:1005E000CFF6FF7248BF114300EE101AB8EEC00AF2
:1005F000A0EE012A84ED072ABDE8F081000000008A
:1006000080B582B040F60C318DF80700C2F200418F
:100610000DF1060201234FF47A7C08680DF1070101
:10062000CDF800C005F05CFD9DF8060002B080BD6D
:1006300042F614700121C2F200402422C166016812
:10064000A0F85C20D0F880008A6842F040028A60FE
:100650000A6842F010020A60006800BF026822F0D7
:10066000010202600268D207F8D12431816040F2B1
:100670000001C2F20041C1601231016112214160EA
:10068000016841F480210160016841F001010160CD
:100690007047000000000000FEE7000000000000BE
:1006A000002070470000000000207047000000009C
:1006B00010B542F2401441F67C01C2F20044C2F28D
:1006C00000410022204608F087FF41F27C012046CD
:1006D000C2F2004108F070FF002010BD00000000D1
:1006E00080B508880AF02CFB002080BD00000000C7
:1006F000002070470000000001200AF0B5FDFBE774
:1007000042F21C40C2F2004000F0C2BE00000000F5
:1007100042F29440C2F2004000F0BABE0000000075
:1007200042F20C50C2F2004000F0B2BE00000000E5
:1007300042F28450C2F2004000F0AABE0000000065
:1007400042F2FC50C2F2004000F0A2BE00000000E5
:1007500040F20F42D0F800C0C4F20202944510DC0F
:100760006F22C4F20202944520DC3F22C4F202024E
:10077000944536DC1022C4F20202944554D028225B
:100780004EE040F26F42C4F2020294451ADC40F29D
:100790003F42C4F2020294452ADC40F21042C4F205
:1007A0000202944540D040F2284239E09F22C4F230
:1007B0000202944525DC7022C4F20202944533D033
:1007C00088222DE040F29F42C4F2020294451FDCD1
:1007D00040F27042C4F20202944525D040F28842B1
:1007E0001EE04022C4F2020294451DD0582217E0B8
:1007F00040F24042C4F20202944515D040F2584201
:100800000EE0A022C4F2020294450DD0B82207E007
:1008100040F2B842C4F20202944505D040F2A04230
:10082000C4F20202944517D10CF0F8024AF6AB2349
:10083000103ACAF6AA23A2FB033109A35F2AC1F327
:1008400002115B5C40F2FF312CEA0101C36588BFF5
:1008500004318165084670472CF0FF01F9E700BFBD
:100860000006101600061016F0B583B00B88174668
:10087000B3F5007F00F08780B3F5807F62D0002B56
:1008800040F08C80B2EE093AB3EE0E4A9FED475A23
:10089000B1EE047A21EE051AD1F804C030EE030A55
:1008A0009FED413A30EE844A21EE856A20EE030A3C
:1008B000B3EE093A24EE054A80EE030A9FED3C3A76
:1008C00084EE033AB2EE044ABDEEC00A32EE042AC8
:1008D0009FED384A81EE041A86EE074A10EE102A80
:1008E00022EE052AB3EE045ABDEEC33A8DF8052078
:1008F000BDEEC11A160A82EE052A8DF80460BDEE1F
:10090000C44A13EE103A11EE101ABDEEC22A14EECC
:10091000104A1A098DF806201A0112EE105A42EAFE
:1009200011228DF8081021098DF80910290A8DF877
:10093000072041EA04118DF80A101FFA8CF18DF896
:100940000B501DE010EE102A496801F5807189B244
:100950008DF80420130A8DF80530130C8DF806303D
:1009600010EE903A120E8DF807208DF808301A0A12
:100970008DF809201A0C8DF80A201A0E8DF80B201C
:1009800001AA082308E010EE902A496801F50071D9
:10099000042389B2019201AA0AF0D6FA38460AF075
:1009A00063FC03B0F0BD00BF00FF7F4700F07F4550
:1009B000000070420000FA4380B582B041F2040E9C
:1009C000CEF2000EDEF80020009240F61432DDF880
:1009D00000C0C2F200420368126800990160DEF8AC
:1009E000000040F6203EC2F2004E01900199DEF870
:1009F0000000814206D240F62430C2F20040016875
:100A000001310160ACEB030001EE102A00EE100A88
:100A10000198CEF80000B8EE411AB8EE400A80EE18
:100A2000010A02B080BD00004EF6FC51CEF200017A
:100A30000A6842F080720A6041F200010022CEF2A0
:100A400000014A600B6843F001030B6044F240214F
:100A5000C0F20F01484340F61431C2F20041086071
:100A600044F6D351C1F26201A0FB01134DF683613C
:100A7000C4F21B31A0FB010140F61830C2F2004065
:100A80009B090360880C40F61C31C2F200410860EB
:100A900040F62430C2F200400260704700000000BF
:100AA000704700000000000010B582B011441C46E1
:100AB0004FF0FF33CDF803300093FD2289B28DF85B
:100AC00007206A4608230AF03FFA20460AF0CCFBCA
:100AD000002002B010BD000010B582B011441C46C9
:100AE0004FF0FF33CDF803300093FC2289B28DF82C
:100AF00007206A4608230AF027FA20460AF0B4FBCA
:100B0000012002B010BD0000EFF3108072B600BFEC
:100B1000FEE700000000000010B58AB000240220AB
:100B200004900120CDE9050442F2746002A9C2F2EA
:100B300000400794CDE9024401F096FD08B1FFF7AB
:100B4000E3FF42F274600221C2F20040022200235D
:100B5000009401F0CDFD08B1FFF7D6FF42F27460BA
:100B60000121C2F20040002201F006FD08B1FFF7AA
:100B7000CBFF42F27460C2F2004002F06DFB08B19C
:100B8000FFF7C2FF0AB010BD42F27460C2F200402B
:100B900001F09EBE0000000010B58AB00120039055
:100BA000022002A9CDE9040042F214700024C2F22E
:100BB00000400294CDE9064401F056FD08B1FFF76C
:100BC000A3FF42F214700221C2F20040022200236D
:100BD000009401F08DFD08B1FFF796FF42F214700A
:100BE0001021C2F20040002201F0C6FC08B1FFF75C
:100BF0008BFF42F21470C2F2004002F02DFB08B1EC
:100C0000FFF782FF0AB010BD42F21470C2F200403A
:100C100001F05EBE0000000010B58AB00024022082
:100C2000CDE90300012002A9CDE9050442F2B47028
:100C30000294C2F20040079401F016FD08B1FFF7DC
:100C400063FF42F2B4700221C2F20040022200238C
:100C5000009401F04DFD08B1FFF756FF42F2B47069
:100C60001021C2F20040002201F086FC08B1FFF71B
:100C70004BFF42F2B470C2F2004002F0EDFA08B14C
:100C8000FFF742FF0AB010BD42F2B470C2F200405A
:100C900001F01EBE00000000F0B5D1E900C4D1F89B
:100CA00008E00D692CB14EEA0C04254345F0804C58
:100CB00003E045EA8C4444EA0E0C856ED0F884705B
:100CC000D1E907466B438D6944EA0660D1F814E028
:100CD0000543CC6807EB830045EA0E0647F823C0BE
:100CE00046EA04034360CB68B3F5803F38BFF0BDEC
:100CF0004CF2CC4C083001320023C0F6000C00BF8F
:100D0000D71857F8017CC750CF8904331CF80770F7
:100D1000BB42F5D3F0BD00002DE9F041044602F0DE
:100D2000BBFB14B3054694F83500022820D140F2ED
:100D30000F472668C4F2020740F26F48BE426FF0C8
:100D40000E00C4F2020817DC6F21C4F202018E42C9
:100D500023DC3F21C4F202018E4239DC1021C4F2AF
:100D600002018E4258D0282151E00120BDE8F081D7
:100D700080206065012037E246451ADC40F23F41A1
:100D8000C4F202018E422ADC40F21041C4F2020198
:100D90008E4241D040F2284139E09F21C4F2020145
:100DA0008E4225DC7021C4F202018E4234D08821AB
:100DB0002DE040F29F41C4F202018E421FDC40F25E
:100DC0007041C4F202018E4226D040F288411EE0FA
:100DD0004021C4F202018E421ED0582117E040F299
:100DE0004041C4F202018E4216D040F258410EE05A
:100DF000A021C4F202018E420ED0B82107E040F2D9
:100E0000B841C4F202018E4206D040F2A041C4F2C1
:100E100002018E42314607D13146306820F01E0073
:100E200041F8140B6FF080000A68464500EA0200A2
:100E3000086019DC9F20C4F20200864231DC572092
:100E4000C4F20200864256DC1020C4F20200864240
:100E500000F091802820C4F20200864200F08B80CE
:100E60004020C4F2020084E045F22F40C5F60200A3
:100E700086422BDC40F2B740C4F20200864248DCD6
:100E800040F27040C4F20200864274D040F28840C2
:100E9000C4F2020086426ED040F2A040C4F20200CA
:100EA00067E040F22740C4F20200864240DCA02006
:100EB000C4F2020086425ED0B820C4F2020086422C
:100EC00059D040F21040C4F2020052E045F26B40AB
:100ED000C5F6020086423CDC45F23040C5F6020011
:100EE000864248D045F24440C5F60200864242D0D0
:100EF00045F258403BE05820C4F2020086423AD006
:100F00007020C4F20200864235D08820C4F202006C
:100F10002FE040F2B840C4F2020086422BD045F2E6
:100F20000840C5F60200864225D045F21C401EE06E
:100F300040F22840C4F2020086421CD040F24040F9
:100F4000C4F20200864216D040F25840C4F20200B9
:100F50000FE045F26C40C5F6020086420BD045F228
:100F60009440C5F60200864205D045F28040C5F6A1
:100F70000200864204D1206E016821F48071016074
:100F8000306820F0010030603068C0070BD002F0FC
:100F900083FA401B0628F7D320206065032084F8DD
:100FA0003500012020E120680821B8424FF03F02BF
:100FB00010DC6F23C4F2020398421CDC3F23C4F20E
:100FC0000203984232DC1023C4F20203984251D04B
:100FD00028234AE040451ADC40F23F43C4F20203B2
:100FE00098422ADC40F21043C4F20203984241D0F6
:100FF00040F2284339E09F23C4F20203984225DCE3
:101000007023C4F20203984234D088232DE040F2CA
:101010009F43C4F2020398421FDC40F27043C4F2C3
:101020000203984226D040F288431EE04023C4F2D7
:10103000020398421ED0582317E040F24043C4F206
:101040000203984216D040F258430EE0A023C4F2A7
:10105000020398420ED0B82307E040F2A043C4F246
:101060000203984206D040F2B843C4F20203984209
:1010700040F0BF80D4E9163707F01F07404502FA59
:1010800007F25A5019DC9F21C4F20201884231DC78
:101090005721C4F20201884256DC1021C4F2020139
:1010A000884200F091802821C4F20201884200F0B9
:1010B0008B804021C4F2020184E045F22F41C5F645
:1010C000020188422BDC40F2B741C4F2020188429F
:1010D00048DC40F27041C4F20201884274D040F210
:1010E0008841C4F2020188426ED040F2A041C4F2AD
:1010F000020167E040F22741C4F20201884240DC6D
:10110000A021C4F2020188425ED0B821C4F20201DB
:10111000884259D040F21041C4F2020152E045F237
:101120006B41C5F6020188423CDC45F23041C5F610
:101130000201884248D045F24441C5F60201884286
:1011400042D045F258413BE05821C4F202018842A6
:101150003AD07021C4F20201884235D08821C4F20D
:1011600002012FE040F2B841C4F2020188422BD0C4
:1011700045F20841C5F60201884225D045F21C41DE
:101180001EE040F22841C4F2020188421CD040F225
:101190004041C4F20201884216D040F25841C4F2E4
:1011A00002010FE045F26C41C5F6020188420BD006
:1011B00045F29441C5F60201884205D045F28041CE
:1011C000C5F6020188420BD1616EA26EE06E4A60E4
:1011D00030B1016821F480710160D4E91C014160E3
:1011E000012084F835000020002184F83410BDE887
:1011F000F081042101223DE7F0B190F83510022979
:1012000018D180B540F20F420168C4F20202914247
:1012100014DC6F23C4F20203994224DC3F23C4F29E
:10122000020399423ADC1023C4F20203994258D0D7
:10123000282352E0802141650120704740F26F432E
:10124000C4F2020399421ADC40F23F43C4F20203A3
:1012500099422ADC40F21043C4F20203994240D082
:1012600040F2284339E09F23C4F20203994225DC6F
:101270007023C4F20203994233D088232DE040F258
:101280009F43C4F2020399421FDC40F27043C4F250
:101290000203994225D040F288431EE04023C4F265
:1012A000020399421DD0582317E040F24043C4F294
:1012B0000203994215D040F258430EE0A023C4F235
:1012C000020399420DD0B82307E040F2B843C4F2BC
:1012D0000203994205D040F2A043C4F202039942AE
:1012E0006ED191424FF0040280F8352010DC6F205F
:1012F000C4F20200814220DC3F20C4F2020081429D
:1013000036DC1020C4F20200814253D028204EE087
:1013100040F26F40C4F2020081421ADC40F23F40CA
:10132000C4F2020081422ADC40F21040C4F2020002
:1013300081423FD040F2284039E09F20C4F20200B1
:10134000814225DC7020C4F20200814232D0882024
:101350002DE040F29F40C4F2020081421FDC40F2C7
:101360007040C4F20200814224D040F288401EE066
:101370004020C4F2020081421CD0582017E040F205
:101380004040C4F20200814214D040F258400EE0C6
:10139000A020C4F2020081420CD0B82007E040F245
:1013A000B840C4F20200814204D040F2A040C4F22E
:1013B00002008142086820F001000860002080BD22
:1013C0000A6822F00E020A6045F25742C5F6020290
:1013D00091420A6822F001020A600EDC45F22F42B7
:1013E000C5F60202914217DC45F20842C5F6020238
:1013F000914226D045F21C421FE045F27F42C5F6DD
:101400000202914211DC45F25842C5F602029142B5
:1014100017D045F26C4210E045F23042C5F60202A8
:1014200091420ED045F2444207E045F29442C5F69F
:101430000202914205D045F28042C5F60202914275
:101440001AD1D0E9181CD0E916E30A6822F4807298
:101450000A6003F01F01012202FA01F1CEF8041024
:10146000816ECCF80410C16E31B10A6822F480722A
:101470000A60D0E91C124A60012180F83510016D24
:101480000022002980F8342098D08847002080BDB1
:101490002DE9F04381B00021009140F6901148F20F
:1014A000B513C2F20041C1F64E33856D40F26F496B
:1014B0000A680168C4F202092E68A2FB03284945A4
:1014C0002B6815DC9F22C4F2020291422BDC5722CA
:1014D000C4F2020291424FDC1022C4F20202914295
:1014E00078D02822C4F20202914273D040226CE0EC
:1014F00045F22F42C5F60202914227DC40F2B74284
:10150000C4F20202914243DC40F27042C4F2020291
:1015100091425FD040F28842C4F20202914259D017
:1015200040F2A04251E040F22742C4F2020291424E
:101530003DDCA022C4F2020291424BD0B822C4F298
:101540000202914246D040F210423EE045F26B4228
:10155000C5F60202914275DC45F23042C5F6020240
:10156000914200F0828045F24442C5F60202914267
:101570007BD045F2584273E05822C4F202029142F5
:1015800028D07022C4F20202914223D088221CE0AB
:1015900040F2B842C4F2020291421BD045F2084226
:1015A000C5F60202914260D045F21C4258E040F27A
:1015B0002842C4F2020291420CD040F24042C4F2EE
:1015C0000202914206D040F25842C4F20202914215
:1015D00040F02D84C26D082302F01F029340334275
:1015E00000F0168140F20F44C4F20204A1424FF011
:1015F000040413DC6F27C4F20207B94200F39180A0
:101600003F27C4F20207B94200F3D2801027C4F288
:101610000207B94200F0F0802827E8E0494500F3CE
:101620008C8040F23F47C4F20207B94200F3C78002
:1016300040F21047C4F20207B94200F0DD8040F2E8
:101640002847D4E045F26C42C5F6020291420CD024
:1016500045F28042C5F60202914206D045F294421C
:10166000C5F60202914240F0E2830E68C26D02F0BC
:101670001F02042707FA02F41C4218BF16F00407E1
:101680002CD1022707FA02F41C4218BF16F00207F9
:1016900062D1D3401B0740F1CA8316F0080300F063
:1016A000C68340F20F43C4F2020399426FF01C0359
:1016B00000F318836F27C4F20207B94200F3548382
:1016C0003F27C4F20207B94200F3B4831027C4F2E3
:1016D0000207B94200F0D3832827CAE332046C60C2
:1016E0005ED4B20600F1A18340F20F42C4F20202BE
:1016F00091426FF0080200F3E3826F23C4F2020309
:10170000994200F302833F23C4F20203994200F39B
:1017100047831023C4F20203994200F083832823F5
:101720007AE39F27C4F20207B94251DC7027C4F262
:101730000207B94260D0882759E040F29F47C4F2BF
:101740000207B9424BDC40F27047C4F20207B942CB
:1017500052D040F288474AE032046C6000F19C822B
:10176000B20600F1CF8340F20F42C4F2020291426E
:101770006FF0140200F3D6826F23C4F20203994281
:1017800000F315833F23C4F20203994200F38C83D4
:101790001023C4F20203994200F0AB832823A2E392
:1017A000F10300F14283816C002940F079833EE32C
:1017B0004027C4F20207B9421ED0582717E040F272
:1017C0004047C4F20207B94216D040F258470EE033
:1017D000A027C4F20207B9420ED0B82707E040F2B2
:1017E000A047C4F20207B94206D040F2B847C4F29B
:1017F0000207B94218BF08240F68274208D00F68B3
:1018000027F004070F60AB60436D43F001034365AD
:101810000123934033426FD040F20F47C4F20207D6
:10182000B94210DC6F27C4F20207B9421CDC3F2723
:10183000C4F20207B94232DC1027C4F20207B942EF
:1018400051D028274AE049451ADC40F23F47C4F20C
:101850000207B9422ADC40F21047C4F20207B9423B
:1018600041D040F2284739E09F27C4F20207B9422D
:1018700025DC7027C4F20207B94234D088272DE056
:1018800040F29F47C4F20207B9421FDC40F27047A2
:10189000C4F20207B94226D040F288471EE0402732
:1018A000C4F20207B9421ED0582717E040F2404761
:1018B000C4F20207B94216D040F258470EE0A02702
:1018C000C4F20207B9420ED0B82707E040F2B84789
:1018D000C4F20207B94206D040F2A047C4F20207A0
:1018E000B94240F0E1814F6907F0800424B1AB6058
:1018F000436D43F0020343650423934033426FD0AA
:1019000040F20F47C4F20207B94210DC6F27C4F25D
:101910000207B9421CDC3F27C4F20207B94232DC9D
:101920001027C4F20207B94251D028274AE049459E
:101930001ADC40F23F47C4F20207B9422ADC40F207
:101940001047C4F20207B94241D040F2284739E0BB
:101950009F27C4F20207B94225DC7027C4F20207B0
:10196000B94234D088272DE040F29F47C4F20207E5
:10197000B9421FDC40F27047C4F20207B94226D0D8
:1019800040F288471EE04027C4F20207B9421ED049
:10199000582717E040F24047C4F20207B94216D078
:1019A00040F258470EE0A027C4F20207B9420ED019
:1019B000B82707E040F2B847C4F20207B94206D0A0
:1019C00040F2A047C4F20207B94240F073810F68A9
:1019D00007F0020424B1AB60436D43F00403436598
:1019E000102303FA02F232427ED040F20F43C4F2D7
:1019F000020399424FF0080310DC6F27C4F202077C
:101A0000B9421CDC3F27C4F20207B94232DC10277E
:101A1000C4F20207B94251D028274AE049451ADCEE
:101A200040F23F47C4F20207B9422ADC40F21047B5
:101A3000C4F20207B94241D040F2284739E09F275B
:101A4000C4F20207B94225DC7027C4F20207B9428A
:101A500034D088272DE040F29F47C4F20207B942F4
:101A60001FDC40F27047C4F20207B94226D040F2B0
:101A700088471EE04027C4F20207B9421ED058270B
:101A800017E040F24047C4F20207B94216D040F2D4
:101A900058470EE0A027C4F20207B9420ED0B8277B
:101AA00007E040F2A047C4F20207B94206D040F274
:101AB000B847C4F20207B94218BF04230F681F4297
:101AC00012D0AA600A6852030A6806D4D20506D466
:101AD0000A6822F008020A6001E0110352D4016C86
:101AE00011B1044688472046C16D01F01F02202134
:101AF00001FA02F3334200F0A68040F20F4701687A
:101B0000C4F202071026B94210DC6F27C4F20207A4
:101B1000B9421CDC3F27C4F20207B94236DC102769
:101B2000C4F20207B94255D028274EE049451ADCD5
:101B300040F23F47C4F20207B9422EDC40F21047A0
:101B4000C4F20207B94245D040F228473DE09F2742
:101B5000C4F20207B94229DC7027C4F20207B94275
:101B600038D0882731E040F29F47C4F20207B942DB
:101B700023DC40F27047C4F20207B9422AD040F297
:101B8000884722E0816C0029ABD1ADE74027C4F241
:101B90000207B9421ED0582717E040F24047C4F26E
:101BA0000207B94216D040F258470EE0A027C4F20F
:101BB0000207B9420ED0B82707E040F2A047C4F2AE
:101BC0000207B94206D040F2B847C4F20207B94250
:101BD00018BF02260F68374235D0AB6090F8353019
:101BE000042B0B6816D123F016030B604B6923F00E
:101BF00080034B61036C0BB9836C1BB10B6823F042
:101C000008030B603F219140A960012180F8351045
:101C1000016D3FE15A030A680CD4D2050ED40A685C
:101C200022F010020A60012180F83510002180F8AE
:101C3000341003E0110301D4416C00E0C16B11B119
:101C4000044688472046416D002900F0F080416D30
:101C5000C9071CD0042180F8351001684FEA98228A
:101C60000B6823F001030B60009B01330093934248
:101C700002D80B68DB07F7D10968C9074FF00301E9
:101C800008BF012180F83510002180F83410C16CA4
:101C9000002940F00581CAE0F10300F13381416C75
:101CA000002940F0FD80C2E000240F68002C7FF482
:101CB0001EAE21E600240F68002C7FF48CAE8FE668
:101CC000494542DC40F23F43C4F2020399427CDCC6
:101CD00040F21043C4F20203994200F0A38040F2A4
:101CE000284399E049454CDC40F23F47C4F20207E3
:101CF000B94200F3A68040F21047C4F20207B9428D
:101D000000F0BD8040F22847B3E09F23C4F20203F5
:101D1000994263DC7023C4F20203994200F082808E
:101D2000882379E0494560DC40F23F43C4F2020376
:101D3000994200F3C08040F21043C4F2020399427A
:101D400000F0D78040F22843CDE040F29F43C4F238
:101D50000203994258DC40F27043C4F202039942F4
:101D600060D040F2884357E09F27C4F20207B9428F
:101D700070DC7027C4F20207B94200F08080882727
:101D800077E040F29F47C4F20207B94269DC40F2B3
:101D90007047C4F20207B94271D040F2884768E048
:101DA0004023C4F2020399423CD0582334E09F23DD
:101DB000C4F20203994200F387807023C4F2020345
:101DC000994200F0968088238DE040F24043C4F2AF
:101DD0000203994226D040F258431DE0A023C4F2EA
:101DE000020399421ED0B82316E040F29F43C4F28A
:101DF000020399426FDC40F27043C4F2020399423D
:101E000077D040F288436EE040F2A043C4F2020370
:101E1000994207D040F2B843C4F20203994218BF76
:101E20006FF004020B681A400A60016CC1BB01B07C
:101E3000BDE8F0834027C4F20207B9421FD05827FB
:101E400017E040F24047C4F20207B94217D040F20F
:101E500058470EE0A027C4F20207B9420FD0B827B6
:101E600007E040F2A047C4F20207B94207D040F2AF
:101E7000B847C4F20207B94218BF6FF00E030F68EB
:101E80003B400B60012101FA02F26A60416580F873
:101E90003510C16C00294FF0000280F83420C6D004
:101EA00001B0BDE8F04308474023C4F20203994261
:101EB0001FD0582317E040F24043C4F20203994276
:101EC00017D040F258430EE0A023C4F20203994217
:101ED0000FD0B82307E040F2A043C4F202039942B6
:101EE00007D040F2B843C4F20203994218BF6FF022
:101EF0000A020B681A400A60012180F8351000219F
:101F000080F83410C16B0029CAD190E700000000AE
:101F10002DE9F041044601F0BFFAECB140F26F4800
:101F200005462068C4F20208404518DC9F21C4F22F
:101F3000020188422EDC5721C4F20201884254DC9F
:101F40001021C4F2020188427ED02821C4F202018D
:101F5000884279D0402172E00120BDE8F08145F24D
:101F60002F41C5F60201884227DC40F2B741C4F296
:101F70000201884245DC40F27041C4F2020188420D
:101F800062D040F28841C4F2020188425CD040F243
:101F9000A04154E040F22741C4F20201884240DCF3
:101FA000A021C4F2020188424ED0B821C4F202013D
:101FB000884249D040F2104141E045F26B41C5F6FC
:101FC0000201884200F3B88045F23041C5F60201B3
:101FD000884200F0C38045F24441C5F602018842C0
:101FE00000F0BC8045F25841B4E05821C4F202012F
:101FF000884229D07021C4F20201884224D088216D
:102000001DE040F2B841C4F2020188421CD045F202
:102010000841C5F60201884200F0A08045F21C414B
:1020200098E040F22841C4F2020188420CD040F20C
:102030004041C4F20201884206D040F25841C4F245
:102040000201884240F0CE80022184F83510002140
:1020500084F83410016821F00101016020680168F2
:10206000C9070CD001F018FA401B0628F6D320202F
:102070006065032084F835000120BDE8F08148F256
:102080003F0204F108070168CFF61062114066694B
:102090008CCF1143D4F818C01943E3693943276A38
:1020A0000E43616A3343042943EA070343EA0C03FE
:1020B00003D1D4E90B7637433B436568A5F1290684
:1020C000292E00F2A1800127DFE806F0151515156D
:1020D00015159E9E9E9E9E9E9E9E9E9E9E9E9E9E32
:1020E0009E9E151515159E9E9E9E15159E9E9E9E46
:1020F0009E9E15151515002F18BF43F48013042953
:102100000360426922F0070241EA020140F0908038
:10211000D4E90A53002B41EA050100F08980BCF59F
:10212000005F61D0BCF1000F6AD1022D74D0012D87
:1021300060D0002D70D072E045F26C41C5F602010E
:1021400088420BD045F28041C5F60201884205D095
:1021500045F29441C5F60201884243D104F1080ECC
:10216000022184F83510002184F834100168A36935
:102170009EE80450A2F18005E769B5FA85F5666925
:102180006D09402A4FEA853543EA07026FF31011C3
:1021900042EA060208BF102541EADC0142EA0E02CB
:1021A0002943236A41EAD2014AF6F832CAF2FD72A3
:1021B0004CF6CD470244CCF6CC4741EA1311A2FBC2
:1021C000072301606FF0030000EA9300E0652046FA
:1021D000FEF7BEFAE16D012201F01F0102FA01F1E2
:1021E000416030E0402043E7032D18D8DFE805F0D8
:1021F0000A140A02A3F1C072B2FA82F252090FE085
:10220000032D08D201220BE025F00302743AB2FA42
:1022100082F257096FE702D1C3F3006200E00022A7
:1022200032B140206065012084F83500BDE8F081BE
:1022300041612046FEF78CFAE16D3F2201F01F015B
:1022400002FA01F181602068404519DC9F21C4F247
:102250000201884231DC5721C4F20201884256DC77
:102260001021C4F20201884200F092802821C4F2B9
:102270000201884200F08C804021C4F2020184E017
:1022800045F22F41C5F6020188422BDC40F2B741EE
:10229000C4F20201884248DC40F27041C4F20201FB
:1022A000884275D040F28841C4F2020188426FD062
:1022B00040F2A041C4F2020167E040F22741C4F2BB
:1022C0000201884240DCA021C4F2020188425FD0B2
:1022D000B821C4F2020188425AD040F21041C4F23F
:1022E000020152E045F26B41C5F6020188423CDC36
:1022F00045F23041C5F60201884249D045F24441D9
:10230000C5F60201884243D045F258413BE05821CE
:10231000C4F2020188423BD07021C4F2020188421B
:1023200036D08821C4F202012FE040F2B841C4F255
:10233000020188422CD045F20841C5F602018842CC
:1023400026D045F21C411EE040F22841C4F20201B1
:1023500088421DD040F24041C4F20201884217D0A9
:1023600040F25841C4F202010FE045F26C41C5F65B
:10237000020188420CD045F29441C5F60201884220
:1023800006D045F28041C5F60201884240F0D08077
:1023900045F2574C45F6FC0EC5F6020CC5F6020E8A
:1023A00060450EDC45F22F43C5F60203984217DC68
:1023B00045F20843C5F60203984226D045F21C4375
:1023C0001FE045F27F43C5F60203984211DC45F257
:1023D0005843C5F60203984217D045F26C4310E00B
:1023E00045F23043C5F6020398420ED045F244430D
:1023F00007E045F29443C5F60203984205D045F242
:102400008043C5F60203984250D100F0FC034CF61D
:10241000CD47083BCCF6CC47A3FB0737AEF1FC0514
:10242000AEF17C063B0905EB83022266A26803F04D
:102430001F030127802A666607FA03F2A26601D10C
:10244000002262606368A56ED4E91826DFB2591EC7
:1024500007291760756015D87E1E072E62D8604563
:102460000EF1440213DC45F22F41C5F60201884209
:102470003CDC45F20841C5F6020188424BD045F2EA
:102480001C4144E000206067C4E91B0050E045F2B5
:102490007F41C5F60201884231DC45F25841C5F65C
:1024A0000201884237D045F26C4130E000F0F80379
:1024B0004AF6AB27103BCAF6AA27A3FB073740F220
:1024C0000F43C4F2020308253E09984203F1AA0211
:1024D000334688BF05EB171340F600059042C4F25F
:1024E000020528BF334605F180069CE745F23041DE
:1024F000C5F6020188420ED045F2444107E045F29C
:102500008041C5F60201884205D045F29441C5F6E6
:102510000201884213D10EEB8300E066012022679E
:10252000B040606704F16C02002307CA03604A6090
:1025300000206065012184F83510BDE8F08140F687
:102540000000C4F2020000F1FC0E00F5A072E2E708
:10255000B0B5044600F0A0FF40F6A8210546C2F23F
:102560000041621C097818BF0C4400BF00F094FFC2
:10257000401BA042FAD3B0BD90F89830013B012B2C
:102580000BD80068836D0B420CD0836D0B408B42DF
:102590000CD1C36D43F0020309E000F19C0101205E
:1025A000022221E0C36D43F0010300E00323C36571
:1025B0008B0504D5D0F8E0301343C0F8E0304B056C
:1025C00004D5D0F8E4301A43C0F8E4204FF6FF7287
:1025D000436DC3F6CF720A401A4342658A0F4AF62A
:1025E00014010020C4F200010B681A430A6070470E
:1025F00090F89830022B1BD1B0B50368D3F8C050C7
:1026000015F07C5F1CD0D3F8C450AD021DD4D3F8B4
:10261000C4300546C3F304442346FEF73DFB286857
:102620000121A140C0F8D0100020C5F89410B0BD21
:10263000D0F89C1041F00801C0F89C1001207047B0
:10264000D0F89C1041F0200103E0D0F89C1041F438
:102650000071C0F89C100120B0BD00000000000017
:10266000704700000000000090F89820013A012A0D
:102670000BD880B50A68002ACA680ED00B69072AF1
:1026800043EA427E16D18B6919E0D0F89C1041F0E4
:102690000201C0F89C1001207047072A18D10A696E
:1026A000D1E906C3120442EA032242EA0C0242F0D4
:1026B000605217E0D1F808C04B6943EA8C73006F91
:1026C000496800EBC10240F831E05360002080BD52
:1026D0008B68D1E904CE9B0743EAC26242EA0C420E
:1026E00042EA0E024968C06E40F82120002080BDF9
:1026F00090F898C0BCF1010F0DD19200006842EA39
:102700000111DDF800C041EA430141EA0C01C0F8C3
:10271000801000207047D0F89C1041F00401C0F8F0
:102720009C1001207047000070470000000000006E
:10273000704700000000000070B590F89850022D1E
:102740001CD140291FD10568D5F8A04014F4FE0F14
:1027500000F08F80D5F8A440640600F09680D5F88C
:10276000A440E40148BFD5F8A040D5F8A45000F13A
:102770007404C5F3052E456CF44629E0D0F89C108E
:1027800041F0080185E0412918D10568D5F8B0402D
:1027900014F4FE0F6DD0D5F8B440640675D0D5F8AA
:1027A000B440E40148BFD5F8B040D5F8B45000F1CA
:1027B0007804C5F3052EC56CF44609E0056DA94201
:1027C00057D200F17C04D0F854E04FF0000C0D46D5
:1027D00005FB0EF6246854F8265015F08045556028
:1027E00054F826E02EF0604508BFCEF38A4504EB8E
:1027F000860E156054F8265005F00055956054F883
:10280000264004F000441461BEF80440D461DEF8B0
:10281000044004F47024D460DEF80450B4F5803F22
:1028200005F480155561DEF8045005F40015956136
:102830009EF8075005F07F051562DEF804504FEA58
:10284000D57454620ED30EF108054CF2CC4E002420
:10285000C0F6000E2E5D1E550134D6891EF80660A6
:10286000B442F7D3402909D10068C0F8A8C00020BD
:1028700070BDD0F89C1041F020010AE041290CD134
:102880000068C0F8B8C0002070BDD0F89C1041F4BA
:102890008071C0F89C10012070BD1F2907D8006806
:1028A000012202FA01F1C0F89810002070BD006802
:1028B00001F01F01012202FA01F1C0F89C10002072
:1028C00070BD000000000000704700000000000024
:1028D0002DE9F04F87B004464AF61000C4F200001C
:1028E00001684AF61400C4F20000026820680A4039
:1028F000D0F850B0D0F85490056D466D036D02933A
:10290000436D0193036D0693436D0593036D04932B
:10291000436D0393D0F854A0D0F850805FEACA53B7
:1029200010D518F480710DD04FF4807101654AF60E
:1029300010010020C4F20001174608602046FFF78E
:10294000C3FF3A460BEA090B4AF610095FEA4A5000
:10295000C4F200094FEA82771AD518F4806017D0C4
:1029600020689146D0F8DC10D0F8E42011404FF4F4
:10297000806202654AF61002C4F200020020106074
:10298000204600F09DFC4A464AF61009C4F20009B0
:1029900005EA06050BF4704657B120680021016571
:1029A00002F00300C9F8000020463946FFF758FE40
:1029B000DDE9011000EA010705F00F0546B12068C6
:1029C000314606650020C9F80000204600F080FC72
:1029D00007F0F00645B12068294605650020C9F8D2
:1029E0000000204600F0E4FB46B120683146066551
:1029F0000020C9F80000204600F00EFC5FEA0A50F3
:102A00000CD518F4006009D020684FF4006101650E
:102A10000020C9F80000204600F05EFC5FEA8A5002
:102A200011D518F400700ED02068D0F8D810D0F866
:102A3000E02011404FF4007202650020C9F8000048
:102A4000204600F041FC5FEA0A300CD518F4002063
:102A500009D020684FF4002101650020C9F800006A
:102A6000204600F0A1FB5FEACA300CD518F4803094
:102A700009D020684FF4803101650020C9F80000BA
:102A8000204600F019FC5FEA4A30DDE9031000EA55
:102A900001050CD518F4802009D020684FF480215E
:102AA00001650020C9F80000204600F001FC5FEA43
:102AB0008A30DDE9051000EA010005F060710FD5EC
:102AC00018F400320CD022684FF400331365002252
:102AD000C9F80020D4F89C2042F08002C4F89C2061
:102AE00000F0715539B1206801650020C9F8000077
:102AF0002046FFF71DFE4DB1206805650020C9F88E
:102B00000000D4F89C002843C4F89C002068A9F574
:102B10000161884209D0D4F89C00002868D0204682
:102B200007B0BDE8F04FFFF7FFBD60688168890717
:102B3000F1D0016A426A036A476A114003EA070258
:102B400002F03005D0F82080D0F82490D0F820B0E2
:102B5000466A026A069211F00F01426A0592D0F8A5
:102B600024A0026A049203D00162204600F094FB84
:102B700008EA09072DB1606829460562204600F081
:102B800093FB5FEA4A6006EA0B0607F4C0750ED5B0
:102B9000049810F040000AD060684023C16BC26BFB
:102BA000090C02F03F020362204600F079FBDDE9E8
:102BB000051000EA010706F4FC462DB160682946BD
:102BC0000562204600F064FB07F4F02036B161682E
:102BD0000E62D4F89C103143C4F89C1000289AD09F
:102BE00061680862D4F89C100843C4F89C0092E71E
:102BF00007B0BDE8F08F000040B32DE9F04F83B07F
:102C00004AF200080446C4F200080068404502D1B8
:102C100008F58070606094F8980028B9002084F866
:102C20009900204600F0CCF92068816921F010015C
:102C3000816100F031FC054620688169090707D5EC
:102C400000F02AFC401B0B28F6D312E0012070474D
:102C5000816941F00101816100F01EFC054600BF61
:102C600020688169C90711D100F016FC401B0B28B0
:102C7000F6D30120D4F89C100843C4F89C0003202C
:102C800084F89800012003B0BDE8F08F816941F01D
:102C900002018161217C826922F04002012918BF72
:102CA00040328261617C826922F48042012908BF3E
:102CB00002F580428261A17C826922F4805201295E
:102CC00018BF02F580528261816921F44073D4E912
:102CD00002120B438361836923F0A40383610369B8
:102CE00023F0100303619AB1012A0DD0022A09D002
:102CF0008369032A43F080038361036943F0100270
:102D0000026105D1202200E0042283691A43826116
:102D1000D4E90572E369561E6FF0FF02256A02EBE3
:102D20000323B1F5407F43EA4663A5F1010646EA75
:102D3000030640F20003CFF6FF7303EB074746EAB2
:102D40000701C16110D1D4E90B65D4E90917013F2E
:102D500002EB06226FF00F063A4306EB05173A43E3
:102D600003EB01411143C160236E2BB1616ED0F8BA
:102D7000C0201143C0F8C010E16DCDE90113D94264
:102D80004CF24C41C0F6000109D0D0F8C820A36E27
:102D900022F0070251F823301A43C0F8C820D4F8B3
:102DA00040C0BCF1000F09D0D0F8BC20636C22F009
:102DB000070251F823301A43C0F8BC20D4F848B0B9
:102DC000BBF1000F0AD0D0F8BC20E36C22F07002F7
:102DD00051F8233042EA0312C0F8BC20D4F850A0C6
:102DE000BAF1000F0AD0D0F8BC20636D22F4E06283
:102DF00051F8231042EA0121C0F8BC10404504D12B
:102E000061688A6822F003028A600021C4F8941085
:102E1000C4F89C10012184F8981004F13409D0F80A
:102E200084104FF6FC729143656C99E80C02009592
:102E300041EA8201C0F88410D0F8841021F47F01A7
:102E400041EA0341C0F884109918D0F888306FF334
:102E50008F0343EA8103C0F88830D0F8883023F428
:102E6000FE0343EA0943C0F8883001EB4903D0F878
:102E7000A0606FF38F0646EA8306C0F8A060D0F822
:102E8000A06026F4FE0646EA0C46C0F8A06005FBEA
:102E90000C36D0F8B0306FF38F0343EA8603C0F8E6
:102EA000B030D0F8B03023F4FE0343EA0B43C0F84F
:102EB000B030E36CD0F8AC506FF38F0503FB0B66BA
:102EC00045EA8605C0F8AC50D4F8548008FB0A6582
:102ED000D0F8F0606FF38F0646EA8506C0F8F06020
:102EE000D0F8F0E0A66D2EF47C1747EA0647C0F84C
:102EF000F070F70007EB8507D0F8C0506FF38F052F
:102F00002F43C0F8C070D0F8C070009DDDF804E019
:102F100027F47C1705FB0CFC4AF2000547EA0E4734
:102F2000C0F8C070C4F2000503FB0BC305F5406791
:102F3000D0F8C05007EB820207EB810125F07C57E7
:102F4000029D47EA0567C0F8C07001EBC90008FBA5
:102F50000A372167A16E00EB8C0C606700EB8303DE
:102F6000E266C4E91EC30EFB01F300EB8700694370
:102F7000C4F8800000EBC600C4F8840000EB8300B6
:102F8000C4F8880000EB81004DF2FC31C4F200016E
:102F9000C4F89000884201D920206BE6824208D212
:102FA000002000BF42F8040BD4F890108A42F9D3F5
:102FB00069E6002003B0BDE8F08F000000000000CB
:102FC000B0B5B6B0044602A8B8210025CDE9345505
:102FD000CDE932553195FDF7CDF94DF2004120682C
:102FE000C4F20001884200F095804AF20041C4F228
:102FF0000001884249D04AF20001C4F2000188422F
:1030000040F0CF80002003904FF4004002904FF03A
:1030100080501D9002A801F067FB08B1FDF774FD18
:1030200040F6343144F2E040C2F20041C5F60200FD
:103030000A68002A02F101020A6008D1C16841F45D
:103040008071C160C16801F48071019101990168CA
:1030500041F008010160006831A900F0080001900A
:10306000019803203190022032900020CDE93300F6
:103070000920359040F60040C5F6020000F030F916
:10308000132006210022132486E0002003904FF431
:10309000004002904FF080501D9002A801F024FBE8
:1030A00008B1FDF731FD40F6343144F2E040C2F2A0
:1030B0000041C5F602000A68002A02F101020A6016
:1030C00008D1C16841F48071C160C16801F48071A8
:1030D00001910199016841F002010160006840F628
:1030E000004100F002000190C5F602010198602045
:1030F0003190022032900020CDE933000920359034
:10310000A1F5006031A900F0EBF8142005210022A0
:10311000142441E04FF4004002904FF080501D9085
:1031200002A8039501F0E0FA08B1FDF7EDFC40F6C6
:10313000343144F2E040C2F20041C5F602000A68B0
:10314000002A02F101020A6008D1C16841F48071CD
:10315000C160C16801F4807101910199016841F079
:1031600008010160006831A900F008000190019891
:103170004FF440503190022032900020CDE93300CE
:103180000520359040F60040C5F6020000F0A8F892
:103190009F20052100229F2400F04AFA204600F0DB
:1031A00033FA36B0B0BD00007047000000000000E8
:1031B000B0B5C90700D1B0BD4DF200420168C4F2FC
:1031C0000002914214D04AF20002C4F2000291427D
:1031D00018BFB0BD42F280044021C2F2004405464F
:1031E0002046FDF7C7F840F6DC32C2F200420CE0A0
:1031F00042F200144021C2F2004405462046FDF789
:10320000B9F840F62C42C2F200424021284623463B
:10321000BDE8B040FFF790BAC90658BF70474AF200
:1032200000420168C4F20002914200D07047B0B57C
:1032300042F2C0044021C2F2004405462046FDF798
:1032400099F840F604424121C2F200422846234642
:10325000BDE8B040FFF770BA90F8981001290CD182
:10326000022180F8981001688A6922F001028A61BF
:103270000021C0F89C1000207047D0F89C1041F04D
:103280000401C0F89C1001207047000000000000FD
:1032900070470000000000007047000000000000C0
:1032A00070470000000000007047000000000000B0
:1032B00070470000000000007047000000000000A0
:1032C0007047000000000000704700000000000090
:1032D0007047000000000000704700000000000080
:1032E0002DE9F04F83B00E68002E00F0C78000F18A
:1032F000264742F2004507F1FF77C5F602050A228C
:10330000A8424FEAB72500F1200308BF0922009325
:10331000082D38BF4FEAB722002400274FF0000ADB
:1033200001920AE00AF1010A0E6836FA0AF207F180
:10333000020704F1040400F0A180012202FA0AFB52
:1033400016EA0B08EED0D1F80490032209F0030E20
:10335000AEF10106012E02FA07F610D8D0F808C027
:10336000CD682CEA0602BD402A438260C9F30015ED
:10337000426822EA0B0205FA0AF52A434260BEF1CE
:10338000030F1FD0C2688D68B243BD40BEF1020F6B
:1033900042EA0502C26015D16FF00302009D02EA05
:1033A0005A0B04F01C030F2255F80BC002FA03FE5F
:1033B000D1F810902CEA0E0C09FA03F343EA0C033F
:1033C00045F80B3002684B68B24303F00306BE4079
:1033D00013F4403F42EA06020260A3D044F2F443F1
:1033E00040F2084CC5F60203C5F6000C0F251A681A
:1033F00042F002021A601A6802F0020202922AF0F7
:103400000302029B04F00C0352F80C609D40AE4393
:10341000019D05FA03F3334342F80C304FF0B04CF2
:10342000DCF800204B6842EA0806DD0258BF22EAB9
:1034300008069D02CCF8006040F2040CC5F6000CB2
:10344000DCF8002042EA080658BF22EA08069D037D
:10345000CCF80060DCF8802042EA080658BF22EA77
:103460000806DB03CCF88060DCF87C2042EA080622
:1034700058BF22EA0806CCF87C6053E703B0BDE8E9
:10348000F08F000000000000002A08BF09048161DD
:1034900070470000000000004AF60410C2F200402D
:1034A000006870470000000040F6A8204AF60411AA
:1034B000C2F20040C2F2004100780A68104408607D
:1034C000704700000000000080B5032000F0E0F825
:1034D00001F09AFF44F218414CF2A443C5F60201F0
:1034E000C0F600030A68C2F303229A5C096801F07F
:1034F0000F0102F01F02595CD04040F69412C2F254
:10350000004201F01F0120FA01F1116040F6901114
:10351000C2F2004108600F2000F00AF800281CBF2A
:10352000012080BD00F058F8002080BD00000000A0
:103530000F2845D8B0B58AB004461C200022214689
:10354000002500F075F81C2000F05EF840F6AC2075
:10355000C2F20040046044F2E840C5F6020001688F
:1035600041F001010160006801A900F00100029032
:10357000029802A801F094FE079C002C18BF0124B9
:1035800001F0E2FE4DF68361A040C4F21B314FF022
:10359000FF32A0FB010142F6E850C2F200404FF0BA
:1035A0008043036002EB9141C0E9011540F2E7312D
:1035B000C0E9031502F058FF20B101200AB0B0BDE8
:1035C0000120704742F6E850C2F2004002F080FF4E
:1035D0000AB0B0BD0000000081B044F2F440002207
:1035E000C5F60200016841F00201016000680F2188
:1035F00000F0020000906FF00100009B01B000F0AD
:1036000017B8000000000000002848BF704700F015
:103610001F01012202FA01F14EF20012C0F34A101A
:10362000CEF2000242F820107047000000000000B7
:1036300070B54EF60C5C4FF0FF36CEF2000C00F188
:10364000604505F56445DCF80030C3F3022E8EF0CA
:103650000703042B28BF0423BEF1030406FA03F377
:1036600021EA030100F00F0338BF0024043B0028C7
:10367000634406FA04F048BF03F10C05A14022EAB6
:10368000000008430001287070BD00000000000029
:103690004EF60C514FF6FF03CEF200010A681A40B5
:1036A00060F30A2242F0806040F0FD7008607047CD
:1036B00001680122C0F80025002280F8F4248869FE
:1036C00040F000608861486D40F08052002042F078
:1036D00003024A65704700007047000000000000C8
:1036E0000268002051627047B0B5D0F800E0DEF803
:1036F0002400D1B1DEF82830B1F1010C00EB134306
:103700000BD05FFA8CF10EF58070002450F8045F46
:1037100001348C4203EB1543F8D30EEB8C0043EAE3
:103720000241C0F804110020B0BD40EA0240CEF8CA
:1037300028000020B0BD0000D0F8080506F0F4B95C
:1037400001EBC10200EB8202D0F80805926C06F092
:1037500057B900000000000001EBC10200EB82023B
:10376000D0F80805D2F8882206F0A2B900000000BF
:10377000D0F8080506F0DCB910B54FFA81FC0A460E
:1037800001F00F0E4FF41F71BCF1000F4FEAD2127F
:1037900048BF3C210EEBCE0C90F8BC44431803EB21
:1037A0008C01012C03F82CE04A7001D1022010BDDD
:1037B000012280F8BC2402680446104606F014FF7B
:1037C000002084F8BC0410BDB0B501F00F034268BE
:1037D0009A4201D20120B0BD4AB24FF41F74002AB0
:1037E00003EBC30E48BF3C24C909021990F8BC443E
:1037F00002EB8E0C012C4FF000048CF801108CF8B9
:10380000024002F82E3001D10220B0BD012180F823
:10381000BC14016805460846614607F071F8204669
:1038200085F8BC44B0BD000001F00F0101EBC101FF
:1038300000EB8100D0F8900270470000000000000B
:1038400070B58C464FF41F7449B20CF00F0E00296E
:1038500048BF3C240EEBCE0604445FEADC1504EBC3
:10386000860104F826E04D708A600B7118BFA1F83C
:103870001AE0022B01D100224A7190F8BC24012ADF
:1038800001D1022070BD012280F8BC2402680446E8
:10389000104606F0C9FD002084F8BC0470BD00008D
:1038A00080B501F00F0C0CEBCC0100EB810E002178
:1038B000CEE9A331C3688EF87D120EF51F71CEF8E4
:1038C0008822012B8EF87CC208BFCA61DAB2006878
:1038D00007F05EF8002080BDB0B501F00F0442682B
:1038E00094424FF001022AD84BB24FEAD11C002B70
:1038F0004FF41F7548BF214648BF3C2590F8BCE4F3
:1039000001EBC1030544BEF1010F05EB830105F88E
:10391000234081F801C08A7001D10220B0BD80F837
:10392000BC240546006807F013F82CB9297B2868E9
:1039300005F2C44206F0B4FF002285F8BC2410460C
:10394000B0BD00000000000080B501F00F0CD0F801
:103950000CE0BEF1010F0CEBCC0100EB810101F892
:103960003CCF4FF0000CC1E90323C1F814C04FF065
:1039700001034B7008BFCA615FFA8EF2006807F05E
:1039800007F8002080BD00002DE9F04F87B00568E2
:103990008246284607F07CF910B107B0BDE8F08FE9
:1039A000DAF8000007F0A4F90028F6D0D5F80808E6
:1039B000C0F30D20CAF8FC04DAF8000007F098F90B
:1039C000800705D5DAF80000416901F00201416184
:1039D00005F500600590DAF8000007F089F9C006E7
:1039E000069536D5DAF80000816921F01001816171
:1039F0002C6A04F00F0000EBC001C4F343400AEB53
:103A00008101062801F51F7511D002281AD147F649
:103A1000F07014EA000615D03409E96806982246C9
:103A200007F06AF9E86800EB1610E86007E00AF2B0
:103A3000C4410822069807F05FF9C4F30A146869C4
:103A400020446861DAF80000816941F01001816169
:103A5000069DDAF8000007F04BF9000340F1F28010
:103A6000DAF8000007F020F9002800F0EB800646A5
:103A70004FF4306800244FF0000B0AF2C440049069
:103A800009E000BF0BF1010B760808F1200804F1F2
:103A9000240400F0D780F007F4D05FFA8BF9DAF84D
:103AA0000000494607F01CF90746C0075FD005EB48
:103AB000080001218160DAF8000008EB0001036CC6
:103AC0008A68DAF80C50012D25D1150732D49506F5
:103AD00000F1B08043F20B05C4F65475AB42069D6D
:103AE00002D312F400422FD10AEB0402D2F89C3226
:103AF00009696FF3DF41A3EB0101C2F8901294BB97
:103B0000D2F88C32002B00F09B80D2F88802084457
:103B1000C2F8880227E043F20B05C4F65475FF355E
:103B2000AB4217D11004069D0ED490061BD5202061
:103B3000886018E043F20B00069DC4F6547083427F
:103B400015D312F4004012D04FF4004088603807BB
:103B50000FD437E0069D34B9DAF88C1219B9002178
:103B6000049A06F09DFE50464946FFF7F5FD3807DA
:103B700028D505EB08000821816043F20B01DAF833
:103B80000000C4F65471056C40448D42816805D331
:103B900011F400411CBF4FF400418160504600F019
:103BA000FBFB43F20B00C4F654708542069D09D31B
:103BB000DAF80C00012805D1DAF800000121049A96
:103BC00006F06EFEF80607D4B8070BD4B80624D466
:103BD000B8047FF557AF27E005EB0800102181609E
:103BE000B807F3D56869000604D50599486840F41C
:103BF000806048600AEB040090F87F12012906D12A
:103C0000002180F87F125046494600F0ADFA05EBDE
:103C1000080002218160B806DAD505EB08002021F2
:103C20008160B8047FF52EAF05EB08004FF400511A
:103C3000816027E720208860069D380799D4C1E776
:103C400001218DE7DAF8000007F052F8400340F157
:103C5000DC80DAF8000007F01FF8002800F0D580BB
:103C60000646069800F510690AF13C0B00270AF297
:103C7000C4400290CDE903B905E000BF760807F122
:103C8000010700F0C280F007F8D0FDB2DAF80000BA
:103C9000294607F011F80446C0070BD1200733D49A
:103CA000E00637D460063BD4A0073FD42006E5D514
:103CB00055E000BF059B07F00F004FF0010C09EB2A
:103CC00047120CFA00F0596B21EA00005863C2F861
:103CD00008C0DAF80C00012810D107EBC7000BEB85
:103CE0008000D0E902121144C1603FB9006928B9CF
:103CF000DAF800000121029A06F0D2FD504629466A
:103D0000FFF71EFD2007CBD509EB47100821816086
:103D1000E006C7D509EB4710102181606006C3D5C6
:103D200009EB471040218160A007BFD506983946AE
:103D300006F076FF07EBC7000BEB800010F8031FBF
:103D4000012905D1002101705046294600F008FAEA
:103D500009EB47100221816020067FF58FAF07EB4A
:103D6000C7000BEB8008D8E904108142FFF486AF4E
:103D7000DAF80040081AD8F80810884238BF01461F
:103D800004EB47100331D0F8182992B2B2EB910F2F
:103D900028D300F5106900BFD8E90410814221D969
:103DA000081A9AF80C20D8E902B1584538BF834662
:103DB000009220461FFA8BF32A4607F0ADF8D8F898
:103DC0000C00D8F814105844C8F80C0001EB0B0094
:103DD000C8F814000BF10300D9F8181089B2B1EB40
:103DE000900FD9D2D8E904018842DDE903B93FF642
:103DF00045AF07F00F00012101FA00F0D4F83418A4
:103E000021EA0000C4F8340838E7DAF8000006F0C8
:103E10006FFFB0F1FF3F069C19DC0599486820F060
:103E2000010048609AF8F404012807D100208AF8BC
:103E3000F40400215046FFF74FFC02E0504600F02A
:103E40008BFADAF80000416901F000414161DAF8CB
:103E5000000006F04DFF00050CD505988068C007EE
:103E600002D0504600F0C0FADAF80000416901F4CF
:103E700000614161DAF8000006F03AFF000117D551
:103E8000DAF80000416901F0006141619AF8F41428
:103E900019B1504600F0A8FA0AE001218AF8F4149A
:103EA000406DC0F38300CAF8F8045046FFF714FCD5
:103EB000DAF8000006F01CFFC00452D505994868E6
:103EC00020F001004860DAF80000102106F0A8FE9A
:103ED000DAF80400D8B104F510614FF67F3200BF64
:103EE0008A6001380B6823F400130B60C1F80822C4
:103EF000D1F8003223F40013C1F80032D1F80032B7
:103F000043F00063C1F8003201F12001E8D1059EC1
:103F100084210B224423F06940F00110F061DAF8AB
:103F20003000002808BF142104BF42F22B021023E6
:103F3000DAF8000077583A437250F1580AF2C44256
:103F400041F00B01F150316821F4FE6131609AF8C3
:103F50000C1006F0A5FCDAF80000416901F480516C
:103F60004161DAF8000006F0C3FE80041CD5DAF8DF
:103F7000000006F09DFADAF8000006F079FECAF8B3
:103F80001000DAF8004001F0B7F99AF81020014665
:103F9000204606F039FF504600F0C6F9DAF8000076
:103FA000416901F400514161DAF8000006F0A0FE19
:103FB000000708D5504600F0D3F9DAF8000041694F
:103FC00001F008014161DAF8000006F091FE0006F8
:103FD0002AD50699886920F080008861DAF8040003
:103FE000022821D30AF51F740AF13C05012640F28C
:103FF000A32706E00136DAF80400864207F1240719
:1040000012D21AF807000128F4D106F00F00320688
:1040100000EBC00005EB800158BF04EB8001DAF82B
:10402000000006F0ADFDE5E7DAF8000006F060FEFE
:10403000C00232D5DAF80400022828D306980AF123
:104040003C0400F512650AF163064FF001080127F0
:1040500009E000BF0137DAF80400874205F12005C6
:1040600006F1240613D2286871780129F2D1B0F143
:10407000FF3FEFDC07F00F0086F8008000EBC00088
:1040800004EB8001DAF8000006F07AFDE2E7DAF8E6
:104090000000416901F480114161DAF8000006F086
:1040A00027FE800235D5DAF80410069D02292AD3AE
:1040B00005F5326001390AF52972012306E000BFD7
:1040C000013900F1200002F124021CD007681678A3
:1040D000012EF5D1B7F1FF3FF2DCDAF8FC6407F40A
:1040E000803706F00106B742EAD102F8013CAF6919
:1040F00047F08007AF616F693F06E1D405994868D2
:1041000040F400704860DAF80000416901F40011E1
:104110004161DAF8000006F0EBFD400008D550469A
:10412000FFF70AFBDAF80000416901F080414161C4
:10413000DAF8000006F0DCFD40077FF52EACDAF877
:1041400000004468600702D55046FFF711FBDAF81B
:10415000000041682143416007B0BDE8F08F0000D6
:10416000D0F8080505F04CBDD0F8080505F060BD95
:10417000002800F08B802DE9F04F8BB004460568D5
:1041800090F8BD0428B9002084F8BC04204600F053
:1041900093F8032084F8BD04E86BC00501D4002027
:1041A000E060206806F074FB20680A9004F1040EB9
:1041B00004F11C0AD4E90C509EE80E589AE8C00796
:1041C000CDE9085003A88DE8005880E8C0070A9898
:1041D00006F07EF9002852D120680021002506F063
:1041E000CBFD616869B304F13C004FF0010C002283
:1041F000002300BF02EBC20200EB820700F822306E
:10420000DAB201337A83DAB287F801C091423D71A4
:10421000BD60FD603D61EDD804F51F7000220025F2
:10422000002300BF05EBC50700F827300133DDB2DE
:1042300000EB8706A94272703271B260F26032619F
:10424000F0D804F1140E04F1240A2268A0680A9040
:10425000D4E903379EE840589AE80007D4E90C50A7
:10426000CDE9085002A8CDE9007680E8005805A8FD
:1042700080E8000710460A9A06F016FA40B10220BC
:1042800084F8BD0401200BB0BDE8F08F0120704719
:10429000002084F83800012084F8BD04606A0128F9
:1042A00002D12046FFF704FA206806F0EDF900205D
:1042B0000BB0BDE8F08F000010B5B0B0044602A806
:1042C000B821FCF757F800212068C4F204018842A5
:1042D00001D030B010BD002003904FF48020029038
:1042E0004FF44010239002A800F0FEF908B1FCF74B
:1042F0000BFC00F0B9F844F2D8400022C5F60200E9
:10430000016841F0007101600068052100F0007053
:10431000019001984D20FFF78BF94D20FFF774F9BC
:1043200030B010BD0000000010B50446006928B18F
:10433000022801D0FCF7E8FB012100E00021D4F8BD
:10434000080505F001FDD4F80805BDE8104005F0AA
:10435000AFBC000000000000D0F8080505F0D8BC94
:10436000D0F8080505F0E0BC90F8BC24012A01D182
:104370000220704710B5012280F8BC2480F8381064
:1043800004460268104606F02BFD002084F8BC04A9
:1043900010BD000000000000D0F8082500F2C44164
:1043A000104605F0E9BC000010B5044690F8BC04C6
:1043B000012801D1022010BD2068012184F8BC141D
:1043C000C16BC90506D4A16A012903D1816B41F4EF
:1043D0008031816306F01CFC206806F045F900205E
:1043E00084F8BC0410BD000010B50446D0F80805E0
:1043F00005F01AFD2068D0F8001E41F00101C0F858
:10440000001E206A002808BF10BD4EF61050CEF2E4
:104410000000016841F00601016010BD00000000CD
:10442000B0B544F60C05C5F60205296849072968A8
:1044300005D401F00701081A18BF0120B0BD21F012
:10444000070108432860FFF727F8044655F8080CD1
:10445000800407D4FFF720F8001BB0F57A7FF5D968
:104460000120B0BD0020B0BD44F60C00C5F602002E
:10447000016841F080710160704700000000000099
:1044800080B500F039FF44F220414CF2A442C5F659
:104490000201C0F600020968C1F30211515C01F08B
:1044A0001F01C84080BD000080B544F2384EC5F6FB
:1044B000020E5EF8103C5EF8101C5EF80C2CC1F386
:1044C000053CDEF80410BCF1000F18D0C9089FEDC0
:1044D0003A1AD20601EAE27103F003026FF35F3188
:1044E00000EE101AB8EE400ADFE802F0021F0E1FBD
:1044F0005EF8381C89060AD49FED311A15E00021B8
:104500008160C0E9001180BD9FED2C1A0DE05EF8BE
:10451000381C49F20002C0F2D032C1F3C10122FAC4
:1045200001F101EE101AB8EE411ADEF800109FED0D
:10453000253A6FF35F2102EE101ADEF80010C1F386
:104540004621B8EE422A013100EE032A00EE10CADD
:10455000B7EE003AB8EE400A81EE000A32EE031AD6
:1045600020EE010A01EE101AB8EE411A80EE011A8F
:10457000BCEEC11A80ED001ADEF80010C1F306414E
:10458000013101EE101AB8EE411A80EE011ABCEEAC
:10459000C11A80ED011ADEF80010C1F30661013185
:1045A00001EE101AB8EE411A80EE010ABCEEC00A04
:1045B00010EE101A816080BD0024744A001BB74BB6
:1045C0000024744C0000003980B544F2404EC5F61A
:1045D000020E5EF8183C5EF8181C5EF8142CC1F34D
:1045E000055CDEF80410BCF1000F18D0C9089FED7F
:1045F0003A1AD20501EAE27103F003026FF35F3168
:1046000000EE101AB8EE400ADFE802F0021F0E1F9B
:104610005EF8401C89060AD49FED311A15E000218E
:104620008160C0E9001180BD9FED2C1A0DE05EF89D
:10463000401C49F20002C0F2D032C1F3C10122FA9B
:1046400001F101EE101AB8EE411ADEF800109FEDEC
:10465000253A6FF35F2102EE101ADEF80010C1F365
:104660004621B8EE422A013100EE032A00EE10CABC
:10467000B7EE003AB8EE400A81EE000A32EE031AB5
:1046800020EE010A01EE101AB8EE411A80EE011A6E
:10469000BCEEC11A80ED001ADEF80010C1F306412D
:1046A000013101EE101AB8EE411A80EE011ABCEE8B
:1046B000C11A80ED011ADEF80010C1F30661013164
:1046C00001EE101AB8EE411A80EE010ABCEEC00AE3
:1046D00010EE101A816080BD0024744A001BB74B95
:1046E0000024744C000000392DE9F04381B00446E9
:1046F000C07844F22C490007C5F6020901D4002510
:1047000020E0606E4FEA3050032835D80025DFE8FE
:1047100000F0020A1C22D9F8000040F40030C9F869
:104720000000D5B906E004F10800022103F0DCFD29
:10473000054695B9D9F82400616E20F4401008436D
:10474000C9F824004FF0000808E004F12800022115
:1047500003F05AFE0546002DECD0A8466078C0074D
:104760001ED0A06D04283ED8DFE800F02B340A03E9
:1047700003006DB1A84613E00125002DEDD1D9E766
:1047800004F12800002103F03FFE0546002DF1D181
:10479000D9F82400A16D20F007000843C9F82400CF
:1047A0006078400747D5D4F8A4004FEA7050052838
:1047B0002CD8DFE800F01C2F2503030395B3A8468F
:1047C00039E0D9F8000040F40030C9F80000002DAD
:1047D000D0D1DDE704F10800002103F085FD054696
:1047E000002DC7D1D4E70125002DC3D1D0E7D9F8DA
:1047F000000040F40030C9F80000002DDFD111E0C6
:1048000004F12800002103F0FFFD08E00125002D40
:10481000D5D107E004F10800002103F065FD05464D
:10482000002DCCD1D9F82C00D4F8A41020F46000CD
:104830000843C9F82C006078000731D5D4F8A800E7
:104840004FEA3060052816D8DFE800F006190F039C
:104850000303E5B1A84623E0D9F8000040F4003096
:10486000C9F80000002DF5D111E004F12800002165
:1048700003F0CAFD08E00125002DEBD107E004F1AB
:104880000800002103F030FD0546002DE2D1D9F8E3
:104890002C00D4F8A81020F0E0600843C9F82C00E0
:1048A000E07880071BD5E06C4FEA301003282FD842
:1048B000DFE800F0020525024DB1A8460FE0D9F867
:1048C000000040F40030C9F80000002DF5D1D9F8FF
:1048D0002000E16C20F030000843C9F82000607827
:1048E000C00629D5E06D4FEA3030042849D8DFE80A
:1048F00000F0363F13030300B5B1A8461CE004F1F5
:104900000800022103F0F0FC0546002DD5D1DEE7BA
:104910000125002DD1D1DAE704F12800002103F0B0
:1049200073FD0546002DE8D1D9F82400E16D20F48F
:10493000E0400843C9F824006078800639D5206E2D
:104940004FEA3040052829D8DFE800F025031F256D
:10495000252504F10800012103F0C6FC1AE0D9F86E
:10496000000040F40030C9F80000002DC5D1DBE79D
:1049700004F10800002103F0B7FC0546002DBCD16E
:10498000D2E70125002DB8D1CEE704F1280001219E
:1049900003F03AFD054625B1A8460AE00125002DA1
:1049A000FAD1D9F82400216E20F4E0200843C9F898
:1049B00024006078400625D5D4F8AC004FEA30706A
:1049C000052813D8DFE800F00F03090F0F0F04F1DB
:1049D0000800012103F088FC04E004F12800012113
:1049E00003F012FD054625B1A8460BE00125002D78
:1049F000FAD1D9F82C00D4F8AC1020F0E0400843EC
:104A0000C9F82C006078000620D5E06ED8B1B0F16E
:104A1000005F12D0B0F1805F26D1D9F8000040F4D9
:104A20000030C9F8000085B9D9F82400E16E20F003
:104A300040500843C9F8240008E004F108000121AF
:104A400003F052FC0546002DEED0A846E078C007E2
:104A50001ED0A06C032800F28080DFE800F002097D
:104A600074026DB1A84613E00125002DEDD1DBE7FE
:104A7000D9F8000040F40030C9F80000002DF1D151
:104A8000D9F82000A16C20F003000843C9F82000E9
:104A9000A078400644D5D9F8D40340F48070C9F812
:104AA000D403FEF7F9FC0646D9F8D403C00505D4B3
:104AB000FEF7F2FC801B6528F6D303257DBBD9F8F1
:104AC0004410D4F8B000414011F4407F11D0D9F81F
:104AD0004410D9F8442042F48032C9F84420D9F86F
:104AE000442021F4407122F48032C9F84420C9F8EE
:104AF0004410B0F5807F0FD1FEF7CEFC064641F2A0
:104B0000893700BFD9F84400800705D4FEF7C4FCFC
:104B1000801BB842F6D30325002D00F07A82A84608
:104B20002078C00732D0A06F4FEAF000052822D8C5
:104B3000DFE800F01E03181E1E1E04F1080001210C
:104B400003F0D2FB13E004F10800022103F0CCFBD8
:104B50000546002D7FF486AF92E70125002D7FF4F6
:104B600081AF8DE704F12800012103F04DFC0546DB
:104B700025B1A8460AE00125002DFAD1D9F8280070
:104B8000A16F20F038000843C9F82800207880077A
:104B900021D5606F052813D8DFE800F00F03090F57
:104BA0000F0F04F10800012103F09EFB04E004F163
:104BB0002800012103F028FC054625B1A8460AE09B
:104BC0000125002DFAD1D9F82800616F20F00700E7
:104BD0000843C9F828002078400723D5D4F890006E
:104BE000052813D8DFE800F00F03090F0F0F04F1B9
:104BF0000800012103F078FB04E004F12800012102
:104C000003F002FC054625B1A8460BE00125002D66
:104C1000FAD1D9F82C00D4F8901020F007000843FE
:104C2000C9F82C002078800625D5D4F88C004FEAEE
:104C30003070052813D8DFE800F00F03090F0F0FBD
:104C400004F10800002103F04FFB04E004F1280008
:104C5000022103F0D9FB054625B1A8460BE001254A
:104C6000002DFAD1D9F82800D4F88C1020F0E040BB
:104C70000843C9F828002078400625D5D4F89800C4
:104C80004FEAB020052813D8DFE800F00F03090F22
:104C90000F0F04F10800002103F026FB04E004F1EB
:104CA0002800022103F0B0FB054625B1A8460BE021
:104CB0000125002DFAD1D9F82C00D4F8981020F451
:104CC000E0500843C9F82C002078000625D5D4F818
:104CD0009C004FEA7030052813D8DFE800F00F037E
:104CE000090F0F0F04F10800002103F0FDFA04E0A2
:104CF00004F12800022103F087FB054625B1A846F0
:104D00000BE00125002DFAD1D9F82C00D4F89C1025
:104D100020F460400843C9F82C002078000716D51D
:104D2000D4F88000B0F5805F08D104F1280002219A
:104D300003F06AFB002818BF4FF00108D9F82800DB
:104D4000D4F8801020F440500843C9F82800207897
:104D5000C00616D5D4F89400B0F5807F08D104F1D0
:104D60002800022103F050FB002818BF4FF0010873
:104D7000D9F82C00D4F8941020F440700843C9F8F6
:104D80002C00A078000724D5D4F8A000B0F5003F8F
:104D90001CD0B0F5803F13D0002840F0E58004F12E
:104DA0000800002103F0A0FA05468DB9D9F82C00BF
:104DB000D4F8A01020F440300843C9F82C0008E0D3
:104DC00004F12800022103F01FFB0546002DEDD061
:104DD000A846A078400725D5D4F88400B0F5401F38
:104DE0001DD0B0F5001F14D0B0F5801F40F0C18079
:104DF000D9F8000040F40030C9F800008DB9D9F8A6
:104E00002800D4F8841020F440100843C9F8280082
:104E100008E004F12800012103F0F6FA0546002D10
:104E2000EDD0A846A078C0071FD0206DB0F5803F18
:104E30000BD0002840F09380D9F8000040F40030F7
:104E4000C9F800004DB1A8460FE004F108000221A6
:104E500003F04AFA0546002DF5D1D9F82000216D5E
:104E600020F480300843C9F82000E078800608D597
:104E700004F12800022103F0C7FA002818BF4FF000
:104E80000108D4E900108A0340F18280E26F6FF0DC
:104E9000010303EB3223022B0AD34FEA32233BB147
:104EA000012B6BD1D9F8003043F40033C9F800303E
:104EB000002D66D0CA026ED48A0277D44A0000F16F
:104EC0008080CA0F40F08D80090200F19580C007F4
:104ED00007D004F10800002103F006FA002818BFEB
:104EE00005462079800707D504F10800012103F069
:104EF000FBF9002818BF05462079400707D504F1C3
:104F00000800022103F0F0F9002818BF05462079B7
:104F1000000707D504F12800002103F075FA0028E6
:104F200018BF05462079C00607D504F128000121E5
:104F300003F06AFA002818BF05462079800607D5D5
:104F400004F12800022103F05FFA002818BF0125B0
:104F5000002D18BF0125284601B0BDE8F0830125CA
:104F6000002D7FF470AF78E70125002D7FF430AF7E
:104F70001CE70125002D7FF454AF40E70125002DEB
:104F800098D1D9F8283023F440731A43C9F828205F
:104F90004546CA0290D5D9F82420236F22F000425A
:104FA0001A43C9F824208A027FF588AFD9F8242053
:104FB000A36E22F080721A43C9F824204A007FF5BC
:104FC00080AF59F81C2C22F4004249F81C2CD4F86C
:104FD000B42059F81C3C1A4349F81C2CCA0F3FF462
:104FE00073AFD9F82020636D22F040521A43C9F8FC
:104FF000202009027FF56BAFD9F82810D4F888205B
:1050000021F440011143C9F82810C0077FF461AFB3
:1050100067E74FF6CF73D4F8B00059F81C2CC0F2F4
:10502000FF0300F4407122F47C5203EA1013B1F53F
:10503000407F08BF1A436FF31F3049F81C2CD9F882
:1050400044100843C9F844006AE50000000000006D
:105050002DE9F04381B0002800F0F88042F200080A
:105060000446C5F200288946D8F8000000F00F0079
:1050700081420ED9D8F8000020F00F0040EA090064
:10508000C8F80000D8F8000000F00F00484540F0D4
:10509000DD80206844F218474107C5F602070AD5AB
:1050A00021693A6802F07002914204D93A6822F00C
:1050B00070021143396001070AD561697A6802F00C
:1050C0007002914204D97A6822F07002114379602B
:1050D000C1060AD5A1697A6802F4E062914204D956
:1050E0007A6822F4E0621143796081060AD5E169A9
:1050F000BA6802F07002914204D9BA6822F07002D4
:105100001143B96081070AD5E1683A6802F00F02DD
:10511000914204D93A6822F00F0211433960C00766
:1051200040F08080206881070AD5E1683A6802F083
:105130000F02914204D23A6822F00F021143396003
:10514000D8F8001001F00F0189450DD2D8F80010F1
:1051500021F00F0141EA0901C8F80010D8F8001049
:1051600001F00F01494571D141070AD521693A681B
:1051700002F07002914204D23A6822F070021143A8
:10518000396001070AD561697A6802F070029142BC
:1051900004D27A6822F0700211437960C1060AD500
:1051A000A1697A6802F4E062914204D27A6822F43A
:1051B000E0621143796080060AD5E069B96801F0C0
:1051C0007001884204D2B96821F070010843B860C8
:1051D00000F01AF939684CF2A442C0F60002C1F39B
:1051E0000321515C3B6803F00F0301F01F01D25C07
:1051F00020FA01F102F01F0040F69412C2F20042C0
:1052000021FA00F0106040F6AC2040F69012C2F295
:105210000040C2F200420068116001B0BDE8F043F6
:10522000FEF786B9386820F47061D4E901021143B1
:105230003960012857F8181C0CD0032804D0022824
:1052400028D1890302D507E0890105D4012001B0E6
:10525000BDE8F083C905F9D557F8081C21F007010E
:10526000084347F8080CFEF717F9064641F288355F
:1052700057F8080C616800F03800B0EBC10F3FF43C
:1052800051AFFEF709F9801BA842F1D9032001B004
:10529000BDE8F0834907D9D5DEE700000000000033
:1052A0003F22026044F21842C5F6020252F8083C5E
:1052B00003F007034360136803F4706383601368AB
:1052C00003F00F03C360136803F0700303615368B6
:1052D00003F070034361536803F4E06383619268F1
:1052E00002F07002C26142F20000C5F200200068C4
:1052F00000F00F000860704780B500F085F844F2B8
:1053000018414CF2A443C5F60201C0F600030A6836
:10531000C2F303229A5C096801F00F0102F01F0238
:10532000595C20FA02F201F01F0040F69411C2F21B
:10533000004122FA00F0086040F69011C2F20041EC
:105340000A6080BD0000000080B500F05DF844F206
:10535000184C4CF2A443C5F6020CC0F60003DCF86E
:105360000020C2F303229A5CDCF8001001F00F0168
:1053700002F01F02595CD04040F69412C2F2004283
:1053800001F01F0120FA01F1116040F69012C2F203
:1053900000421060DCF80400C0F30210185C00F05A
:1053A0001F0021FA00F080BD80B500F02DF844F216
:1053B000184C4CF2A443C5F6020CC0F60003DCF80E
:1053C0000020C2F303229A5CDCF8001001F00F0108
:1053D00002F01F02595CD04040F69412C2F2004223
:1053E00001F01F0120FA01F1116040F69012C2F2A3
:1053F00000421060DCF80400C0F30220185C00F0EA
:105400001F0021FA00F080BD44F20041C5F6020100
:105410000869C0F3C200032814D002280DD088BB4D
:105420000868800649F20000C0F2D03058BF7047CB
:105430000968C1F3C101C840704743F20060C0F27F
:105440006E1070478B6A886AD1F82CC04A6BC0F323
:105450000510E0B1C2F3CC0203F0030300EE102A02
:105460009FED291AB8EE400A20EE010A9FED271A97
:10547000DFE803F0021F0F1F0A6892060CD49FEDAD
:10548000251A16E040F60010C0F23D0070470020DB
:1054900070479FED1F1A0CE00A6849F20003C0F242
:1054A000D033C2F3C10223FA02F201EE102AB8EEA1
:1054B000411A0A6B9FED183A6FF35F2202EE102A31
:1054C0005FEACC7203FE000A03EE100A086BB8EE26
:1054D000422AC0F34620B8EE433A013030EE020AC9
:1054E000B7EE002A81EE031A30EE020A21EE000A1E
:1054F00001EE100AB8EE411A80EE010ABCEEC00AB5
:1055000010EE100A704700BF000000390024744AF2
:10551000001BB74B0024744C00000000000000008A
:105520002DE9F04381B0002800F097818046007893
:1055300044F20049C007C5F6020954D0D9F810005A
:1055400000F03801D9F82800102905D018290CD10D
:1055500000F00300022808D1D9F8000080033ED5EE
:10556000D8F80400D8BB01272CE0D8F80450D9F8AB
:1055700000002DB1B5F5A02F0BD0B5F5803F0ED0B2
:1055800020F48030C9F80000D9F8000020F4802011
:1055900007E040F48020C9F80000D9F8000040F48A
:1055A0008030C9F80000FDF777FF002D054612D0C6
:1055B000D9F80000800312D4FDF76EFF401B642869
:1055C000F6D90327002070B98CE100BFFDF764FF16
:1055D000401B6428F5D8D9F800008003F6D40120D8
:1055E000002800F07F8198F8000080076AD5D9F87C
:1055F000100010F03801D9F828001DD0182908BF74
:105600005FEA807018D0D8F80C00D9F80010002894
:1056100040D021F019010843C9F80000FDF73CFF14
:10562000054600BFD9F80000400727D4FDF734FF36
:10563000401B0228F6D91EE0D9F80000400704D527
:10564000D8F80C00002800F0AC81D9F80000D8F898
:105650000C1020F019000843C9F80000FDF71CFFEA
:10566000054600BFD9F80000400707D4FDF714FF36
:10567000401B0228F6D90327002420E0D9F80400B3
:10568000D8F8101020F0FE40012440EA0160C9F86B
:10569000040014E021F00100C9F80000FDF7FCFE51
:1056A00005460126D9F8000010F0040086EA9004AF
:1056B00005D0FDF7F1FE401B0228F3D90327002C8B
:1056C00000F0108198F80000C00656D5D9F81000F7
:1056D00000F03801D9F82800082905D0182917D179
:1056E00000F00300012813D1D9F80000C00503D54C
:1056F000D8F81C0080283BD1D9F80C00D8F820102D
:1057000020F07C50012440EA0160C9F80C0031E02F
:10571000D8F81C000028D9F8000012D040F0800012
:10572000C9F80000FDF7B8FE054600BFD9F8000033
:10573000C005E1D4FDF7B0FE401B0228F6D90327CF
:1057400017E020F08000C9F80000FDF7A5FE05462F
:10575000012600BFD9F8000010F4807086EA1024FA
:1057600008D0FDF799FE401B0228F3D9032701E07A
:1057700001270024002C00F0B58098F800000007F5
:105780006DD498F80000800600F1818098F8000040
:10579000400700F19480D8F82440002C5BD0D9F861
:1057A000100000F03800182840F0D980012CD9F8FA
:1057B0002810D9F8300050D001F00302D8F8283072
:1057C0009A424AD1C1F30511D8F82C20914244D114
:1057D0000146D8F830206FF35F21013A91423CD165
:1057E000C0F34622D8F8341001398A4235D1C0F3CB
:1057F0000642D8F8381001398A422ED1C0F306602B
:10580000D8F83C100139884227D1D9F83400D8F8AB
:105810004810C0F3CC0081421DD0D9F82C0020F0F4
:105820000100C9F82C00FDF737FE0546FDF734FEF0
:10583000A842FBD0D9F834004FF6F871D8F84820C8
:10584000884340EAC200C9F83400D9F82C0040F07F
:105850000100C9F82C00002744E0012742E0D8F8F5
:1058600014000028D9F8740040D040F00100C9F8B5
:105870007400FDF711FE0546D9F8740080073FF566
:1058800080AFFDF709FE401B0228F5D929E0D8F8C2
:1058900018000028D9F800004DD040F48050C9F815
:1058A0000000FDF7F9FD0546D9F8000080043FF53A
:1058B0006DAFFDF7F1FD401B0228F5D911E0D9F8D5
:1058C000000440F48070C9F80004FDF7E5FD0546CA
:1058D000D9F80004C0051CD4FDF7DEFD401B642888
:1058E000F6D90327F8B201B0BDE8F08320F001003B
:1058F000C9F87400FDF7D0FD05460327D9F87400F8
:1059000080077FF53EAFFDF7C7FD401B0228F5D9A4
:10591000E8E7D8F80850D9F870001DB1052D42D03D
:10592000012D46D020F00100C9F87000D9F87000B0
:1059300020F004003FE020F48050C9F80000FDF79B
:10594000ABFD0546032700BFD9F8000080047FF5B2
:105950001DAFFDF7A1FD401B0228F5D9C2E7D9F81C
:10596000000020F08070C9F80000FDF795FD022CC2
:1059700005464FF0030709D1D9F8000080013CD556
:10598000FDF78AFD401B0228F6D9ABE7D9F80000E5
:1059900080017FF560AFFDF77FFD401B0228F5D940
:1059A000A0E7012768E640F00400C9F87000D9F8C4
:1059B000700040F00100C9F87000FDF76DFD002D8A
:1059C000054641F288344FF0030711D0D9F8700032
:1059D00080073FF5E0AEFDF75FFD401BA042F5D923
:1059E00080E700BFFDF758FD401BA0423FF67AAFAD
:1059F000D9F870008007F5D4CDE608F12807D9F86A
:105A0000280040F2F33188438ECF0843591E40EA04
:105A100002104FF47E426FF35F21C9F8280002EBB9
:105A200047204FF4FE0280B2D8F83C300844D8F842
:105A3000381002EB01414FF0FE4201F4FE0102EB8F
:105A40000362084402F0FE410844C9F83000D9F866
:105A50002C004FF6F87120F00100C9F82C00D9F89D
:105A60003400D8F84820884340EAC200C9F834001E
:105A7000D9F82C00D8F8401020F00C000843C9F8E1
:105A80002C00D9F82C00D8F8441020F0020008436C
:105A9000C9F82C00D9F82C0040F48030C9F82C004B
:105AA000D9F82C0040F40030C9F82C00D9F82C00AB
:105AB00040F48020C9F82C00D9F82C0040F00100F7
:105AC000C9F82C00D9F8000040F08070C9F8000037
:105AD000FDF7E2FC04460327D9F8000080013FF5FA
:105AE000BAAEFDF7D9FC001B0228F5D9FAE6000092
:105AF000F0B581B0C8B10446D0F888001E461546FE
:105B00000F4628B9002084F88400204601F0C0FB2D
:105B10002420C4F888002068016821F00101016098
:105B2000204603F0B1F8012802D1012001B0F0BDF8
:105B3000A06A10B1204602F0CFFF2068816841F4CE
:105B400080418160816821F40041394381603104E2
:105B5000026841EA45516FF319421143016001683F
:105B600041F001010160204601B0BDE8F04003F0C2
:105B700023B8000000000000704700000000000093
:105B80002DE9F0410446066830697169B76894F8F8
:105B900081800A050BD510F0080208D0B06940F4E6
:105BA0000060B0612046BDE8F04100F095BA01EA1E
:105BB000000505F06400042807D1616F204688477E
:105BC000216F20468847012000E0002005F04501B4
:105BD000012903D1216F20468847012005F02601C5
:105BE000022903D1616F20468847012008B1BDE832
:105BF000F081280753D415F4587FF8D0680600F1D7
:105C00009F80A80500F1AA80E80500F1B580A806EC
:105C10000AD52068D4F8841041F08001C4F88410BB
:105C2000816941F020018161D4F884000028DED030
:105C3000206807F4404240F26B33B2F5404F0168F0
:105C400021F001010160016921EA0301016140F0D5
:105C5000A280816848F2797521F440418160E06F4B
:105C6000C0F6000548B10565FBF7C6FA28B1D4F8BF
:105C7000840040F04000C4F88400A06F0028B6D033
:105C80000565FBF7B9FA002808BFBDE8F081D4F834
:105C9000840040F04000C4F88400BDE8F081206832
:105CA000816941F008018161816941F010018161E0
:105CB000816941F400618161016921F0080101619C
:105CC000806810F4404F24D0204602F0F1FC0120FF
:105CD00084F88100D4F8840000285FD1B8F1030F64
:105CE00066D0B8F1040F5ED0B8F1050F7FF47FAF36
:105CF0002046BDE8F04100F033BB00BF2068616E74
:105D0000006B41F8040B6166B4F86A000138A4F82E
:105D10006A00B4F86A000028D6D0E0681028EDD2F6
:105D2000082804D3308E616E21F8020BEBE720685F
:105D300090F83000616E0870606E01306066E3E7D5
:105D40002068D4F8841041F00401C4F884108169FB
:105D500041F040018161A8057FF556AF2068D4F875
:105D6000841041F00101C4F88410816941F400718C
:105D70008161E8057FF54BAF2068D4F8841041F0CD
:105D80000801C4F88410816941F480718161A8061A
:105D90003FF53FAF48E7012084F881002046BDE889
:105DA000F041FFF7E9BE2046BDE8F04100F090B9B0
:105DB0002046BDE8F04100F0CFBA0000000000002E
:105DC000002863D02DE9F04743F600040168C4F2CF
:105DD000000443F2000E43F6004CA142C4F2010E4F
:105DE000C4F2000C4FF00002826204D0614518BF7B
:105DF000714540F0B480C26B0125C368A14203F134
:105E0000080305EB52124FEAD30303FB02F218BF5B
:105E1000714540F09280102A00F2A58090F8811020
:105E200031B9002180F88010044600F0A1F8204626
:105E3000022180F881100168D0F818E00A68BEF1EC
:105E4000806F22F001020A608B680FD144682CB188
:105E5000B4F5800F0AD1826B22B13CB9826BB2F1EA
:105E6000805F03D10A6842F480520A60D0F804903F
:105E700003F4F8135FEA492C0AD5C268072A07D34E
:105E80000A68056D22F480722A4304E001207047FD
:105E90000A6822F480720A60B9F1000FC269856A4B
:105EA00042EA0302C36B42EA050242EA0302D0E976
:105EB0000285D0E9046A42EA05028A60426B876B78
:105EC000456A42EA0502056A42EA070242EA060218
:105ED00042EA0A02D0E9124342EA050242EA030218
:105EE000836D42EA080242EA040242EA030242EAFD
:105EF0000E0242EA0902CA6009D18A68012363F3EB
:105F0000CC228A608A68022363F34A228A600A6D7F
:105F1000BCF1000F22F001020A6505D5CA68436D85
:105F200022F000421A43CA600021C0F88410012107
:105F300080F881100020BDE8F087614518BF082A6D
:105F400011D8A14218BF71453FF465AF61457FF498
:105F500065AF102A84BF0120BDE8F0875EE7C26804
:105F60000F2A7FF648AF0120BDE8F087000000004F
:105F70002DE9F04FB5B0044602A8B8210025CDE9BF
:105F80003355CDE931553095FAF7F4F943F6000170
:105F90002068C4F20001884202D035B0BDE8F08F1D
:105FA0004FF48050029002A803951995FEF79CFBD0
:105FB00008B1FAF7A9FD44F2E04040F20045C5F609
:105FC0000200C5F6020530AE40F210088168C4F246
:105FD000020841F48041816081684FF0020901F4B8
:105FE000804101910199016841F00401016001685B
:105FF000002701F0040101910199016841F00201BB
:1060000001600068314600F002000190019806200E
:10601000309005F58060CDF8C4904FF0030A3297B8
:106020004FF0050BCDF8CCA0CDF8D0B0FDF758F966
:106030004FF400503146CDE9300932A880E8800C99
:106040002846FDF74DF942F21C452720C2F20045D3
:106050004FF48066C5E901074FF44030C5F8008071
:10606000C5E908072846EF60C5E90467C5E9067772
:10607000FBF74EFF08B1FAF747FDE56708F1180096
:10608000AC6342F29445C2F2004528602820686063
:106090004020C5E902074FF40030C5E9080728464B
:1060A000C5E90467C5E90677FBF732FF08B1FAF7DF
:1060B0002BFD242005210022A567AC63FDF7B8FA6B
:1060C0002420FDF7A1FA35B0BDE8F08F00000000F4
:1060D0007047000000000000704700000000000052
:1060E0002DE9F04F81B0044690F8800001281DD0C2
:1060F0009B4615460F46D4F80090012084F8800096
:10610000FDF7CAF994F8811001290CD127B1002DAF
:1061100018BFBBF1000F0DD1002084F880000120D2
:1061200001B0BDE8F08F002084F88000022001B0AB
:10613000BDE8F08F8046052084F881000021C4F876
:1061400084104FF6FF736566A4F86AB0A4F868B0CF
:10615000E765A4F862B0D4E90002A4F860B0B2F533
:10616000800F21676167C16821F4C021C160416867
:1061700021EA030159444160016841F001010160D5
:1061800003D1016841F400710160E068DDF828A0E6
:10619000102837D348F208070AF101055E4600BF10
:1061A0005BEA060000F0B0802068BBF1000F416997
:1061B00018BF11F002010BD0E16D51F8042B0262FF
:1061C000E165B4F862100139A4F86210B4F862B065
:1061D0004169394218BF002E0BD0006B616E41F847
:1061E000040B6166B4F86A000138A4F86A00B4F8D8
:1061F0006A60FDF751F9002DD2D0A0EB08005045A0
:10620000CED36EE00AF101075D46072834D900BFFE
:106210005BEA050078D02068BBF1000F416918BF28
:1062200011F002010CD0E16D31F8022BA9F8202009
:10623000E165B4F862100139A4F86210B4F862B0F4
:106240004069C00718BF002D0CD0B9F83000616E4E
:1062500021F8020B6166B4F86A000138A4F86A00FC
:10626000B4F86A50FDF718F9002FD1D0A0EB080060
:106270005045CDD335E000BF5BEA050044D020682F
:10628000BBF1000F416918BF11F002010DD0E16DA3
:10629000097880F82010E06D0130E065B4F8620004
:1062A0000138A4F86200B4F862B020684169C907F7
:1062B00018BF002D0DD090F83000616E0870606E30
:1062C00001306066B4F86A000138A4F86A00B4F8D6
:1062D0006A50FDF7E1F8002FCED0A0EB0800504542
:1062E000CAD3204602F0E4F9002084F88000D4F8F4
:1062F000840040F48070C4F88400012084F8810098
:10630000032001B0BDE8F08F0AF101052068406963
:1063100006070FD4FDF7C0F8002DF7D0A0EB08005A
:106320005045F3D3002E05D4D4F8840040F020006B
:10633000C4F88400204602F0BBF9002084F88000F5
:10634000012084F88100D4F88400002818BF0120BF
:1063500001B0BDE8F08F00007047000000000000B1
:1063600070470000000000007047000000000000BF
:1063700070470000000000007047000000000000AF
:1063800090F83C20012A4FF0020269D0B0B50123F9
:1063900080F83C3080F83D2040F2004C0268C4F2A6
:1063A000010C42F4806363455368D2F808E002BFF1
:1063B00023F470034C6823434DF6FF740D68C4F258
:1063C000000423F07003A24243EA0503536014DC87
:1063D00040F2FF73C4F200039A4222DD40F600034C
:1063E000C4F200039A422ED040F60043C4F20003E8
:1063F0009A4228D041F6000321E04FF6FF73C4F221
:1064000000039A4213DD0023C4F201039A421AD01A
:1064100044F20003C4F201039A4214D0624512D040
:1064200016E0B2F1804F0ED040F2004307E04EF28A
:106430000003C4F200039A4205D04EF20043C4F2B6
:1064400000039A4204D12EF08003896819439160B9
:106450000022012180F83D1080F83C20BDE8B040CA
:10646000104670470000000060B310B5044690F875
:106470003D0028B9002084F83C00204600F024F8B4
:10648000022084F83D002068211D02F071FA0120ED
:1064900084F8480084F83E0084F83F0084F8400007
:1064A00084F8410084F8420084F8430084F84400F2
:1064B00084F8450084F8460084F8470084F83D00DD
:1064C000002010BD01207047704700000000000050
:1064D00090F83D10012922D1022180F83D10016879
:1064E0004DF6FF70C4F200008142C86840F0010020
:1064F000C86016DC40F2FF70C4F20000814228DD63
:1065000040F60000C4F20000814234D040F6004062
:10651000C4F2000081422ED041F6000027E00120A5
:1065200070474FF6FF70C4F20000814217DD002073
:10653000C4F2010081421ED044F20000C4F2010006
:10654000814218D040F20040C4F20100814212D0D2
:106550001DE0B1F1804F0ED040F2004007E04EF256
:106560000000C4F20000814205D04EF20040C4F2A7
:10657000000081420BD107228868C0F2010202406C
:106580000020062A18BFB2F5803F00D17047086886
:1065900040F001000860002070470000000000008B
:1065A000704700000000000010B504460068016953
:1065B000890744BFC1685FEA817147D420680169D7
:1065C000490744BFC1685FEA41714BD42068016943
:1065D000090744BFC1685FEA017150D420680169AE
:1065E000C90644BFC1685FEAC16154D4206801692B
:1065F000C9071CBFC1685FEAC17159D12068016930
:10660000090644BFC1685FEA016158D42068016986
:10661000C90544BFC1685FEA016157D420680169B8
:10662000490644BFC1685FEA416156D420680169E8
:10663000890646BFC1685FEA816110BD6FF0200125
:1066400001612046BDE81040FFF796BE6FF00201E1
:106650000161012121778069800745D02046FFF73D
:106660009FFF47E06FF004010161022121778069FB
:1066700010F4407F41D02046FFF792FF43E06FF0D7
:106680000801016104212177C06980073ED02046BE
:10669000FFF786FF40E06FF01001016108212177CC
:1066A000C06910F4407F3AD02046FFF779FF3CE004
:1066B0006FF001010161204600F0DAFA9EE76FF009
:1066C000800101612046FFF753FE9FE76FF4807160
:1066D00001612046FFF748FEA0E76FF0400101612D
:1066E000204600F0CDFAA1E7204600F021F8204630
:1066F00000F0BAFA0020207760E7204600F018F892
:10670000204600F0B1FA002020775FE7204600F035
:106710000FF8204600F0A8FA002020775EE7204618
:1067200000F006F8204600F09FFA002020775DE791
:10673000704700000000000090F83C30012B01D1B0
:10674000022070474FEAB2030122052B80F83C205B
:1067500000F23C822DE9F041DFE803F003B75391EA
:106760002DF5036843F6FF76C4F201061A6AB342B8
:1067700022F001021A621A461C6AD3F804C024F0FF
:10678000020452F818EF8D6844EA0504D1F800803D
:1067900040F3798144F20007C4F20107BB4200F0E4
:1067A0007D8144F60007C4F20107BB4200F0768108
:1067B00044F200476EE1036843F6FF77C4F2010735
:1067C0001A6ABB4222F480321A621A46D3F820C0F9
:1067D0005C6852F8546F0D68D1F808E040F3D98036
:1067E00044F20007C4F20107BB4200F0DD8044F62A
:1067F0000007C4F20107BB4200F0D68044F2004714
:10680000CEE0036840F2004E43F48067C4F2010E0C
:106810001A6A774522F480721A621A461C6A5D6809
:1068200024F4007452F81CCF8E6844EA062407D181
:10683000CE6840F2FF47360224F44064BE4334433E
:1068400043F6FF76D1F80080C4F20106B34240F36C
:10685000CB8044F20007C4F20107BB4200F0CB80BA
:1068600044F60007C4F20107BB4200F0C48044F2C2
:106870000047C4F20107BB4200F0BD80C2E00368DC
:1068800043F6FF77C4F201071A6ABB4222F4805232
:106890001A621A46D3F820C05C6852F81C6F0D6863
:1068A000D1F808E040F3C58044F20007C4F20107C4
:1068B000BB4200F0C98044F60007C4F20107BB42A6
:1068C00000F0C28044F20047BAE0036840F2004E94
:1068D00043F48067C4F2010E1A6A774522F0100271
:1068E0001A621A461C6A5D6824F0200452F818CF18
:1068F0008E6844EA061407D1CE686FF0400724F092
:10690000C00407EA0616344343F6FF76D1F8008048
:10691000C4F20106B34240F3D88044F20007C4F247
:106920000107BB4200F0D88044F60007C4F201071B
:10693000BB4200F0D18044F20047C4F20107BB42E1
:1069400000F0CA80CFE0036843F6FF77C4F2010786
:106950001A6ABB4222F480121A621A46D3F820C087
:106960005C6852F8546F0D68D1F808E040F3FC8081
:1069700044F20007C4F20107BB4200F0008144F674
:106980000007C4F20107BB4200F0F98044F200475F
:10699000F1E00027C4F20107BB4205D040F20047F6
:1069A000C4F20107BB4204D14F6924F4803444EAA5
:1069B00007244FF68C775C60CFF6FE7703373E40B6
:1069C0002CF4003746EA05045C654E6809699E654B
:1069D00047EA0E471F625F6D47F008075F655F6D0E
:1069E00027F004075F65EBE00027C4F20107BB4214
:1069F00001D0734506D1D1E90576374325F44056D9
:106A000046EA07154FF68C775D60CFF6FE7707EA0A
:106A10000C0747EA0807DF614F680969DF631C62FA
:106A2000DF6947F00807DF61DF6927F00407DF61EE
:106A3000C6E00027C4F20107BB4205D040F2004780
:106A4000C4F20107BB4204D14F6924F4804444EAF4
:106A5000871448F6FF475C60CFF6FF673E402CF492
:106A6000005746EA0524DC614E6809691E6447EA5E
:106A70000E371F62DF6947F40067DF61DF6927F4C3
:106A80008067DF619BE00027C4F20107BB4205D0AD
:106A900040F20047C4F20107BB4205D1CF6824F0A1
:106AA0000C0427F004073C43B34233DD44F20006F4
:106AB000C4F20106B34238D044F60006C4F201061F
:106AC000B34232D044F200462BE00027C4F2010763
:106AD000BB4201D0734506D1D1E90576374325F491
:106AE000406646EA870548F6FF475D60CFF6FF67D8
:106AF00007EA0C0747EA08279F614F6809699F6307
:106B00001C629F6947F400679F619F6927F4806753
:106B10009F6154E00026C4F20106B34205D040F262
:106B20000046C4F20106B34206D12CF44077D1E905
:106B30000565374347EA050C4FF68C75C3F804C06A
:106B4000CFF6FE750EEA050747EA08079F614F6812
:106B500009695F631C629F6947F008079F619F692D
:106B600027F004079F612BE00027C4F20107BB4216
:106B700005D040F20047C4F20107BB4204D14F697F
:106B800024F4802444EA872448F6FF475C60CFF66B
:106B9000FF6707F540773E402CF4001746EA0524CE
:106BA0005C654E680969DE6547EA0E571F625F6DD6
:106BB00047F400675F655F6D27F480675F650902D2
:106BC0001368194311600022BDE8F041002180F8EC
:106BD0003C1010467047000060B310B5044690F8B2
:106BE0003D0028B9002084F83C00204600F024F83D
:106BF000022084F83D002068211D01F0B9FE01202B
:106C000084F8480084F83E0084F83F0084F840008F
:106C100084F8410084F8420084F8430084F844007A
:106C200084F8450084F8460084F8470084F83D0065
:106C3000002010BD0120704740F200410068C4F2FE
:106C40000001884218BF704781B044F2E840C5F6A1
:106C50000200016841F002010160006800F00200DA
:106C60000090009801B070477047000000000000DD
:106C70000068B0F1804F18BF7047FCF715BC0000EA
:106C8000704700000000000090F88410012901D135
:106C9000022070472421C0F8881001680A680B6838
:106CA00022F0005223F001030B60002343660A60C8
:106CB0002021C0F8881080F8843000207047000040
:106CC00010B542F61474C2F20044A04218BF10BDC1
:106CD000D4F88000006802680368120323F00103FF
:106CE000036002680CD4122942F4002202604FF0C3
:106CF0002401416017D140F20000C2F200400CE0D4
:106D0000122922F4002202604FF0240141600AD1CE
:106D100040F20000C2F20040123040F67421C2F28C
:106D2000004101F05DFCD4F880000068016841F08A
:106D30000101016010BD000070470000000000006C
:106D400090F88420012A01D102207047B0B50123B8
:106D500080F884302422C0F888200268D0F864E0EB
:106D6000BEF1000FD2F800C0146824F001041460D2
:106D7000946824F0606441EA040191601BD091683A
:106D80004CF2DC4E9368C0F6000E5B0F4CF2E4450B
:106D9000C1F34261C0F600051EF80340EB5C24011C
:106DA000B4FBF3F3A0F86A301EF80130695C1B01F4
:106DB000B3FBF1F301E0A0F86A30A0F868302021BD
:106DC000C2F800C0C0F88810002180F884100020AC
:106DD000B0BD00000000000090F88420012A01D11D
:106DE00002207047B0B5012380F884302422C0F817
:106DF00088200268D0F864E0BEF1000FD2F800C02D
:106E0000146824F001041460946824F0604441EA9A
:106E1000040191601BD091684CF2DC4E9368C0F67F
:106E2000000E5B0F4CF2E445C1F34261C0F6000571
:106E30001EF80340EB5C2401B4FBF3F3A0F86A30C6
:106E40001EF80130695C1B01B3FBF1F301E0A0F80F
:106E50006A30A0F868302021C2F800C0C0F888105D
:106E6000002180F884100020B0BD00000000000068
:106E700070470000000000007047000000000000A4
:106E8000704700000000000070B5046840F62F0154
:106E9000E269114020292168A66805D101F020038C
:106EA00006F080555B1939D140F60F0313400DD021
:106EB000012340F22015C1F20003C0F2004506EAAA
:106EC000030C01EA050313EB0C032DD1D306C36EAB
:106ED00016D5012B14D111F0100311D0102121620D
:106EE000A168490600F1FB80B0F85C10B0F85E20A4
:106EF000B0F85E30002B18BF914240F0518170BD58
:106F0000D30240F1CA8016F4800300F0C6804FF42B
:106F100080112162BDE87040FFF7AEBF416F0029CC
:106F2000EDD0BDE870400847D30718BF11F4807357
:106F300007D001232362D0F8903043F00103C0F85A
:106F40009030930706F0010E0AD5BEF1000F07D06E
:106F500002232362D0F8903043F00403C0F890304D
:106F600053070AD5BEF1000F07D004232362D0F8DF
:106F7000903043F00203C0F8903013070CD501F0B5
:106F8000200353EA0C0307D008232362D0F8903083
:106F900043F00803C0F8903013050BD511F080635F
:106FA00008D04FF400632362D0F8903043F0200300
:106FB000C0F89030D0F89030002BA0D092060AD5BF
:106FC00001F0200106F08052891804D0416F11B100
:106FD0000446884720460168D0F89020896802F06E
:106FE000280201F04001891806D10446FFF748FF46
:106FF0000020C4F8900070BD016851E8001F0268CD
:1070000021F4907142E80013002BF5D14FF6FE7188
:10701000CEF6FF71026852E8022F03680A4043E887
:107020000226002EF6D1C16E012909D1016851E86E
:10703000001F026821F0100142E80013002BF5D177
:107040002021C0F88C100021C16602684167916858
:10705000490640F1988000BF016851E8021F0268AC
:1070600021F0400142E80213002BF5D1D0F8801046
:10707000002900F0888048F6794204460846C0F6A8
:1070800000020A65FAF7B8F800283FF438AFD4F8E0
:107090008000016DBDE870400847130606D501F079
:1070A000800306F400069B1940F0AB8053066ED5B2
:1070B00011F040036BD000BF016851E8001F026867
:1070C00021F0400142E80013002BF5D12021C0F847
:1070D000881000218167BDE8704000F0E1B9D0F868
:1070E00080100A68526893B2002B3FF408AFB0F8E2
:1070F0005C60B342BFF403AFA0F85E20C969B1F58C
:10710000807F34D0016851E8001F026821F480714B
:1071100042E80013002BF5D1016851E8021F026814
:1071200021F0010142E80213002BF5D1016851E87A
:10713000021F026821F0400142E80213002BF5D142
:107140002021C0F88C100021C16600BF016851E801
:10715000001F026821F0100142E80013002BF5D156
:10716000D0F8801004460846F9F7D6FD20460221E3
:107170000167B0F85C10B0F85E20891A89B2BDE8EA
:107180007040FFF79DBDBDE87040FFF779BE130268
:107190003ED511F080433BD0BDE87040FFF768BE9C
:1071A000891A00BF026852E8002F036822F4907227
:1071B00043E80026002EF5D14FF6FE72CEF6FF72A0
:1071C000036853E8023F0668134046E80235002D85
:1071D000F6D12022C0F88C200022C266426700BF90
:1071E000026852E8002F036822F0100243E80026EC
:1071F000002EF5D189B202220267BDE87040FFF788
:107200005FBD816F00293FF47AAEBDE8704008474A
:10721000D2017FF574AEB1F1FF3FC8BF70BDBDE8CC
:107220007040FFF789BD000010B5A8B10446D0F842
:10723000880028B9002084F88400204600F028F84F
:107240002420C4F888002068016821F00101016051
:10725000204601F019FD08B1012010BDA06A10B14F
:10726000204601F039FC2068416821F490414160DA
:10727000816821F02A018160016841F0010101600B
:107280002046BDE8104001F097BC0000000000005F
:107290002DE9F043B5B0044602A8B8210026CDE997
:1072A0003366CDE931663096F9F764F844F200416F
:1072B0002068C4F20001884200F0808045F200019D
:1072C000C4F20001884276D102A8002703974FF04C
:1072D0000208CDF808801F97FDF706FA08B1F9F704
:1072E00013FC44F2E04040F60045C5F60200C5F646
:1072F000020530AE4FF00809816841F480118160C9
:10730000816801F4801101910199016841F0040143
:107310000160016801F0040101910199016841F0E7
:10732000080101600068314600F0080001900198F2
:107330004FF48050CDE93008A5F58060CDF8D090AD
:10734000CDE93277FBF7CCFF04203146CDE9300898
:107350002846CDF8D090CDE93277FBF7C1FF42F255
:107360000C554020C2F20045C4F2020028604120C2
:10737000C5E901074FF48060EF60C5E904074FF4E9
:107380008070C5E906704FF44030C5E9080728460B
:10739000FAF7BEFD4FF035064FF0800708B1F9F758
:1073A000B3FB052100223046E551AC63FCF740F900
:1073B0003046FCF729F935B0BDE8F08302A8039602
:1073C000022502951F96FDF78FF908B1F9F79CFB8E
:1073D00044F2E04040F24008C5F602000026C4F244
:1073E0000208816841F400318160816801F4003154
:1073F00001910199016841F008010160006830A91C
:1074000000F00800019001987020CDE930050720B8
:10741000349040F600403296C5F602003396FBF7F2
:107420005FFF42F2845508F11800C2F200454FF4A4
:1074300080694FF4003728602B20C5E901064FF41E
:107440008070EE60C5E906602846C5E90496C5E986
:107450000876FAF75DFD08B1F9F756FBC4F88050DD
:1074600008F13000AC6342F2FC55C2F2004505F170
:10747000080128602C206860402081E841022846ED
:10748000EE61C5E90566C5E90876FAF741FD002811
:107490004FF026064FF07C077FF481AF81E70000B4
:1074A0007047000000000000FEE700000000000040
:1074B00000F002F8FCE7000084B0B7EE008A9FED10
:1074C000C69A42F6D874B0EE491AC2F20044DFED13
:1074D000C10AB0EE480A204603F07EFD40F6383778
:1074E000B6EE00AABFEE00EAC2F2004740F6C4269C
:1074F00040F6283B40F6682542F6AC7A42F6A8787A
:107500004DF24E10C2F20046C2F2004BC2F20045EC
:107510000DF104099FEDB1BAC2F2004A9FEDB0CA65
:10752000C2F200489FEDAFDAC3F611409FEDAEFA0C
:107530003864DFEDAF8A381FDFEDAC9A009006E0CB
:1075400030EE080A8AED000A012003F08DFE40F6B5
:10755000CC30C2F20040F9F72FFA304688ED000A2D
:1075600084ED020AF8F788FF40F6B820D6ED001A3D
:10757000C2F2004096ED012AD6ED022A96ED051AD8
:10758000C0ED001A96ED030A80ED012AD6ED040A3B
:10759000C0ED022A07F1180087ED040A80EC041AF6
:1075A0002046C7ED050A8BEC030A03F031FD2046A7
:1075B00003F04EFD204603F02FFD204600F0B8FFFB
:1075C000B0EE4A3AD4ED0D4AD4ED0C0A94ED0F7AA0
:1075D00020EE870AB0EE4A2AA4EEE43AD4ED0E3A41
:1075E00024EEE04AD5ED015AA3EEE32AD5ED007A68
:1075F000A4EEA30A87ED037A67EE601A0020B0EECE
:10760000436AA3EE874A60EEA32A0099A7EE472AB1
:10761000C7ED000AA7EE476AC7ED014A23EEE01A5C
:10762000C7ED023A20EEA45AE4EEA31A60EE256AF2
:10763000E4EE872AA4EE871A66EE25AAA3EE875AFF
:1076400064EE255AE2EE276AA3EEE33AE1EEA7AA3A
:10765000E2EEA75AD5ED027AE1EE276AE5EE27AA17
:10766000E3EE275A36EEA67A8DED017A3AEEAA7A43
:107670008DED027A35EEA57A8DED037A98ED007ADC
:1076800009EB0002D1ED083AD1ED0B4A0430D2EDFE
:10769000000A0C2873EEE00AD7ED103A77EE235A71
:1076A00063EEA43A60EE870AC3EEA53AC0EEA50ADF
:1076B00070EEA30AC1ED0B0A01F10401E0D197EDD0
:1076C0000B7A61EE870AD7ED0A1A26EE076A25EED5
:1076D000075AE2EE210A97ED0C2AA0EE216AA1EEEC
:1076E000215AE2EE820AA4EE026AA3EE025A30EEBA
:1076F000A07A36EE061A87ED0D7A35EE050A87ED8B
:107700000E1AB0EEC72A87ED0F0AB4EE4B2AF1EE3F
:1077100010FA01DA00207863B0EEC11AB4EE4B1A09
:10772000F1EE10FA01DA0020B863B0EEC00AB4EE50
:107730004C0AF1EE10FA08DA43F2F8010020C2F226
:107740000041F8630868013008609AED000AB4EE61
:107750004D0AF1EE10FA7FF7F3AE97ED0E0A97EDB2
:10776000232A97ED221AA0EE091A97ED203A94EDFC
:107770001B0A87ED1E0AD4E9190187ED221AC7E911
:107780001C01A1EE092A012030EE431A87F890006F
:1077900087ED232AB0EE4E2AB4EE4F1AF1EE10FA1E
:1077A00006DCB0EE482AB4EE691AF1EE10FA05DAFA
:1077B00097ED211A31EE021A87ED211AB0EE402A18
:1077C00097ED211A87ED200AA1EE282A87ED1F2ABE
:1077D000BAE600BF000000006F12833A0AD7A33C4C
:1077E0000AD7233D00803B45DA0F4940DA0F49C0F4
:1077F000560EC9400000000080B582B044F2D84067
:107800000022C5F60200016841F001010160006834
:10781000062100F00100019001980B20FBF708FF02
:107820000B20FBF7F1FE0C2006210022FBF700FFE6
:107830000C20FBF7E9FE0D2005210022FBF7F8FEE6
:107840000D20FBF7E1FE0E2005210022FBF7F0FEE4
:107850000E20FBF7D9FE0F2005210022FBF7E8FEE2
:107860000F2002B0BDE88040FBF7CEBE0000000054
:1078700080B542F274604AF20001C2F200401D225B
:1078800000F11C0EC4F2000101600021C0E90211E8
:10789000C0F80F104FF0030CC0F814C00A23836126
:1078A0008EE80C10C0E90A3203630522C0E90D22FC
:1078B000C263042202640823C0E91131C0E9133114
:1078C000C0E91521C0E91713C0E91913FBF794F9B2
:1078D000002808BF80BDBDE88040F9F715B9000059
:1078E00080B542F214704AF20041C2F200401D22FB
:1078F00000F11C0EC4F2000101600021C0E9021178
:10790000C0F80F104FF0030CC0F814C00A238361B5
:107910008EE80C10C0E90A32036340F2563242632B
:107920000522C0E90E2201640422C0E911220823C5
:10793000C0E91331C0E91521C0E91712C0E91913D4
:10794000FBF75AF9002808BF80BDBDE88040F9F771
:10795000DBB800000000000080B542F2B4704DF2C8
:107960000041C2F200401D2200F11C0EC4F20001D1
:1079700001600021C0E90211C0F80F104FF0030CA4
:10798000C0F814C00A2383618EE80C10C0E90A32E3
:107990000522026340F2AD63C263C0E90D320422E6
:1079A00002640823C0E91131C0E91321C0E915219F
:1079B000C0E91712C0E91913FBF71EF9002808BF28
:1079C00080BDBDE88040F9F79FB8000000000000CE
:1079D00080B59AB032A032491591416816918168FC
:1079E0001791C16818910069199015A8002103F03A
:1079F0004BFC42F27C01C2F2004108602DA02D49EF
:107A000010914168119181681291C16813910069C8
:107A1000149010A8002103F037FC40F6D031C2F2D8
:107A20000041086028A028490B9141680C918168A9
:107A30000D91C1680E9100690F900BA8002103F011
:107A400023FC40F61031C2F20041086023A0234914
:107A500006914168079181680891C16809910069A0
:107A60000A9006A8002103F00FFC40F6D831C2F2BC
:107A7000004108601EA01E49019141680291816881
:107A80000391C16804910069059001A8002103F0E9
:107A9000FBFB40F6D431C2F2004108601AB080BD51
:107AA0001EC50008B98700080000000000000000A3
:107AB0008000000005C50008B17400080300000044
:107AC0000000000000020000F8C40008F9060008E9
:107AD000010000000000000000040000ECC40008E9
:107AE00029850008010000000000000000010000DE
:107AF0000EC50008518200080100000000000000CF
:107B000000020000000000002DE9F04F87B044F2B1
:107B1000E0404FF00008C5F60200CDF81880CDE92E
:107B20000488CDE90288016840F6000941F00401AB
:107B300001600168C5F6020901F004010191019993
:107B4000016841F0800101600168002201F08001BC
:107B500001910199016841F00101016001684FF450
:107B6000C04701F0010101910199016841F0020152
:107B70000160016801F0020101910199016841F081
:107B800010010160016801F0100101910199016883
:107B900041F00801016000684FF4C04100F00800A6
:107BA000019001984846FBF76FFC092101224846E5
:107BB0004FF0090A0125FBF767FCA9F500660421CF
:107BC00001223046FBF760FC09F500644FF40851D0
:107BD000012220464FF4085BFBF756FCCDE9027505
:107BE00002AF48463946CDE90488FBF779FB4846A1
:107BF0003946CDE902A5CDF810804FF0030ACDF843
:107C000014A0FBF76DFB30463946CDE902580495C8
:107C1000FBF766FB04203946CDE902053046CDE985
:107C2000045AFBF75DFB20463946CDE902B5CDE9A4
:107C3000045AFBF755FB4FF4A05002904FF4881004
:107C40003946CDE903082046FBF74AFB07B0BDE8FB
:107C5000F08F00000000000010B542F6605443F6BB
:107C60000000C2F20044C4F20000072120604FF47B
:107C7000800060600020A060E1604FF00071216131
:107C80004FF0807161614FF08061A1614FF08041E0
:107C9000C4E90710C4E90900E06204F13800616337
:107CA0002421F8F767FB2046FEF78AF8002808BF72
:107CB00010BDBDE81040F8F727BF0000000000002D
:107CC00070B590B042F6346040F20045C2F2004018
:107CD0000024CDE90844CDE90644CDE90444CDE9CA
:107CE0000244C4F200050560CDE900441721C0E953
:107CF000011442F20F71C0E9031480218161FEF783
:107D00006BFF08B1F8F700FF42F6346007A9C2F232
:107D1000004007940994FEF733FB08B1F8F7F4FE2E
:107D200042F634646020C2F20044009069460C229E
:107D300020460026CDE901660496FEF7FDFC08B159
:107D4000F8F7E2FE20680F96A8420C96CDE90D6682
:107D50000B9601D010B070BD44F2E040C5F60200B1
:107D6000016841F0020101600068002100F002009A
:107D70000A900A980220CDE90B000F9040F20040D3
:107D8000CDE90D11C5F602000BA9FBF7A9FA10B059
:107D900070BD00000000000080B542F6147045F28E
:107DA0000001C2F2004048F2A062C4F20001C0F239
:107DB0000102C0E900124FF4805181604FF400517C
:107DC000C1604FF480610161042141610021816241
:107DD000C0E90611C0E90811FFF726FA08B1F8F763
:107DE00093FE42F614700021C2F20040FEF7F4FF49
:107DF00008B1F8F789FE42F614700021C2F2004083
:107E0000FEF79EFF08B1F8F77FFE42F61470C2F24B
:107E10000040FEF739FF002808BF80BDBDE8804064
:107E2000F8F772BE0000000080B542F6806044F2B0
:107E30000041C2F2004040F60012C4F20001C0F25C
:107E40003D02C0E9001200210C22C0E905210022F8
:107E50000023C0E902110161C0E90711C0E909115D
:107E6000FDF746FE08B1F8F74FFE42F680600021AC
:107E7000C2F20040FEF7B0FF08B1F8F745FE42F647
:107E800080600021C2F20040FEF75AFF08B1F8F707
:107E90003BFE42F68060C2F20040FEF7F5FE00288D
:107EA00008BF80BDBDE88040F8F72EBE000000008E
:107EB00080B542F2401040F67011C2F20040C2F2AA
:107EC0000041012201F060FD08B1F8F71DFE42F209
:107ED000401040F69811C2F20040C2F2004101F099
:107EE000D3FF08B1F8F710FE42F2401040F63421FB
:107EF000C2F20040C2F2004101F052FB08B1F8F7B3
:107F000003FE42F24010C2F2004001F0E9FF08B166
:107F1000F8F7FAFDBDE88040FCF7A6BA00000000C3
:107F200042F6B07642F6C477C2F20046B8EE00BA26
:107F3000B0EE00CAB0EE04EA40F6280A4FF0404125
:107F400071604FF2C351C2F2004740F6742542F20D
:107F50001474C2F2004A00203060CCF24801306153
:107F6000C6E9020100200021C2F20045C2F200442D
:107F70009FEDB09A0AF140089FEDAFAA0AF180097F
:107F80009FEDAEDAC4F2A0009FEDAD8AC4F24001CD
:107F90009FEDACFA3961DFEDAC8AC7E90000C7E9B3
:107FA000020151E086ED041AB0EE481AF0EE481ACC
:107FB000B0EE482A96ED000AD7ED000A01222046CD
:107FC0005146F8F751FCB0EE481AF0EE481AB0EE00
:107FD000482A96ED010AD7ED010A012220464146C2
:107FE000F8F742FCB0EE481AF0EE481AB0EE482A14
:107FF00096ED020AD7ED020A012220464946F8F71B
:1080000033FCB0EE481AF0EE481AB0EE482A96ED6E
:10801000030AD7ED030A0AF1C00101222046F8F74E
:1080200023FCB0EE481AF0EE481AB0EE482A96ED5E
:10803000040AD7ED040A0AF5807101222046F8F7F8
:1080400013FC012003F010F9A87A012822D10121A4
:108050004FF4807201232046F8F73EFD02214FF4D1
:10806000807201232046F8F737FD03214FF4807218
:1080700001232046F8F730FD04214FF480720123DC
:108080002046F8F729FD05214FF480720123204690
:10809000F8F722FDA87A022822D101214FF480723C
:1080A00001232046F8F700FD02214FF480720123DE
:1080B0002046F8F7F9FC03214FF480720123204693
:1080C000F8F7F2FC04214FF4807201232046F8F700
:1080D000EBFC05214FF4807201232046F8F7E4FC05
:1080E000A87A0328ADD1B5F9000096ED004AB5F99C
:1080F000021096ED012A00EE100AB5F9040001EE17
:10810000101AB5F90610B8EEC00AB8EEC11A80EE22
:10811000090A81EE091AA0EE0A4A00EE100AB5F922
:108120000800A1EE0A2A01EE101A03EE100AB8EEBA
:10813000C00A86ED004AB8EEC11A86ED012AB8EEF3
:10814000C35A96ED023A80EE090A81EE096A96ED6D
:10815000031A85EE095AA0EE0A3A96ED040AA6EE35
:108160000A1AA5EE0A0AB0EE4B5AB4EE4B4A86ED57
:10817000023AF1EE10FA86ED031A86ED040A09DDE3
:10818000B0EE4C5AB4EE4C4AF1EE10FAA8BF86EDB0
:10819000005A01E086ED005AB0EE4B4AB4EE4B2A8D
:1081A000F1EE10FA0ADDB0EE4D4AB4EE4D2AF1EED2
:1081B00010FAA8BF86ED014A02E000BF86ED014A31
:1081C000B0EE482AB5EE403AF1EE10FA0ADDB0EE14
:1081D0004E2AB4EE4E3AF1EE10FAA8BF86ED022A0E
:1081E00002E000BF86ED022AB0EE4F2AB4EE4F1A2D
:1081F000F1EE10FA0ADDB0EE682AB4EE681AF1EE7C
:1082000010FAA8BF86ED032A02E000BF86ED032A1C
:10821000B0EE481AB5EE400AF1EE10FA7FF7C2AEA2
:10822000B0EE681AB4EE680AF1EE10FAA8BF86ED57
:10823000041AB9E6000025446F1203BCCDCCCCBDB6
:1082400000000000C3F548C0C3F54840000000002E
:10825000FFF766FE012003F007F8F9E700000000D1
:10826000FEE7000000000000FEE700000000000044
:1082700042F65400C2F20040FBF786BB000000004B
:10828000EFF30980BFF36F8F154B1A681EF0100FC4
:1082900008BF20ED108A20E9F04F10602DE9090099
:1082A0004FF0500080F31188BFF34F8FBFF36F8FF3
:1082B00003F03EFB4FF0000080F31188BDE8090099
:1082C00019680868B0E8F04F1EF0100F08BFB0EC56
:1082D000108A80F30988BFF36F8F704700BF00BF1B
:1082E0005C30002400000000F0B581B044F22C475F
:1082F000C5F6020757F8042C02F00302032A02D144
:10830000012001B0F0BD054657F82C0C0C4620F0BA
:10831000806047F82C0CFBF7BFF8064657F82C0C8A
:10832000000105D5FBF7B8F8801B0228F6D964E0F8
:1083300057F8040CEE6895E80E0020F47C30012C10
:1083400040EA0130A2F101016FF35F214FF47E4258
:1083500002EB432247F8040C92B24FF0FE4302EBCB
:1083600001004FF4FE012A6901EB064101F4FE0110
:1083700003EB0262084402F0FE410844F8603868EA
:10838000696920F0C00040EA010038603868A969D6
:1083900020F0200040EA0100386038684FF6F8719C
:1083A00020F0100038603869EA6920EA01004FF4D3
:1083B000001140EAC2003861386808BF4FF48011EC
:1083C00040F01000002C386008BF4FF400213868DE
:1083D0000843386057F82C0C40F0806047F82C0CAC
:1083E000FBF75AF8044600BF57F82C0C000107D4DD
:1083F000FBF752F8001B0328F6D3032001B0F0BDB1
:10840000002001B0F0BD0000F0B581B044F22C476F
:10841000C5F6020757F8042C02F00302032A02D122
:10842000012001B0F0BD054657F82C0C0C4620F099
:10843000805047F82C0CFBF72FF8064657F82C0C09
:10844000800005D5FBF728F8801B0228F6D964E0E8
:1084500057F8040CEE6895E80E0020F07C70012CB3
:1084600040EA0150A2F101016FF35F214FF47E4217
:1084700002EB432247F8040C92B24FF0FE4302EBAA
:1084800001004FF4FE012A6901EB064101F4FE01EF
:1084900003EB0262084402F0FE4108447861386848
:1084A000696920F4406040EA010038603868A969D1
:1084B00020F4007040EA0100386038684FF6F87127
:1084C00020F480703860B869EA6920EA01004FF052
:1084D000807140EAC200B861386808BF4FF40001FB
:1084E00040F48070002C386008BF4FF48001386879
:1084F0000843386057F82C0C40F0805047F82C0C9B
:10850000FAF7CAFF044600BF57F82C0C800007D4C6
:10851000FAF7C2FF001B0328F6D3032001B0F0BD19
:10852000002001B0F0BD0000012002F09DFEFBE73D
:1085300090ED0D0AF8EE002A20EE002AF7EE003A40
:1085400090ED0E1A90ED0F3A90ED0C5A21EE014A83
:1085500023EE036A20EE057A61EE050A23EE055A42
:1085600060EE011A20EE030A21EE031AB0EE633A20
:10857000E2EE223A71EEC54AA4EE223A31EE855A75
:1085800030EE202AF0EE631A30EE600AA6EE223AB0
:10859000E4EE223AE6EE221A31EE476A80ED103A16
:1085A00031EE071AC0ED183A32EE022AC0ED141A65
:1085B00030EE000A80ED122A74EEA44A80ED160A0D
:1085C00035EE053AC0ED114A36EE062A80ED133A33
:1085D00031EE010A80ED152A80ED170A7047000080
:1085E000002818BF002900D1704770B590F810C05E
:1085F000427C62F30A2CA1F800C090F800E04278B7
:1086000062F30A2EA1F802E042788378D20863F37D
:108610004A128A808378C4780579A40044EA9313C7
:1086200065F38A23CB8004794579640865F3CA141D
:108630000C814579AD098D724579C5F30115CD726F
:108640008579C67945EA06258D81057A467A45EA17
:108650000625CD81857AC67A45EA06250D82057BF9
:108660008D74457BCD74857BC07B45EA0020888274
:10867000ACF580600880AEF580604880A2F580602F
:108680008880A3F58060C880A4F580600881FA2006
:10869000087700208875BDE8704070470000000032
:1086A00042F66050C2F20040FDF76ABA00000000D6
:1086B000016840F26F32D1F814C08B6943F00803AF
:1086C0008B618B6943F010038B610B6823F001030E
:1086D0000B600B6923EA02020A618A6822F44042B5
:1086E0008A6090F88120042A18BF1CF0200209D06B
:1086F000D0F8842042F08002C0F884208A6942F0D9
:1087000020028A6190F88120032A18BF1CF04002E1
:1087100015D15FEA8C521FD45FEACC5209D5D0F84C
:10872000842042F00802C0F884208A6942F48072F2
:108730008A610021A0F86210A0F86A107047D0F892
:10874000842042F00402C0F884208A6942F040028A
:108750008A615FEA8C52DFD5D0F8842042F00102B2
:10876000C0F884208A6942F400728A615FEACC52C0
:10877000D5D4DEE700000000806B0021A0F86A106D
:10878000A0F86210012180F88110FDF7F5B9000012
:10879000074B19680868B0E8F04F80F30988BFF309
:1087A0006F8F4FF0000080F31188704700BF00BF4B
:1087B0005C30002400000000FFF77AFB012002F08B
:1087C00053FDFBE70000000080B54FF0500080F340
:1087D0001188BFF36F8FBFF34F8F03F071FA30B181
:1087E0004EF604504FF08051CEF2000001600020A0
:1087F00080F3118880BD0000B0B59CB044F6180429
:1088000009A84C21C5F60204F7F7B4FD02200025A3
:10881000CDE90755CDE90555CDE90355CDE901551C
:10882000FBF7FEFD0095206820F4404020602068A2
:1088300000F440400090009820688004FCD521207E
:1088400009904FF480300A9001200F90022114917A
:10885000CDE9121128210024CDE915100420CDE91D
:1088600017000C20199009A8CDE91A44FCF758FE0E
:1088700018B1EFF3108072B6FEE73F20019003209D
:108880004FF48061CDE90204082004904020CDE936
:108890000500CDE9071001A80321FCF7D9FB20B1A1
:1088A000EFF3108072B600BFFEE71CB0B0BD000051
:1088B0004EF6885042F2000CCEF20000C5F2002CB9
:1088C000026842F470020260DCF8000000F00F0061
:1088D000062806D8DCF80000072262F30300CCF873
:1088E000000044F200404EF67F51C5F60200CEF67D
:1088F000F621026842F00102026000220261036870
:1089000019400160DCF80010090706D5DCF80010FA
:10891000072363F30301CCF8001040F200218261C9
:10892000C261C0F20221026281620021C0F2FF1125
:10893000C16240F28021C0F2011101634263816390
:10894000C26301644264016821F48021016002660F
:1089500044F20000C5F2002043F2D20101607047EA
:1089600042F6E850C2F20040FDF71EBE00000000D3
:1089700040F6FF32C4F20002904202680FDCB0F110
:10898000804F1DD040F20043C4F20003984217D03C
:1089900040F60003C4F20003984211D014E040F600
:1089A0000043C4F2000398420AD040F20043C4F2EC
:1089B0000103984204D00023C4F20103984203D17A
:1089C00022F070024B681A434EF2FF3343F6FF7CED
:1089D000C4F20003C4F2010C98420FDD604522DCB2
:1089E0004EF20043C4F20003984238D00023C4F290
:1089F0000103984233D040F2004322E040F2FF737B
:108A0000C4F20003984221DD40F60003C4F20003E3
:108A1000984224D040F60043C4F2000398421ED08E
:108A20004EF2000317E044F20003C4F2010398423F
:108A300015D044F60003C4F2010398420FD044F26B
:108A40000043C4F20103984209D00CE0B0F1804F1A
:108A500005D040F20043C4F20003984203D122F44F
:108A60004072CB681A4310B522F08002D1F800E0C2
:108A70004C698B6822430260C3626045C0F828E0FD
:108A8000BDE810400EDD44F20002C4F20102904243
:108A900013D044F60002C4F2010290420DD044F219
:108AA000004206E00022C4F20102904205D040F2EA
:108AB0000042C4F20102904201D10969016301211F
:108AC000416170470000000042F61470C2F200409D
:108AD000FEF7DAB900000000816ACA070CD18A07E4
:108AE00015D44A071ED40A0727D4CA0630D48A06EA
:108AF00039D44A0642D454E00268D0F82CC05368F6
:108B000023F4003343EA0C0353608A07E9D5026873
:108B1000D0F830C0536823F4803343EA0C03536029
:108B20004A07E0D50268D0F834C0536823F48023A4
:108B300043EA0C0353600A07D7D50268D0F838C05F
:108B4000536823F4004343EA0C035360CA06CED5AE
:108B50000268D0F83CC0936823F4805343EA0C03C6
:108B600093608A06C5D50268D0F840C0936823F4A4
:108B7000005343EA0C0393604A0612D50268D0F80A
:108B800044C0BCF5801F536823F4801343EA0C03F0
:108B9000536006D1536823F4C00C836C43EA0C0382
:108BA0005360090658BF70470168C06C4A6822F4D8
:108BB0000022104348607047B0B582B004460020E0
:108BC000C4F89000FAF768FC2168054609680907AF
:108BD00018D54FF4001100226FF07E40009020461F
:108BE0002B4600F085FA68B1206850E8000F216834
:108BF00020F0800041E80002002AF5D10320202166
:108C0000882230E020680068400723D54FF48001B7
:108C100000226FF07E40009020462B4600F068FA5C
:108C2000C0B100BF206850E8000F216820F49070A8
:108C300041E80002002AF5D1206850E8020F2168BF
:108C400020F0010041E80202002AF5D10320202192
:108C50008C2208E02020C4F88800C4F88C00002191
:108C600070220020E166A150002184F8841002B037
:108C7000B0BD000000000000806B0021A0F85E1075
:108C8000A0F85610FEF7FCB8F0B583B004460368B0
:108C9000806846F6F315D4E9031210436269104365
:108CA000E2691E68CCF6FF75104306EA0502104320
:108CB000186058684FF2FF4620F4405240F60040DA
:108CC00011435960C5F60000A1698342C1F2FF1645
:108CD0001CBF226A11439A6847F6FF353240C4F23E
:108CE000000511439960DA6A44F2544122F00F0200
:108CF000666AC5F602013243AB42DA624FF0800287
:108D000018DD41F2FF76C4F20106B34227DC47F6D4
:108D10000046C4F20006B3424DD041F20006C4F250
:108D20000106B34231D041F20046C4F20106B3421B
:108D30002BD04DE044F6FF36C4F20006B3422EDDE0
:108D400044F60046C4F20006B34234D045F20006B1
:108D5000C4F20006B3422ED047F6000627E041F6E3
:108D60000006C4F20106B3420FD041F60046C4F239
:108D70000106B34209D083422AD14A6802F00702B1
:108D8000062A24D20FF260331EE00A68C2F3C20240
:108D9000062A1CD24CF29E43C0F6000314E044F2B3
:108DA0000046C4F20006B34205D044F60006C4F201
:108DB0000006B3420CD10A6802F00702062A06D266
:108DC0004CF29843C0F600031A44127800E0802267
:108DD0002368834240F60010C0F23D0000F04F804F
:108DE000E369B3F5004F40F06480402A00F2FC8054
:108DF0000027DFE812F041002101F900F900270106
:108E0000F900F900F9002F01F900F900F900F90063
:108E1000F900F900F900FF00F900F900F900F90084
:108E2000F900F900F900F900F900F900F900F9007A
:108E3000F900F900F9003401F900F900F900F9002E
:108E4000F900F900F900F900F900F900F900F9005A
:108E5000F900F900F900F900F900F900F900F9004A
:108E6000F900F900F900F900F900F900F900F9003A
:108E7000F900F900F9001B01FCF766FAEFE0931E18
:108E80001E2B00F260800027DFE803F0106374639C
:108E9000636378636363636363636663636363638A
:108EA000636363636363636363637D00FBF7E8FA93
:108EB00069E0402A00F29B800027DFE812F04100C1
:108EC000C00098009800C700980098009800ED0036
:108ED0009800980098009800980098009800A900C1
:108EE00098009800980098009800980098009800C2
:108EF0009800980098009800980098009800F20058
:108F000098009800980098009800980098009800A1
:108F10009800980098009800980098009800980091
:108F20009800980098009800980098009800980081
:108F30009800980098009800980098009800BA004F
:108F4000FCF702FAADE0402A03D14FF400400027BD
:108F500019E00020012716E051F8540C800649F270
:108F60000000C0F2D0300ED551F8541CC1F3C1013D
:108F7000C84008E06846FBF797FA02E06846FBF74E
:108F800023FB00270198002800F0A280616A4CF2C0
:108F9000B442C0F60002656832F8112005EB4501C5
:108FA000B0FBF2F38B424FF00101C0F094802E032E
:108FB000B34200F2908000210023F7F7A3F90902E1
:108FC000002341EA10612A46000210EB550041F1EE
:108FD0000001F7F797F94FF60052A0F54071C0F283
:108FE0000F02914272D375E00020012737E0002084
:108FF000012756E051F8540C800649F20000C0F2F7
:10900000D0302CD551F8541CC1F3C101C84026E022
:1090100051F8540C800649F20000C0F2D03040D51F
:1090200051F8541CC1F3C101C8403AE04FF400406C
:1090300015E04FF4004034E0FCF7B6F90FE0FCF720
:10904000B3F92EE06846FBF72FFA06E06846FBF717
:109050002BFA24E06846FBF7B7FA00270198B8B36B
:10906000616A4CF2B442C0F6000232F81110626834
:10907000B0FBF1F0510801EB4000B0FBF2F0A0F1C1
:1090800010014FF6EF72914224D84FF6F071014073
:10909000C0F34200084419E06846FBF795FA002740
:1090A0000198A8B1616A4CF2B442C0F6000232F8ED
:1090B00011106268B0FBF1F000EB5200B0FBF2F06F
:1090C000A0F110014FF6EF72914203D82168C860F9
:1090D000394600E001214FF00110A0660020C4E9EC
:1090E0001D00084603B0F0BD020408102040000037
:1090F0002DE9F04381B004460068C0690840401A79
:10910000B0FA80F04009824253D1DDF820800D464C
:109110001646994608F1010709E000BF2068C069BA
:109120002840401BB0FA80F04009864241D1002F10
:10913000F4D0FAF7B1F9B8F1000F01464FF003008F
:1091400038D0A1EB0901414534D8206801684907AE
:10915000E4D5C169090730D4C1690905DED54FF4EA
:1091600000610162206850E8000F216820F49070CF
:1091700041E80002002AF5D14FF6FE70CEF6FF70EE
:10918000216851E8021F2268014042E80213002BC7
:10919000F6D1E06E012809D1206850E8000F21685F
:1091A00020F0100041E80002002AF5D10320202120
:1091B0002CE0002001B0BDE8F0830821016200BF6F
:1091C000206850E8000F216820F4907041E8000208
:1091D000002AF5D14FF6FE70CEF6FF70216851E8F7
:1091E000021F2268014042E80213002BF6D1E06E14
:1091F000012809D1206850E8000F216820F01000F4
:1092000041E80002002AF5D1012008212022C4F8FB
:109210008C200022E2666267C4F8901084F88420F3
:1092200001B0BDE8F083000042F68060C2F2004069
:10923000FDF72ABE00000000D0F8D42200EB820C1B
:10924000DCF8C0223AB3B0B501F00F0404EB84039C
:1092500000EB830E5EF8183F5BB1D0F8C85204EB08
:10926000C40405EB8404646CB3FBF4F505FB143310
:109270009BB10020C2F81402DCF8C4321B69002B39
:1092800008BFB0BD02F5047CD2F808020A46614668
:1092900098470020B0BD0320704700220023CEF87D
:1092A000002000F0D1FD0020B0BD00000000000053
:1092B000B0B5D0F8D42200EB8202D2F8C05295B1FA
:1092C000044600F045FCD4F8D412C5F80C02D5F8D9
:1092D000040204EB8101D1F8C42205F50371D268C0
:1092E00090470020B0BD0320B0BD0000000000008A
:1092F00070B58121044600F06FFB01212046002556
:10930000258700F069FB82212046A4F8785100F0FF
:1093100063FBD4F8D40204F53076E56456F82010E7
:1093200089B104EB8000D0F8C40240688047D4F8CB
:10933000D40256F8200001F06BF8D4F8D40246F8B5
:109340002050C4F8BC52002070BD00000000000096
:1093500010B5D0F8D41200EB8100D0F8C04284B12F
:10936000D0F8C41259B194F80002FF2807D094F83D
:1093700001228B6821469847FF2084F800020020D4
:1093800010BD032010BD000040F614210A22C2F2D5
:109390000041028008467047F0B581B040F6D01712
:1093A0000446C2F200478221384600F0F5F905462E
:1093B0000121384600F0F0F906468121384600F0D8
:1093C000EBF9002D1CBF1021A971002E1CBF4021FC
:1093D000B18000281CBF4021818040F6D01043217D
:1093E000C2F20040218001B0F0BD0000000000008A
:1093F000F0B581B040F6D0170446C2F20047822192
:10940000384600F0C9F905460121384600F0C4F994
:1094100006468121384600F0BFF9002D1CBF1021FF
:10942000A971002E1CBF4FF40071B18000281CBF31
:109430004FF40071818040F6D0104321C2F2004009
:10944000218001B0F0BD0000F0B581B040F6D0172A
:109450000446C2F200478221384600F09DF90546D5
:109460000121384600F098F906468121384600F07F
:1094700093F9002D1CBF1021A971002E1CBF4021A3
:10948000B18000281CBF4021818040F6D0104321CC
:10949000C2F20040218001B0F0BD000000000000D9
:1094A0002DE9F04104464FF4077000F0B5FF0028A5
:1094B00049D04FF407710546F6F75CFFD4F8D402A3
:1094C000217C4027022204EB800000294FF081011B
:1094D0004FF00206C0F8C0522046C4F8BC5208BF84
:1094E0004FF400773B4600F0BBFB012102222046EF
:1094F0003B464FF00108A4F8388000F0B1FB102083
:10950000A4F84E008221032208232046A4F8788183
:1095100000F0A6FBD4F8D4020027C5F8047204EBCF
:109520008000A4F84C80D0F8C40200688047C5F8D9
:109530001472C5F81872D5F80422A2B1207C01215A
:1095400058B140230BE0D4F8D402002104EB800092
:10955000C0F8C0120220BDE8F0814FF4007320462D
:1095600000F092FB00263046BDE8F08100000000CC
:10957000D0F8D41200EB8101D1F8C01271B180B5DE
:10958000027C4023002AD1F804224FF0010108BFD9
:109590004FF4007300F078FB002080BD032070477B
:1095A00039B1D0F8D42200EB8200C0F8C4120020F8
:1095B0007047032070470000D0F8D42200EB8200EF
:1095C000D0F8C00218B1C0F8041200207047032080
:1095D0007047000000000000D0F8D43200EB830098
:1095E000D0F8C00228B1C0F80812C0F8102200203C
:1095F0007047032070470000F0B581B0D0F8D42246
:1096000000EB820300228DF80320D3F8C042ADF8AE
:109610000020002C54D00D7815F0600214D0202AC0
:109620004CD1CA881AB36DB2B5F1FF3F27DD497836
:10963000402A84F80012214628BF402284F80122E3
:1096400000F072F800243CE04A780B2A36D8002457
:10965000DFE802F00637343434343434343425301F
:1096600090F89C22032A29D1694602221EE0D3F8F1
:10967000C4224878002493680022984721E0D3F858
:10968000C4524B7806460F46AD6818462146A84797
:10969000FA8830462146072A28BF072206E090F8BC
:1096A0009C22032A0AD10DF10301012200F058F88F
:1096B000002406E090F89C22032A02D000F028F84B
:1096C0000324204601B0F0BD80B5D0F8B82252681E
:1096D0009047002818BF032080BD00000000000054
:1096E00000207047000000000020704700000000CC
:1096F00080B513460A46002100F0C6FA002080BD5E
:1097000080B513460A46002100F09EFB002080BD74
:1097100010B58021044600F05FFB00212046BDE823
:10972000104000F059BB000080B50323C0F894320C
:109730001346C0F858210A460021C0F85C3100F0F9
:10974000A3FA002080BD000080B50521C0F8941266
:1097500000210022002300F097FA002080BD0000C5
:1097600080B50223C0F89432134682610A46002174
:10977000C36100F069FB002080BD00000000000014
:1097800080B50421C0F8941200210022002300F0CB
:109790005BFB002080BD0000B0F802C003789C4550
:1097A00010D980B504E000BF73449AB262450BD271
:1097B00090F800E070444278052AF5D182788A4218
:1097C000F2D180BD00207047002080BD0000000065
:1097D000002808BF704710B5037863B1A0F1010EEF
:1097E0004FF0000C9EF802300CF1010C0EF1010E4E
:1097F000002BF7D101E04FF0000C5FFA8CFC022344
:1098000003EB4C0313800B7003224A70027882B181
:10981000013802234FF0000C5FFA83FE51FA83F403
:10982000023301F80E2084F801C082780130002A4A
:10983000F2D1BDE81040704710B540F658440A46D2
:10984000C2F2004402A02146FFF7C2FF204610BD2D
:1098500043444320436F6E666967000000000000C8
:1098600040F620201222C2F200400A807047000019
:1098700010B540F658440A46C2F2004402A0214600
:10988000FFF7A6FF204610BD43444320496E746590
:10989000726661636500000040F648200422C2F24F
:1098A00000400A807047000010B540F658440A4650
:1098B000C2F2004402A02146FFF78AFF204610BDF5
:1098C00053544D6963726F656C656374726F6E6932
:1098D000637300000000000010B540F658440A46CB
:1098E000C2F2004402A02146FFF772FF204610BDDD
:1098F00053544D3332205669727475616C20436F36
:109900006D506F727400000070B54EF60000C1F625
:10991000F17002688368D2184FF01A030B802ED0C2
:1099200040F64C2C40686FF00101C2F2004C4FF041
:10993000370E0023140F0CEB01050EEB1276B2F17B
:10994000204F38BF04F13006023112010E292E716A
:109950006B71EFD10CF1100104224FF0370C002392
:10996000060FB0F1204F0CEB107538BF06F1300533
:10997000013A4FEA001001F8025F4B70F0D140F657
:109980004C20C2F2004070BD80B10023C0F8B83254
:10999000C0F8C4320029C0F8D03218BFC0F8B412E1
:1099A000012180F89C12027000F0D6B803207047A5
:1099B00080B5D0F8C802F9F707FF40F20032C100C5
:1099C000C0F20132032822FA01F188BF0321C8B294
:1099D00080BD00000000000080B5D0F8C802F9F793
:1099E000CBFE40F20032C100C0F20132032822FA5D
:1099F00001F188BF0321C8B280BD00000000000053
:109A0000B0B581B190F89C22032A4FD1D0F8B8228A
:109A10005269002A4AD00023C0F8D4329047002867
:109A200008BF0020B0BDD0F89412022938D1D0E987
:109A300007318B420DD95B1A11461A46C3610446A1
:109A4000FFF75EFE002100220023204600F01CF9F3
:109A500025E00FD182698A420CD3D0F898128A424D
:109A600008D20021002200250446FFF749FEC4F871
:109A70009852E7E790F89C12032909D1D0F8B81260
:109A8000C96829B10022C0F8D4220446884720467C
:109A90008021044600F0A0F92046FFF755FE20463D
:109AA00090F8A01211B1002180F8A0120020B0BDE2
:109AB00010B589B190F89C22032A08D1D0F8B822B9
:109AC000002392691AB1C0F8D432904700E0002018
:109AD000002808BF002010BDD0F8941203291FD120
:109AE000D0E9571399420BD9C91AC0F85C119942B1
:109AF00038BF0B4611461A46FFF7FAFD002010BD8D
:109B000090F89C12032909D1D0F8B812096929B13B
:109B10000022C0F8D422044688472046FFF730FED2
:109B2000002010BD00000000002070470000000071
:109B3000012180F89C12D0F8B8223AB180B50179A1
:109B400052689047002818BF032080BD002070474E
:109B5000D0F8C802F9F768BE0178012935D110B5EF
:109B600042F654010922C2F20041C0F8C812C1F8FD
:109B700008050020C4F20400C1E90002022000220E
:109B8000C1E90320C1E9060208464A63C1E9082287
:109B9000C1E90B22FAF7ECFA08B1F6F7B5FF42F685
:109BA00054044FF40071C2F200442046F9F798FDC6
:109BB000002180222046F9F797FD01214FF4BA7267
:109BC0002046F9F791FDBDE81040002070470000E5
:109BD00001F07F02D0F8C80201EBC10349B202EBE9
:109BE000C202002900EB820200EB830000F27E201B
:109BF00048BF02F13E0000787047000000000000FE
:109C0000D0F8D42200EB8202D2F8B8225AB190F8F0
:109C10009C32032B05D1126A1AB180B590470020FF
:109C200080BD002070470320704700000000000046
:109C3000D0F8D42200EB8202D2F8B8225AB190F8C0
:109C40009C32032B05D1526A1AB180B5904700208F
:109C500080BD002070470320704700000000000016
:109C600080B59446D0F8C8021A466346F9F7E8FD75
:109C700040F20032C100C0F20132032822FA01F1A1
:109C800088BF0321C8B280BD80B5D0F8C802F9F7FB
:109C900007FE40F20032C100C0F20132032822FA6E
:109CA00001F188BF0321C8B280BD000000000000A0
:109CB000F0B581B0012680F89C620025C0F894526E
:109CC00004464560D0F8B802C4F8A45284F8A05203
:109CD00040B1426832B10021204690470546002835
:109CE00018BF032500210022402320464027FFF70C
:109CF000B7FF8021002240232046A4F86461C4F805
:109D00006071FFF7ADFFA6842846276201B0F0BD61
:109D100090F89C12042903D190F89D1280F89C12AF
:109D2000002070470000000090F89C12032908D121
:109D3000D0F8B81229B1C96919B180B58847BDE812
:109D400080400020704700000246002011747047D8
:109D500080B5D0F8C802FAF707FB40F20032C10024
:109D6000C0F20132032822FA01F188BF0321C8B2F0
:109D700080BD000000000000B0B500F2AA24054636
:109D8000204600F075F80121C5F8941295F8AA1242
:109D9000B5F8B03201F01F02C5F89832022A0ED091
:109DA000012A06D08AB928462146BDE8B04000F015
:109DB0009BB828462146BDE8B04000F0EDBA2846E1
:109DC0002146BDE8B04000F043BA01F080012846CA
:109DD000BDE8B040AFF3008080B5D0F8C802F9F715
:109DE0007BFD40F20032C100C0F20132032822FAAA
:109DF00001F188BF0321C8B280BD0000000000004F
:109E000080B5D0F8C802FAF7CFFA40F20032C100AC
:109E1000C0F20132032822FA01F188BF0321C8B23F
:109E200080BD000000000000014690F89C0204285C
:109E300003D091F89C0281F89D020020042281F851
:109E40009C2270470000000080B5D0F8C802F9F7E6
:109E50007BFD40F20032C100C0F20132032822FA39
:109E600001F188BF0321C8B280BD000000000000DE
:109E70000A7802704A7842704A8842808A888280D2
:109E8000C988C1807047000010B582B004464FF009
:109E90000000ADF80600B1B1D4F8D40204F52E727A
:109EA000C4F8B81252F82000C16A21B10DF10600C1
:109EB0008847C4F8D002D4F8D8020130C4F8D802D8
:109EC000002002B010BD032002B010BD0000000051
:109ED000D0F8B8220AB1126810470020704700007D
:109EE000FFF78EBF000000000A78C2F34112531E34
:109EF000022B07D2D0F8D42200EB8202D2F8B8228B
:109F000092681047F0B581B0002A40F0BF804A78CF
:109F1000092A00F2BB80DFE802F0052CB94FB958DE
:109F200074B91A3C90F89C22013A022A00F2AE80E1
:109F3000C988022940F0AA80D0F8A412032200297F
:109F4000014608BF012241F80C2F022238E1C988DE
:109F5000012940F09B8090F89C124A1E022A80F052
:109F6000908001460122002441F8084FFFF7F8FBDA
:109F700095E090F89C22013A022A00F287804988F5
:109F80000024012940F08B80C0F8A442FFF7F8FBC1
:109F900085E0498840F65445C2F2004511F0FE0FB5
:109FA000297049D080210446FFF716FF0021204682
:109FB000FFF712FF032472E04A88022A5AD0012ACE
:109FC00064D10121C0F8A41257E08A88002A5DD12B
:109FD000CA88002A5AD14D887F2D57D890F89C12F4
:109FE000032953D0E9B280F89E520446FFF7B0FE31
:109FF00020462646FFF7C4FB002D00F021810220F9
:10A000001FE14A884FF0FF330027ADF8027003EBE1
:10A0100012230E2B53D8DFE803F008604552526F2D
:10A020007A5252525252525254000F46D0F8B41241
:10A030000446007C0A684BE090F89C22032A00F05A
:10A040007580022A40F096800A0616D001F00102BF
:10A050004260C9B20546FFF73BFF0446002800F006
:10A06000CF8080212846FFF7B7FE00212846FFF762
:10A07000B3FE7BE0497980F8A012FFF781FB002452
:10A080000DE0032902D1011D012299E0802105463E
:10A09000FFF7A2FE002128460024FFF79DFE204680
:10A0A00001B0F0BDD2B2052A09D8DFE802F003BF43
:10A0B000B5BAB0C40F46D0F8B4124A6805E00F46EE
:10A0C00028E00F46D0F8B412CA691AB30446007CDF
:10A0D0000DF102019047054664E00F46017C0446FD
:10A0E000D0F8B80200290CBF816AC16A0DF10200E4
:10A0F00088470546022054E00F46017C51B90446CA
:10A10000D0F8B802416B0DF102008847E3E70F4633
:10A11000017CE9B380210646FFF75EFE0021304650
:10A1200000253446FFF758FE00203CE00A065AD0CE
:10A1300001F00102416891429FD0C9B20446FFF785
:10A14000C3FA2978204661602546FFF7C1FE044620
:10A15000002851D080212846FFF73EFE00212846E6
:10A16000FFF73AFE29792846FFF7AEFA022085F874
:10A170009C0294E780210446FFF72EFE0021204632
:10A18000FFF72AFE29782046FFF79EFA032486E788
:10A190000446D0F8B802016B0DF10200884705466D
:10A1A00007206870012090B1FA886AB1BDF80210EA
:10A1B00079B19142204638BF0A462946ADF80220BF
:10A1C000FFF7CEFA00246AE72046FFF7D9FA002409
:10A1D00065E780212046FFF7FFFD00212046FFF7BD
:10A1E000FBFD00245BE7C9B2022280F89C22002418
:10A1F00044600546FFF768FA2846FFF7C1FA4EE7C4
:10A200002846FFF7BDFA032085F89C0247E70F4672
:10A21000D0F8B4124A6958E70F46D0F8B412CA68A9
:10A2200053E70F46D0F8B4120A694EE70F46D0F84C
:10A23000B4128A6849E70F46D0F8B4128A6944E735
:10A24000012086F89C02002429E70000000000009D
:10A2500070B50D4609780446C1F341122979531EA1
:10A26000022B05D22046FFF73BFAD8B1002070BD83
:10A27000DABB687880B3012821D0032835D194F85F
:10A280009C0203281FD1688838B911F07F0004D0E0
:10A29000E88810B92046FFF79FFD2046FFF770FAC7
:10A2A000002070BDD4F8B80282680020002AC4F8EB
:10A2B000D402DBD020462946BDE87040104794F810
:10A2C0009C0203281BD002280FD148060DD020463F
:10A2D000FFF782FD80210DE094F89C0203281ED038
:10A2E000022808BF5FEA416040D080212046FFF786
:10A2F00073FD00212046FFF76FFD002070BD6888C8
:10A300000028B3D10E46480603D020463146FFF759
:10A310004FFB2046FFF734FA20463146A3E701F011
:10A320000F00802900EB800004EB800002D2B0F81F
:10A33000640100E0808C0028D7D001F07F0001EBA1
:10A340008102802900EB800004EB800000F11405FD
:10A3500004EB820038BF00F5AA75480612D02046EB
:10A36000FFF736FC002818BF01200CE008064FF06C
:10A37000140058BF4FF4AA70002221182250022264
:10A38000204604E000202860022220462946FFF7EC
:10A39000E7F9002070BD000070B50A7802F0600295
:10A3A000602A08D090F89C22013A022A03D88A88B1
:10A3B00012F0FE0F0AD080210546FFF70DFD0021A7
:10A3C00028460024FFF708FD204670BD0E460546CE
:10A3D000D1B2FFF789F910B1032431460EE0D5F868
:10A3E000B8128A6842B128460021C5F8D412314615
:10A3F00090473146044601E031460324C8880028CE
:10A4000008BF002CE0D12846FFF7BAF9204670BDFE
:10A41000704700000000000040F65860C2F20040A3
:10A42000704700000000000010B50C784A78D0F8A2
:10A430001CC804F00F034FEA441E012A18D1012260
:10A440009A4000EB0E0342EA0C02C0F81C28D3F835
:10A450000009000429D403F510600A7989686FF3B4
:10A46000DF21036841EA824143EA8452114317E045
:10A470004FF4803202FA03F300EB0E0243EA0C03BE
:10A48000C0F81C38D2F8000B00040ED40B7902F58A
:10A49000306089686FF3DF21026841EA834111432C
:10A4A00041F0805141F400410160002010BD0000E6
:10A4B0000146D0F8000940F2FF729043C1F800094C
:10A4C000D1F80428002042F48072C1F804287047B3
:10A4D00080B582B00699012940F64051C0F20301CF
:10A4E00039D1826BDDF834C022F4803282634FF6BA
:10A4F000BF72D0F80CE0CFF6BD72BCF1010F02EADA
:10A500000E02C260C26822F44012C26003D1C26867
:10A5100042F48012C2600022009200BF009A013211
:10A520000092009A8A423AD80269B2F1FF3FF5DC04
:10A5300000220092026942F001020261009A013297
:10A540000092009A8A422AD80269D207F6D10021E5
:10A55000012B46D134E0DDF828C0C26842F0400249
:10A56000C2600022019200BF019A01320192019A59
:10A570008A4218D80269B2F1FF3FF5DC002201924D
:10A58000026942F001020261019A01320192019ACC
:10A590008A4208D80269D207F6D1002104E00321DB
:10A5A000012B1ED10CE00321BCF1000F826B02D005
:10A5B00022F4803201E042F480328263012B10D118
:10A5C000C26D92B2C265C26D42F0007242F0F77283
:10A5D000C265826842F006028260826842F0200210
:10A5E0008260084602B080BD80B50A7847F6000C4C
:10A5F0004B78CEF6334C5101012B014425D1D1F8D3
:10A6000000394FF0010EB3F1FF3F01F5106307DC95
:10A61000196841F000611960196841F080411960C2
:10A6200002F00F01D0F83C280EFA01F18A43C0F87D
:10A630003C28D0F81C2822EA0101C0F81C1819682F
:10A64000002001EA0C01196080BDD1F800EB01F592
:10A650003063BEF1FF3F0CF1707C4FF4803EDFDCD5
:10A66000D6E70000000000000146D0F8000E20F000
:10A670000300C1F8000E0020D1F8042822F00202E5
:10A68000C1F80428704700000146D0F8000E20F001
:10A690000300C1F8000E0020D1F8042842F00202A5
:10A6A000C1F80428704700002DE9F04F82B0DDF8B2
:10A6B00048E00B9ADDE90D4C4125002640F8256065
:10A6C0000135502DFAD1BEF1000F04D000F138054C
:10A6D0004FF400160FE0D0F80458802645F002052C
:10A6E000C0F80458856B25F400158563056845F0AE
:10A6F0004005056005462F68012C46EA07062E60D6
:10A700004FF00005C0F8005ED0F80048C0F80048DF
:10A7100006D1D0F80048002A18BF44F0010403E035
:10A72000D0F8002842F0030440F64055C0F8004835
:10A73000C0F2030500220092009A01320092009AB2
:10A74000AA4218D80269B2F1FF3FF5DC002200925C
:10A750004FF48462026100BF009A4FF0000A013298
:10A760000092009AAA4288BF4FF0010A05D80469F6
:10A77000A406F1D401E04FF0010A0024019400BFC7
:10A78000019C01340194019CAC4215D80469B4F1D8
:10A79000FF3FF5DC0024019410240461019C013486
:10A7A0000194019CAC424FF0000488BF012404D8FE
:10A7B0000669F606F2D400E001244FF00008C0F864
:10A7C0001088C0F81488C0F81C8891B300F5106692
:10A7D0004FF67F39002500BF4FF09047002D08BF8E
:10A7E0004FF000673268013507EAE2723260C6F85E
:10A7F0001080A942C6F8089006F12006ECD100F5B9
:10A8000030664FF000094FF67F3B00274FF0904233
:10A81000002F08BF4FF000623568013702EAE57289
:10A820003260C6F81090B942C6F808B006F12006AA
:10A83000ECD1D0F8101821F48071C0F81018C0F8CD
:10A8400018806FF0804141611BB9816941F01001AE
:10A85000816143F600028169C8F23C02BCF1000F3D
:10A8600041EA0201816103D0816941F008018161FF
:10A87000BEF1010F05D1816941F0804141F0040131
:10A8800081614AEA040002B0BDE8F08F00000000D8
:10A8900001468268002022F001028A6070470000B1
:10A8A00043F20B03D0F840C0C4F654739C4503D365
:10A8B000D0F8003B002B1ED40023C0F8103BD0F88A
:10A8C000103B012943F40023C0F8103BD0F8103BA3
:10A8D00043F01803C0F8103BD0F8103B43F0C041E0
:10A8E000C0F8101B07D1C0F8142BD0F8001B41F0A2
:10A8F0008021C0F8001B002070470000000000000D
:10A900004A780B78012A4FEA431210440DD1D0F84F
:10A91000002922F40012C0F80029097901F0FE0193
:10A92000022913D100F510600CE0D0F8002B22F4BE
:10A930000012C0F8002B097901F0FE01022905D1AF
:10A9400000F53060016841F08051016000207047DF
:10A950000A784B785101012B084406D1D0F8001930
:10A96000002900F5106106D50BE0D0F8001B002986
:10A9700000F5306105D4002A1EBF086820F0804031
:10A9800008600A68002042F400120A607047000064
:10A99000F0B54B78002491F800C04FF6FF75012BFD
:10A9A000CFF6F874CEF207051ED100EB4C1E0E69EF
:10A9B000002E0EF51063DEF8107942D03C401C6189
:10A9C0001C69BCF1000F04EA05041C618C684AD0C4
:10A9D0003519013DB5FBF4F40025C1F6F87505EA1B
:10A9E000C4441D692C4344E000EB4C134FF6FF7E3A
:10A9F000C0F2070EBCF1000FD3F8107B07EA040782
:10AA0000C3F8107BD3F8104B04EA0504C3F8104BCD
:10AA100003F530630E691DD0002E8D6879D077194B
:10AA2000013FB7FBF5F7BEB26E4300250E62C1F6DB
:10AA3000F87505EAC7471D6906EA0E062F431F6130
:10AA40006EE03D401D611D6945F400251D611D69D5
:10AA50002C401FE0002E1CBF8F680F618F680F62B3
:10AA600007EA0E0757E0A64288BF0C611C6944F450
:10AA700000241C610C691D696FF3DF442C431C61C9
:10AA80000C79012C07D11C6924F0C0441C611C699D
:10AA900044F000541C61012A15D1CA69002A18BF6C
:10AAA000CEF814290979012952D1D0F80808C00537
:10AAB0004FF0805058BF4FF00050DEF800190843A7
:10AAC000CEF8000944E000F510634FEA4C169F5998
:10AAD00047F004479F510F79012F0FD1D0F8087824
:10AAE000FF054FF0805758BF4FF00057F558002A28
:10AAF00045EA0702F25032D00020F0BD0969002972
:10AB0000FAD00CF00F01012202FA01F100F6340331
:10AB100020E005EA0E071E6937431F614FF4002647
:10AB20001F69012A47EA06021A6103D1CA68002A8E
:10AB300018BF5A61097901290AD1D0F80808C0055F
:10AB40004FF0805058BF4FF000501968084318600C
:10AB50004FF004411868084318600020F0BD0A8ACD
:10AB6000002AC9D0CB68D11C890800F580504FEA73
:10AB70000C32043B013953F8047F1750FAD1BBE77C
:10AB800081B0002200924A780978012A4FEA4111E7
:10AB90001BD100F510604258B2F1FF3F2FDC0A587C
:10ABA00042F000620A500A5842F080420A5042F2D3
:10ABB000107200BF009B01330093009B934221D889
:10ABC0004358B3F1FF3FF5DD19E000F5306042581E
:10ABD000B2F1FF3F13DC0A5842F000620A500A58F3
:10ABE00042F080420A5042F2107200BF009B0133D3
:10ABF0000093009B934205D84358002BF6D40020C5
:10AC000001B07047012001B0704700000000000053
:10AC100001468268002042F001028A60704700000D
:10AC200081B040F640520023C0F20302009300BFFF
:10AC3000009B01330093009B934215D80369B3F145
:10AC4000FF3FF5DC8901002300932031016100BF43
:10AC50000099013100910099914205D80169890656
:10AC6000F6D4002001B07047032001B07047000007
:10AC7000D0F8081888074FF0020001F0060158BF0D
:10AC80000F20002908BF08467047000000000000A0
:10AC9000406900F001007047D0F81818D0F81C087F
:10ACA000084080B270470000D0F81818D0F81C088F
:10ACB0000840000C70470000D0F810C8D0F83438B5
:10ACC00001F00F0200EB411023FA02F2D201D0F89A
:10ACD0000809D1B241EA0C010840704700000000A9
:10ACE00000EB4111D1F8081BD0F814080840704758
:10ACF000416980690840704780B5930802F0030EEF
:10AD000009D004394FF4805C013B50F80C2041F825
:10AD1000042FF9D10431BEF1000F0ED04FF4805250
:10AD200000238058AEF1010E20FA03F201F8012B46
:10AD30005FEA0E4203F10803F4D1084680BD00002B
:10AD400010B541F2780040F22402C2F20040C2F293
:10AD5000004202F5806142F240140368C2F20044EE
:10AD60008B4208BF114601602046FEF725FC2046B5
:10AD7000BDE81040FEF7FCBBB0B50446C06820F04B
:10AD8000C040E06091B1012926D1E068002540F083
:10AD90000050E0600120F7F7DBFB6069C00705F1B8
:10ADA000010014D1312D0546F4D310E0E0680025F0
:10ADB00040F08040E06000BF0120F7F7C9FB606908
:10ADC000C00705F1010002D0312D0546F4D3323819
:10ADD000B0FA80F04009B0BD0120B0BD0000000015
:10ADE0000246D0F8000820F4FE6001F07F01C2F8AE
:10ADF00000080020D2F8003843EA0111C2F8001818
:10AE00007047000000000000022A02465CD145F2B3
:10AE1000403043F20053CFF62770C0F20C030844D1
:10AE2000984202D24FF4705150E041F6406044F233
:10AE30004023CFF61B70C0F20F030844984202D2A1
:10AE40004FF4605142E0A1F5740044F68073A0F520
:10AE50001050C0F21203984202D24FF4505135E024
:10AE6000A1F183704DF22063A0F5E740C0F2130317
:10AE7000984202D24FF4405128E04BF260604EF20B
:10AE80006033CFF6E560C0F216030844984202D260
:10AE90004FF430511AE04DF2003047F24073CFF6D4
:10AEA000CE60C0F21B030844984202D24FF42051F6
:10AEB0000CE045F6C03049F2C013CFF6B360C0F2E3
:10AEC0002103084498420AD24FF41051D06820F46C
:10AED0007050D060D36800201943D1607047A1F151
:10AEE000B77047F22053A0F55850C0F2380398428B
:10AEF00002D24FF40051E9E745F2E04049F6E04361
:10AF0000CFF65960C0F2410308444FF4C051984253
:10AF100038BF4FF4E051D9E7DDF800C0BCF1000FB5
:10AF20000CD15BB1033300F5805C9B08043912033C
:10AF3000013B51F8040F42F80C00F9D10020704792
:10AF4000FEE700000000000080B58AB0082B0191E8
:10AF50004FF000010291039102D81904049111E00D
:10AF6000A3F10C014FEAB1010D290BD81FFA81FCA6
:10AF700042F20F2323FA0CF3DB0703D007A353F8A5
:10AF80002110EBE700210991CDE90711CDE9051169
:10AF900001A9F7F72DFB00200AB080BD00000900D1
:10AFA00000000A0000000B0000000C000000090077
:10AFB000000009000000090000000900000009006D
:10AFC00000000E0000000900000009000000090058
:10AFD00000000F00000000004FF07E5101634BF2B3
:10AFE00011014BF25102C0F60001C0F600024167A8
:10AFF0004BF21901826748F2315280EC030AC0F625
:10B000000001C0F60002C0E91F12704700000000F6
:10B010000C3080EC060A704710B590ED160A044615
:10B0200000F0BEFFB1EE400AD4ED180A84ED190A13
:10B0300094ED170A01F04AF884ED1A0AD4ED100ACB
:10B0400094ED130A01F042F884ED1B0A10BD0000D4
:10B0500010B590ED070A20EE001A90ED060AA0EE5A
:10B06000001A90ED080AA0EE001AB1EEC10AB4EE83
:10B07000400AF1EE10FA80F1BA8090ED071A90EDD7
:10B08000082A81EE001A90ED063A82EE002A90ED31
:10B09000174A83EE003A90ED160A20EE415A90EDE1
:10B0A000186A24EE427AD0ED021A66EE430AD0ED19
:10B0B0000B2AA3EE045AD0ED093AA1EE067AD0EDA0
:10B0C0000F4AE2EE000A90ED010AF6EE005A80ED1A
:10B0D000071A80ED063A20EE054A80ED082A20EE98
:10B0E000076A20EE200AE4EE212A90ED004AE6EEFF
:10B0F000213A90ED0A6AA0EE216A90ED050AC0EDB2
:10B100000B2AE4EE052AC0ED093AE4EE073A80ED99
:10B110000A6AA4EE206A90ED035A90ED0E7AD0ED03
:10B120000C0A61EEA51A32EE804A90ED040A35EE63
:10B13000235AD0ED0D3A36EE006A80ED035A24EE24
:10B14000070A80ED046A64EE636A80ED054A67EEE3
:10B15000062AA0EE850AE0EE866AE3EE852AA4EED2
:10B16000C60A66EE235AE4EE842AE4EE856AE0EE2F
:10B17000845AE0EE213AE2EEE10AE7EE455AC0EDEC
:10B180000D3AA6EEA17A23EEA30AC0ED0C0A80EDDB
:10B190000E7AA0EEA00AE5EEA14AA7EE070AC0EDDE
:10B1A0000F4AA4EEA40AB1EEC01AB4EE411AF1EEB1
:10B1B00010FA23D690ED0C0A90ED0D2A90ED0E3A80
:10B1C00080EE010A90ED0F4A82EE012A83EE013AE9
:10B1D00080ED0C0A84EE010A80ED0D2A80ED0E3A16
:10B1E000D0F8801080ED0F0ABDE810400847B0EE9F
:10B1F000410A044601F0C0F820463EE7044601F04B
:10B20000BBF8B0EE401A2046D4E700000000000072
:10B21000F8F75AF9FDF7F0FAFCF776FCFCF7ECFAD0
:10B22000FCF71AFDFCF724FBFCF75AFBFCF748FD82
:10B23000FCF792FBFCF7B0FDFCF7F6FDFCF738FEDF
:10B240004FF4F070F5F7F0FBF5F7F2F9F5F764FC61
:10B25000F5F7A2FCF5F7E0FCFCF7BAFB00F00CF800
:10B26000FEE700000000000080B5012898BF012023
:10B2700000F0AAFA002080BD80B500F009FB002094
:10B2800080BD00000000000010B584B00389D0E943
:10B2900000CE028AB3F1840418B20B4618BFC41C56
:10B2A00003A86146CDE90040704600F01DFC0399FB
:10B2B000012818BF0021084604B010BD000000009E
:10B2C0004AF60C1543F26C0A4EF604584AF69C17DF
:10B2D0004AF60816C2F20045C2F2004ACEF2000851
:10B2E0004FF08059C2F20047C2F2004615E000BF9D
:10B2F00000F0A2F9F868C468201D00F039F9306840
:10B300000138306028680138286000F0BDF9206BF2
:10B3100000F0D2F9204600F0CFF928680028E7D1E4
:10B32000DAF800000228F8D3C8F80090BFF34F8F76
:10B33000BFF36F8FF1E7000008480068006880F3F2
:10B3400008884FF0000080F3148862B661B6BFF33E
:10B350004F8FBFF36F8F00DF00BF000008ED00E0EC
:10B3600081B00020009040F6B020C2F2004000689A
:10B370004FF0500181F31188BFF36F8FBFF34F8FF0
:10B38000013001D0FEE700BF00980028FCD001B0DA
:10B390007047000000000000F0B581B0044600F0E6
:10B3A000BFFA43F264014AF61C17C2F20041C2F22E
:10B3B0000047086818B1B4F1FF3F2DDD2FE043F2DC
:10B3C000FC000026C2F20040430700F5F04300F104
:10B3D000070223F0070318BF22F007004AF6801285
:10B3E000A3F108050D60C2F20042C2E9000643E97C
:10B3F00002662A1A42600B6803604AF65010C2F2D5
:10B40000004002604AF64810C2F20040026001208B
:10B410003870B4F1FF3F02DC3878002839D134B1FC
:10B42000600706D024F0070000F1100402E00024B9
:10B4300000E008344AF6481E621EC2F2004EDEF8F2
:10B440000000824225D24AF68013C2F200431E68F1
:10B450007068A04207D200BF326822B13346164658
:10B460005068A042F8D30A68964212D0001BD3F865
:10B4700000C0112832681A603FD333195A0719D017
:10B480004FF0500080F31188BFF36F8FBFF34F8FE1
:10B49000FEE7002400F0D4FC600708D04FF0500015
:10B4A00080F31188BFF36F8FBFF34F8FFEE7204605
:10B4B00001B0F0BD586074604AF68014C2F20044D6
:10B4C000204624689C42FBD3426885189D4203D1E4
:10B4D0005B681A44034642605A689D18A54201D031
:10B4E000214606E009688C4203D0D4E900142244C6
:10B4F0005A609842196018BF03604AF6501071688C
:10B50000C2F20040DEF80020511ACEF800100268A6
:10B510000CF10804914238BF016038787168002846
:10B520004FF0000018BF41F00041C6E900014AF6A3
:10B530005C10C2F20040016801310160AAE700001E
:10B540004BF2613321F0010140F8081C4FF080718B
:10B5500040F8041CA0F14401C0F6000340F80C3C84
:10B560006FF0020340E9093208467047000000000E
:10B57000D0E9013201699A60D0F808C04A68824275
:10B580004FF00002CCF8043008BFC1F804C00261DB
:10B590000868013808600868704700000000000073
:10B5A00002464FF0FF3142F8081F00214260C0E917
:10B5B0000322016070470000002101617047000014
:10B5C00080B5D1F800C01CF1010207D000F10803DA
:10B5D0009E465B681A686245FAD901E0D0F810E02F
:10B5E000DEF804204A60CEF804109160C1F808E04B
:10B5F000086101680131016080BD000000000000A9
:10B60000D0F800C043684B609A688A609A68996075
:10B61000086151600CF101010160704700000000F9
:10B62000DFF80C00016841F4700101607047000010
:10B6300088ED00E0000000004FF0500080F311881A
:10B64000BFF36F8FBFF34F8F40F6B020C2F20040C0
:10B650000168002901F10101016000D070474EF638
:10B660000450CEF200000068000608BF70474FF09B
:10B67000500080F31188BFF36F8FBFF34F8F00BF6F
:10B68000FEE700000000000040F6B020C2F20040DB
:10B69000016839B10139016018BF7047002080F39B
:10B6A000118870474FF0500080F31188BFF36F8FFF
:10B6B000BFF34F8FFEE70000B0B5002808BFB0BD54
:10B6C0004AF61C11C2F200410978002918BF4FF058
:10B6D000004150F8042C11420DD0A0F10804236859
:10B6E0009BB14FF0500080F31188BFF36F8FBFF311
:10B6F0004F8F00BFFEE74FF0500080F31188BFF37B
:10B700006F8FBFF34F8F00BFFEE722EA010140F8C1
:10B71000041C054600F004F94AF6481055F8041CCC
:10B72000C2F200402A460368194401604AF68011BB
:10B73000C2F2004108460968A142FBD34368C5181C
:10B74000A54204D152F8042C04461A4442606368AE
:10B75000E2188A4201D00A460AE043F26402C2F2C9
:10B7600000421268914203D0D1E90021194461607E
:10B77000A042226018BF04604AF66010C2F2004086
:10B78000016801310160BDE8B04000F059BB000024
:10B790004EF210000021CEF2000044F6D352C1F266
:10B7A00062020160816040F69011C2F200410968B6
:10B7B000A1FB02124FF0FF3101EB92114160072112
:10B7C000016070470000000070B5002852D04AF6B2
:10B7D0001011C2F200410A684AB14FF0500080F3E4
:10B7E0001188BFF36F8FBFF34F8F00BFFEE7054691
:10B7F0000868013008604AF6B01043F25C04C2F2F7
:10B800000040C2F20044066820680430FFF7B0FE32
:10B8100060B920684AF61812C2F200420121C06ADB
:10B8200001FA00F0116821EA000010602068AD19EB
:10B83000456009D343F26800C2F200400068216805
:10B840000431FFF7BDFE10E043F26000C2F2004099
:10B85000006821680431FFF7B3FE4AF65410C2F2C3
:10B86000004001688D4238BF056000F0E9FA002809
:10B8700018BF70BD4EF604504FF08051CEF200005C
:10B880000160BFF34F8FBFF36F8F70BD00000000EA
:10B8900080B582B04BF2C1204AF64C1CC0F60000C5
:10B8A0001DA180220023C2F2004C4FF0000ECDE912
:10B8B00000EC00F019F9411C21D0012829D14FF0EA
:10B8C000500080F31188BFF36F8FBFF34F8F4AF69C
:10B8D0005410C2F200404FF0FF3101604AF67C1074
:10B8E000C2F20040012101604AF6B010C2F20040ED
:10B8F0000021016002B0BDE8804000F05DB84FF06B
:10B90000500080F31188BFF36F8FBFF34F8F00BFDC
:10B91000FEE702B080BD00BF49444C450000000076
:10B920004AF61010C2F20040016801310160704710
:10B930004AF61010C2F20040006830B14AF6B41066
:10B940000121C2F20040016070474AF6B4100021A4
:10B95000C2F2004001604AF61810C2F2004043F201
:10B960006C01C2F200410068B0FA80F0C0B2C0F1D0
:10B970001F0000EB800051F8202092B101EB800005
:10B9800000F10802416849684160914201D149686B
:10B99000416043F25C014068C2F20041C068086047
:10B9A00070474FF0500080F31188BFF36F8FBFF3E3
:10B9B0004F8F00BFFEE70000B0B584B04EF20040EC
:10B9C0004CF27021CEF20000C4F20F114B1CD0F8E3
:10B9D00000299A4209D14FF0500080F31188BFF33B
:10B9E0006F8FBFF34F8F00BFFEE7D0F800298A4268
:10B9F00009D14FF0500080F31188BFF36F8FBFF370
:10BA00004F8F00BFFEE701784AF6FC020291FF214A
:10BA10000170C2F2004201788DF807109DF80710FE
:10BA200001F0500111704AF600110722C2F20041E4
:10BA30000A609DF90720B2F1FF3F0CDC062200BF2F
:10BA40000A60013A9DF807305B008DF807309DF9D8
:10BA50000730002BF4D40A68032A3BD14FF440721C
:10BA60000A6002990170D0F8201941F47001C0F801
:10BA70002019D0F8201941F07041C0F82019FFF7C3
:10BA800087FE40F6B0240025C2F200442560FFF78F
:10BA9000C7FD4EF63470CEF20000016841F040411F
:10BAA0000160FFF749FCFFF743FF039520684FF063
:10BAB000500181F31188BFF36F8FBFF34F8F0130B7
:10BAC00002D000BFFEE700BF03980028FCD0002092
:10BAD00004B0B0BD4FF0500080F31188BFF36F8FFA
:10BAE000BFF34F8FFEE700002DE9F04F81B0814694
:10BAF0009000984616460D46FFF74EFC68B1074683
:10BB00005420FFF749FC28B10446076344B94FF0BD
:10BB1000FF36D0E03846FFF7CFFD0024002CF6D0EA
:10BB2000206BDDE90A7A00EB86004FF00001A0F1FE
:10BB3000040020F0070604F134005DB16A5C425451
:10BB40006A5C1AB10F2901F10101F7D1002084F8D4
:10BB5000430000E00170062F04F1040B28BF062704
:10BB600058460025C4E91175E762FFF725FD04F189
:10BB70001800FFF721FD87F00700A0613046494615
:10BB8000424624616462E56484F85050FFF7D8FCB3
:10BB9000BAF1000F206018BFCAF80040FFF74CFD53
:10BBA0004AF6081043F25C0AC2F20040C2F2004AB0
:10BBB0004AF67C1943F26C070168C2F20049013170
:10BBC0000160DAF80010C2F2004761B1D9F8000054
:10BBD000002840D1DAF80000E16AC06A884298BFC4
:10BBE000CAF8004037E0CAF800400068012832D1A6
:10BBF000002600BFB819FFF7D3FC14368C2EF9D1FC
:10BC00004AF62018C2F200484046FFF7C9FC4AF63F
:10BC10003416C2F200463046FFF7C2FC4AF66810FE
:10BC2000C2F20040FFF7BCFC4AF69C10C2F2004092
:10BC3000FFF7B6FC4AF68810C2F20040FFF7B0FCEE
:10BC400043F26000C2F20040C0F8008043F2680096
:10BC5000C2F2004006604AF614104AF61812C2F208
:10BC600000400126C2F20042016801310160E06A31
:10BC7000136806FA00F100EB800019431160594681
:10BC800007EB8000FFF7BCFCFFF7FEFCD9F80000D3
:10BC900088B1DAF80000E16AC06A88420AD24EF63A
:10BCA00004504FF08051CEF200000160BFF34F8F7F
:10BCB000BFF36F8F0126304601B0BDE8F08F000062
:10BCC0002DE9F04F81B04AF61010C2F20040006832
:10BCD00040B14AF664100024C2F20040016801310C
:10BCE0000160A9E04AF6B010C2F2004001684E1CA3
:10BCF00006602ED343F26000C2F20040016809687A
:10BD000049B14FF0500080F31188BFF36F8FBFF33C
:10BD10004F8F00BFFEE743F268020168C2F20042A3
:10BD20001368036011604AF65811C2F200410A68B4
:10BD300001320A600168096821B10068C068C06802
:10BD4000406801E04FF0FF304AF65411C2F2004162
:10BD500008604AF6541143F25C0AC2F20041C2F292
:10BD6000004A0868864201D200244FE043F2600B8B
:10BD70000024C2F2004BDBF800000068E0B34AF692
:10BD800018190127C2F2004920E000BFD8F82C00A2
:10BD9000D9F8002007FA00F100EB80001143C9F840
:10BDA000001043F26C01C2F2004101EB8000294611
:10BDB000FFF726FCD8F82C00DAF80010C96ADBF887
:10BDC00000208842106828BF3C46C0B1DBF8000064
:10BDD000C068D0F80C80454655F8040F864210D351
:10BDE0002846FFF7C5FBD8F828000028CED008F178
:10BDF0001800FFF7BDFBC9E74FF0FF3005E04FF03B
:10BE0000FF304AF65411C2F200410860DAF800002F
:10BE100043F26C01C2F20041C06A00EB800051F8AD
:10BE2000200001284AF6B410C2F2004088BF012465
:10BE30000068002818BF0124204601B0BDE8F08F3B
:10BE40002DE9F04F81B04AF61014C2F20044206888
:10BE500068B1FFF7F1FB206801382060206880B1ED
:10BE60000024FFF711FC204601B0BDE8F08F4FF031
:10BE7000500080F31188BFF36F8FBFF34F8F00BF67
:10BE8000FEE74AF60810C2F2004000680028E7D03A
:10BE90004AF668164AF6B418C2F20046C2F20048E2
:10BEA0003068002844D04AF6181543F26C0943F272
:10BEB0005C0A4FF0010BC2F20045C2F20049C2F227
:10BEC000004A00BFF068C76807F11800FFF750FB91
:10BED0003C1D2046FFF74CFBF86A2A680BFA00F17C
:10BEE00000EB800011432960214609EB8000FFF739
:10BEF00087FBF86ADAF80010C96A884228BFC8F8D8
:10BF000000B030680028DDD197B143F26000C2F282
:10BF100000400168096821B10068C068C0684068D5
:10BF200001E04FF0FF304AF65411C2F200410860C0
:10BF30004AF66414C2F2004425685DB1012600BFD0
:10BF4000FFF7BEFE002818BFC8F80060013DF7D11A
:10BF500000202060D8F8000000283FF481AF4EF6A2
:10BF600004504FF08051CEF2000001240160BFF375
:10BF70004F8FBFF36F8F74E74100080218BF042092
:10BF80000A0E18BF40F001004FF07F4232EA010173
:10BF900008BF40F00200012808BF052070470000DC
:10BFA00010B54FF00E402DED028BB0EE408A18EE2A
:10BFB000104A00EB4400B0F1506F4AD84FF0FC40FB
:10BFC000B0EB440F22D2B0EEC80AF7EE000A30EE12
:10BFD000C00AF6EE000A60EE208A18EE900A00F021
:10BFE00015FA01EE100A14F0004F1DBFDFED2D0A07
:10BFF0009FED2D0AB1EE411ADFED2C0A08BF9FED2F
:10C000002C0AF8EE001A21EE218A05E0DFED290A5C
:10C0100068EE088AB0EE600A9FED271ADFED271A56
:10C0200030EE080A48EE811A9FED251A08EEA11A93
:10C03000DFED241A48EE811A9FED231A08EEA11AAB
:10C0400068EE281ABDEC028B01EE810A30EE200A60
:10C0500010BD4FF0E440B0EB440F0CD918EE100ABD
:10C06000FFF78AFF042808BF00F0B2F9B0EE480AD3
:10C07000BDEC028B10BD4FF07F40B0EB440F07D2F8
:10C08000B0EE480ABDEC028BBDE8104000F091B95B
:10C09000012000F0B5F9BDEC028BBDE8104000F0C6
:10C0A0008FB900000000C9BF22AAFDB90000C93F36
:10C0B00022AAFD390000000024FE1C3DC78AD83C9E
:10C0C0001E67383D1B93993DAFAA2A3E70B54FF0CD
:10C0D00068422DED048BF0EE408A18EE900AB0EE27
:10C0E000608A18EE101A02EB4003B3F1654F3CBFB3
:10C0F00002EB4102B2F1654F7DD200BFC0F3C753DE
:10C10000C1F3C7529A1A1B2A09DD10F0004F14BF61
:10C110009FED830A9FED830ABDEC048B70BD12F185
:10C120001A0F36DA11F0004F09D010F0004F0CBF93
:10C130009FED7D0A9FED7D0ABDEC048B70BD88EEFE
:10C14000889A19EE100AFFF717FF042808BF00F0BD
:10C150003FF918EE900AFFF70FFF054618EE100A98
:10C16000FFF70AFF044619EE100AFFF705FF042D3A
:10C1700018BF052D08D1042C18BF052C04D10028A8
:10C1800004BF022000F03CF9B0EE490ABDEC048B7C
:10C1900070BD4200B2EB410F3AD910F0004F19BF09
:10C1A000DFED630A9FED630ADFED630A9FED630A2B
:10C1B000B0EE481A0A46B1EE688A80F00041F0EE0F
:10C1C000418A10460A1A5200B2F1807F34D24840A8
:10C1D00010F0004FDFED5A1A9FED5A2A1DBFBEEE38
:10C1E000001A70EEE10A30EE420AB6EE001A08BFFD
:10C1F00070EEA10A00E040E008BF30EE020AB0EEA7
:10C20000682A01EE482A08EE818AC2EE081A15E073
:10C2100011F0004F04BF9FED4C0AF0EE400AD1D060
:10C2200010F0004F19BFDFED490A9FED490ADFED1D
:10C23000490A9FED490AC5E7C8EE881A21EEA11AFE
:10C240009FED462ADFED462A41EE022A9FED452A60
:10C2500001EE222ADFED442A41EE022A9FED432A15
:10C26000BDEC048B01EE222A21EE811A01EE020AB6
:10C2700030EE210A30EE200A70BD4FF07F42B2EB63
:10C28000400F28BFB2EB410F09D2F0EE480AB0EEE2
:10C29000680ABDEC048BBDE8704000F08DB840EA40
:10C2A00001035B0008BF41F0FF410BD0B2EB400F30
:10C2B00008BFB2EB410F08D120F0804008EE900A91
:10C2C00021F0804108EE101A18E7B2EB400F12BFC0
:10C2D0005FEA410340F0FF4001F000413FF40EAF40
:10C2E000B2EB410F12BF5FEA400200F0004041F0A4
:10C2F000FF413FF403AF4A0092EA40033FF5FEAE30
:10C30000002AACBF9FED1A0A9FED1A0A68EE808AD8
:10C3100028EE008A18EE900A18EE101AEEE60000D9
:10C32000DB0FC9BFDB0FC93FDB0F4940DB0F49C043
:10C330000000C9BF22AAFDB90000C93F22AAFD39E9
:10C340000060ED3EC30ACE3700000000000049C087
:10C3500022AA7DBA0000494022AA7D3A2DAD65BDD2
:10C360008FB8D53D0FB511BE61C84C3EA8AAAABE74
:10C370000000804F0000802F10B52DED028BB1EE34
:10C38000C08A18EE100A20F00040C0F1FF40C00F34
:10C390000AD010EE100A20F00040C0F1FF40C00F9C
:10C3A00004BF012000F02CF8B0EE480ABDEC028B6F
:10C3B00010BD30EE000A704730EE200A70470000D2
:10C3C000DFED020A80EEA00A7047000000000000C6
:10C3D0009FED020A20EE000A7047000000000010E6
:10C3E00002E008C8121F08C1002AFAD1704770473E
:10C3F000002001E001C1121F002AFBD1704700009C
:10C4000001490860704700002408002410B500EEC0
:10C41000100A2DED028BB1EEC08A18EE100A20F042
:10C420000040C0F1FF40C00F0AD010EE100A20F00B
:10C430000040C0F1FF40C00F04BF0120FFF7E0FF44
:10C4400018EE100ABDEC028B10BD000000000000C9
:10C4500000000000000000000000000000000000DC
:10C4600001000000020000000300000004000000C2
:10C4700000000000050000000000000000000000B7
:10C4800000000000060000000000000000000000A6
:10C490000000000007000000000408102040010414
:10C4A0000810204000000000010203040102030400
:10C4B00006070809010002000400060008000A003F
:10C4C0000C00100020004000800000010001020369
:10C4D00004050607080C1014182030400101010360
:10C4E00007010000080402040801010152454D4FF4
:10C4F00054455F5441534B00434841535349535FA4
:10C500005441534B00494E535F5441534B004D61CE
:10C510006E6970756C61746F725461736B006465E1
:10C520006661756C745461736B00000050C500083F
:10C5300000000024B80A0000F803000868C60008DC
:10C54000B80A002400A70000F0C3000800000000A3
:10C5500001FF01FF01FF01FF01FF01FF01FF01FFDB
:10C56000013A320142010239114501000202023949
:10C570001245010001030239133201420402391449
:10C58000320142050238152F3333EB3A58A08B3A6B
:10C590006198000899982C08A9980008D998000873
:10C5A00009996A0839980008719800082E90D003FC
:10C5B0000090D003A1940008F1925608F995000864
:10C5C000DD5193000839920008B19200082FF193D1
:10C5D0000008999300084994000889933D080902CE
:10C5E0004300020100C03209042E010202010005CD
:10C5F0002400100105240129010424020205240657
:10C600004F010705820308001009040100020A36E1
:10C610000705010240460705810240450A0600025F
:10C620004340012D120100020202004083044057E2
:10C630003602010203012FB1060008A9060008A175
:10C64000060008E1060C2308F106000804030904AB
:10C650001A030517C3F51C4162010218FA42014290
:08C660001055AAAAAAAA0000C5
:04000005080002CD20
:00000001FF
