:020000040800F2
:10000000680E002075020008C9580008F94D000864
:10001000BD560008E1290008D16700080000000073
:10002000000000000000000000000000D160000897
:10003000552B000800000000A7600008D3600008EE
:100040008F0200088F0200088F0200088F0200084C
:100050008F0200088F0200088F0200088F0200083C
:100060008F0200088F0200088F0200088F0200082C
:100070008F0200088F020008452B00088F0200083D
:100080008F0200088F0200088F0200088F0200080C
:100090008F0200088F0200088F0200088F020008FC
:1000A0008F020008456100088F0200088F020008D7
:1000B0008F0200088F0200088F0200088F020008DC
:1000C0008F0200088F0200088F0200088F020008CC
:1000D0008F020008B1670008C16700088F0200089E
:1000E0008F0200088F0200088F02000800F002F85B
:1000F00000F0B0F80AA090E8000C82448344AAF112
:100100000107DA4501D100F0A5F8AFF2090EBAE80F
:100110000F0013F0010F18BFFB1A43F0010318473B
:10012000FC8E00001C8F00000A444FF0000C10F8F9
:10013000013B13F0070408BF10F8014B1D1108BF65
:1001400010F8015B641E05D010F8016B641E01F805
:10015000016BF9D113F0080F1EBF10F8014BAD1C55
:100160000C1B09D16D1E58BF01F801CBFAD505E073
:1001700014F8016B01F8016B6D1EF9D59142D6D3CD
:10018000704700000023002400250026103A28BFF5
:1001900078C1FBD8520728BF30C148BF0B607047F9
:1001A0006E2900F0B981702900F0FB82662907F002
:1001B0009786652907F09486672907F0918661295B
:1001C00007F0908603681B0A28BF41F08001692967
:1001D00000F06681642900F06381752900F0608178
:1001E0006F2900F08882782900F0C782E92900F0A1
:1001F0002382E42900F02082F52900F01D82EF29F6
:1002000000F08582F82900F0C6820368DB0928BF68
:1002100041F08001632901F05180732901F056807B
:10022000E32901F06180F32901F066800020704726
:100230001FB501F0E9F804000020002106F0A6FE39
:10024000401C60600020002106F08AFEE0601FBDB7
:1002500010B510BD01F0B2F81146FFF7E9FF06F046
:1002600017FE01F011FC03B4FFF7F2FF03BC01F02D
:100270003FFE00000948804709480047FEE7FEE7C7
:10028000FEE7FEE7FEE7FEE7FEE7FEE7FEE7FEE746
:1002900004480549054A064B7047000041610008C3
:1002A000ED00000868080020680E0020680A0020A1
:1002B000680A00201CB50C46064B7B44694600903A
:1002C000204600F042F904460020694600F050F94B
:1002D00020461CBDB3020000014A00F083BB0000B1
:1002E000580100204FF0000200B513469446964690
:1002F000203922BFA0E80C50A0E80C50B1F1200139
:10030000BFF4F7AF090728BFA0E80C5048BF0CC0E6
:100310005DF804EB890028BF40F8042B08BF704744
:1003200048BF20F8022B11F0804F18BF00F8012BB6
:10033000704700004FF0013C50F8042B51F8043B8B
:100340009A4221D1A2EB0C03934313EACC1317D1A9
:1003500050F8042B51F8043B9A4215D1A2EB0C0340
:10036000934313EACC130BD150F8042B51F8043B00
:100370009A4209D1A2EB0C03934313EACC13DBD0CE
:100380004FF00000704700BFD01A01BAB1FA81F1F6
:1003900001F0180122FA01F0CB40C1F12001DBB2DB
:1003A000C0B2C01A2CFA01F3D11A914311EAC31159
:1003B000E6D17047704770477047000000487047AB
:1003C0000808002010B5FFF7F9FF006810BD10B550
:1003D0000446FFF7F3FF046010BD70B5044685695D
:1003E0000068C10601D5302600E02026C00707D0EE
:1003F00070BDD4E9012130469047206A401C20623C
:100400006D1EF6D570BD70B5044685690078C007CD
:1004100007D170BDD4E9012120209047206A401CFB
:1004200020626D1EF6D570BD09684A0501D540B23F
:100430007047C905FCD500B2704709684A0501D567
:10044000C0B27047C905FCD580B2704770B50C4684
:100450000546012A05D02878800600D5EA690023E0
:1004600002E0012305E05B1C934202D2E05C00281D
:10047000F9D1A869E618C01AA861286A1844286248
:100480002846FFF7AAFF04E0D5E9012114F8010B83
:100490009047B442F8D32846FFF7B5FF70BD00007F
:1004A0002DE9F0410646002410687529314616A54D
:1004B00010D0FFF7B9FF002802DA404213A507E089
:1004C00031688A0701D512A502E0490704D511A5B4
:1004D000012401E0FFF7B1FF00210A2206F1240701
:1004E00009E0B0FBF2FCB0FBF2F302FB1C00303081
:1004F00078541846491C0028F3D123462A46304632
:10050000BDE8F04100F0EABA000000002D00000054
:100510002B0000002000000011680268006A5305EB
:1005200001D508700AE0D30501D5088006E013065E
:1005300003D5C217C1E9000200E00860012070473E
:1005400001694A1C02610878704700B58FB0CDE997
:1005500001310021059105497944CDE90310114687
:10056000684600F029F90FB000BD0000E5FFFFFF6D
:100570000A6802F8010B0A60704700002DE9FF5F6E
:1005800015468A460446DFF8AC80F8440027D8E9CF
:1005900000103E46CDE9001010E03AF816106A4609
:1005A00002A800F0CDFE411C07D02178890603D5B2
:1005B000E269391891420DD80744761C20788006EC
:1005C00002D5E069B84205DDAE42E6DB3AF8160036
:1005D0000028E2D1A069C01BA0612046FFF7FDFE04
:1005E000D8E90010CDE90010002017E03AF8181003
:1005F0006A4602A800F0A4FEB0F1FF3F81460BD08E
:1006000000250DF1080B05E0D4E901211BF80500D8
:1006100090476D1C4D45F7D308F10100B04280466C
:10062000E4DB206A384420622046FFF7ECFEBDE898
:10063000FF9F0000EE8800002DE9F0418046D21DAA
:1006400022F007020025D2E90002F52915A614D0F0
:10065000011E72F1000106DA0023D0EB030063EB08
:10066000020211A608E0D8F800108B0701D50FA6EA
:1006700002E0490701D50EA601251146002408F124
:10068000240704E000F0DCF930323A55641C50EAEB
:100690000102F7D12B46324621464046BDE8F041E3
:1006A00000F01CBA000000002D0000002B0000002C
:1006B0002000000030B4002100F1240408E002F022
:1006C0000705D208303542EA4372DB086554491CFD
:1006D00052EA0305F3D10468002310A2250707D5C9
:1006E000A40600D421B1C46901230DA2641EC46113
:1006F00030BC00F0F3B910B5044621461068FFF78E
:100700009CFE02462046BDE810400023D2E7D21DE1
:1007100022F00701D1E90023CCE70000000000002F
:1007200030000000F0B40D460188090502D5214CC7
:100730007C4402E01F4C7C440E34002100F124066E
:1007400008E002F00F071209E75D42EA03721B0995
:100750007754491C52EA0307F3D1027800231207A9
:1007600004D5702D06D009B1022311342246F0BC05
:1007700000F0B4B901231034F8E770B504460D4613
:1007800021461068FFF759FE024629462046BDE87B
:1007900070400023C6E7D21D22F00703D3E90023EF
:1007A000C0E70368126843F0200303600823C361B5
:1007B0000023B7E7508700002DE9F05F8946044623
:1007C0004FF0000ADFF874B1FB44C0F820A02046C7
:1007D000E1688847002874D0252806D0D4E9012193
:1007E0009047206A401C2062F1E700265F462046C1
:1007F000E16888472028054607DB312D05D27819A6
:1008000010F8200C08B10643F1E7B00701D526F037
:100810000406C4F81CA00027C4F818A02A2D09D08B
:10082000284606F0E2F838B304EB8708303DC8F8F4
:10083000185019E059F8041B204604EB8702916117
:10084000E1688847012F054618D1E069002820DAC1
:1008500026F020061DE0D8F8180000EB800005EB1C
:1008600040003038C8F818002046E168884705463F
:1008700006F0BBF80028EED1012F0AD02E2D08D1AA
:100880002046E16888477F1C0546022F46F0200677
:10089000C4DBA069002803DA404246F00106A061EB
:1008A000F00701D026F010066C2D0BD0682D09D072
:1008B0004C2D39D06A2D35D0742D35D07A2D33D0CA
:1008C00016E038E0E1682F4620468847B8420546E2
:1008D00009D16C2F26D04FF48060E1680643204692
:1008E0008847054604E06C2F1AD04FF48070064309
:1008F0000DB3A5F14100192802D8203546F4006651
:100900004A462946204626604E46FFF749FC80B1FC
:1009100001280BD0F61D26F0070000F1080956E764
:100920004020E4E78020D8E70020D6E706F104095C
:100930004DE7284652E7206ABDE8F09FE0860000B8
:100940000FB4002300B589B00CA900910B99CB60BE
:10095000214B7B440693214B7B44079304236FF088
:100960000042CDE901321E4A7A446B4608920246A3
:10097000002007F019FB09B05DF814FB70B50646BE
:100980004FF0FF3015460C46324686B00091CDE957
:10099000010169460020049004A8FFF7D1FF024638
:1009A0000498211825B108B1084600E020462860C7
:1009B000049800280DD0002A02DD0098884208D053
:1009C0003246081B69460094CDE9010404A8FFF7EC
:1009D000B7FF06B070BD0000AB090000C3090000FE
:1009E0005F0100002DE9F04115460E46040002D1DA
:1009F0002C6804B90BA4204600F0D2FC04442078F3
:100A000070B127463146384600F0BAFC04442078DD
:100A100010B1002004F8010B38462C60BDE8F081CD
:100A20000027F9E700000000004870470808002090
:100A300010B500F0E9FC001D10BD00BF51650000BD
:100A400030B5B0F10A024FEA900E71F100034EEAA0
:100A5000817EB0EB0E0061EB91014FEA101E4EEA71
:100A6000017E10EB0E0041EB11114FEA102E4EEA01
:100A7000016E10EB0E0041EB11214FEA104E4EEAD1
:100A8000014E10EB0E0041EB1141401841F1000105
:100A90004FEAD00040EA41704FEAD10110EB8005E7
:100AA0004FEA810444EA907444EB01046D1944EB6D
:100AB0000404521BA3414FF0000348BF0A3200D583
:100AC00030BD401C41F1000130BD10B50446FFF7B8
:100AD000AFFF0068005D00F0010010BD2DE9F04798
:100AE0000D4699469246044600F12408016888069E
:100AF00004D5E06921F01001216000E00120A84246
:100B000001DD471B00E00027A1697A1902EB09000B
:100B1000081AA0612078C00602D42046FFF75DFCC9
:100B2000002608E0D4E901211AF806009047206A5F
:100B3000401C761C20624E45F4DB2078C0060AD5A6
:100B40002046FFF74AFC06E0D4E901213020904717
:100B5000206A401C2062381EA7F10107F4DC07E080
:100B6000D4E9012118F805009047206A401C206252
:100B7000281EA5F10105F3DC2046FFF744FC207890
:100B8000000602D50220BDE8F0870120FBE7704790
:100B90002DE9FF4F0C461E464FF0FF378BB0D2E9D0
:100BA0000001DDF860800A908A46C1F30A5505B954
:100BB0003D46002108464FF00000BAF1000F00F456
:100BC000400005DA00EB80004FF4400101EA5000DC
:100BD0004FEA9059B9F1010F00DDB9460A9850EA81
:100BE0004A000ED044F61050A5F2FF3545432F14AD
:100BF000B8F1000F1ED07542291E1EDDC9F100029A
:100C00001CE0B8F1010F4FF0000001D0302103E0EB
:100C1000F24305E02154401CB042FBDB3046002289
:100C2000002121540B99C1F80880C1E900200FB0C0
:100C3000BDE8F08FBD1B6D1CDEE74A4600DA694255
:100C400006A800F0AFFE06AB93E8070003AB83E80D
:100C5000070050460A9901F065F98DE80700A0F5F4
:100C600000501F3800900398002D0ADD42F21F014A
:100C70004A460844002303A90390684601F010FC8B
:100C800009E0A0F500504A461F38002303A903904D
:100C9000684601F02FFC8DE807000004000C03D02B
:100CA0004FF0FF30410800E01046B8F1000F03D0CC
:100CB0000022009215461EE0751E05D4FFF7C0FE07
:100CC000303262556D1EF9D5B3460122084302D079
:100CD00000227F1C04E02078302801D100227F1EF2
:100CE000002A099784D01DE0112D07DAFFF7A8FE2E
:100CF000303262556D1C50EA0102F5D1084302D032
:100D00000098C8B10EE00021681E05E0235C625C1B
:100D100063542254401E491C8142F7DBAB46A81B9A
:100D2000401E0990002004F80B000B98099AC0F8A7
:100D30000880C0E9002B7AE711264FF0000857E73A
:100D40002DE9F04F88460446D21D22F0070191B0EC
:100D5000D1E90001CDE90A0105F03CFD02460B98FE
:100D6000C00F01D02D2007E02068810701D52B207E
:100D700002E0202101EAC000032A099001D0072ADD
:100D800005DB03464146204600F042FB0BE120789C
:100D9000800601D5E06900E00620B8F1650F8146C4
:100DA00006D0B8F1660F18D0B8F1670F70D131E0F6
:100DB0000020B9F1110F009001DB112301E009F1CE
:100DC00001030AAA01A90CA8FFF7E2FEDDE90C70F5
:100DD000002609F10105834647E001204B460090BB
:100DE0004FF000470AAA01A90CA8FFF7D1FEDDE9E0
:100DF0000DB00C995D46002610B909F101000D18DF
:100E0000B9EB050003D4C0F1FF3609F10105A5EBEC
:100E100009002BE0B9F1010F01DA4FF001090020C0
:100E2000B9F1110F0090484601DD112300E003469F
:100E30000AAA01A90CA8FFF7ABFEDDE90C704D462C
:100E400000268346207800070AD4AB4500DA5D46C9
:100E500001A8012D04DD411911F8011C302907D02A
:100E60004F4502DA17F1040F04DA012082460FE041
:100E70006D1EEEE7002F02DCED1B3E4403E0781C04
:100E8000A84200DD7D1CB81B00F1010A4FF00047AD
:100E90002078000703D4AA4501DB4FF0FF3A002178
:100EA000B7F1004F0DF143088DF8431024D0022014
:100EB0002B23002F01DA7F422D230A21021EA0F1ED
:100EC000010000DC5FB197FBF1FC97FBF1F201FB45
:100ED0001C7C17460CF1300C08F801CDEEE7A8F1A8
:100EE000010003702188090501D5452100E0652135
:100EF000A0F1010800F8011C09980FA9A1EB08074F
:100F0000FF1D00B10120411901EBEA70A1693844CD
:100F1000081A401EA0612078C00602D42046FFF7C0
:100F20005CFA099828B1D4E901219047206A401C55
:100F300020622078C00622D52046FFF74EFA1EE038
:100F4000002E04DBB34502DD01A8805D00E0302007
:100F5000D4E901219047206A401C2062761CAAF146
:100F600001005FEA000A0AD100F04EFAC068016889
:100F7000405CD4E901219047206A401C2062281E71
:100F8000A5F10105DCDC07E0D4E9012118F8010B2B
:100F90009047206A401C2062381EA7F10107F3DC4D
:100FA0002046FFF730FA032011B041E62DE9F04F5B
:100FB00004460D46D21D22F0070089B0D0E9009703
:100FC0004846394605F006FC0246F80F01D02D23AD
:100FD00007E02068810701D52B2302E0202101EAE8
:100FE000C0038DF820300BB1012000E00020032A5F
:100FF000824601D0072A04DB2946204600F008FA81
:101000003FE12078800601D40D2500E0E569C7F3B3
:101010000A560D2D49DA00214FEA175B08464FF0BA
:101020000000002F00F4400007DA00EB80004FF4CE
:10103000400100EBD07001EA60008115012901DD5B
:101040004FF0FF3100224FEA850CBCF1180F06D398
:101050001346ACF118004FF08052C24003E04FF449
:10106000801323FA0CF30CF10C0CBCF1200F04D309
:10107000ACF1200C09FA0CF001E007FA0CF00029A1
:101080004FF0004801DD18B90FE00ED140450CD3F8
:1010900019EB02095F4121B9404502D19F4329EA7A
:1010A0000209BBEB175F00D0761C2088000502D533
:1010B0007B48784402E07A487844193808AA3023FB
:1010C00002F80A30037C0AF10101002E0AF1020A3B
:1010D00053546A4602DC4FF0300101E04FF0310119
:1010E0004FF001088DF8001002D0A6F2FF3603E0A1
:1010F00059EA470100D06B4E002D02DC2178090728
:1011000004D54FF002082E218DF80110C4460021AD
:101110000BE0C7F303433F01C35C491C6D1E02F89B
:101120000830052908F1010801DA002DF1DC002161
:101130000CE000EB1973491C1B786D1E082902F89E
:1011400008304FEA091908F1010801DA002DF0DC36
:1011500021688B0602D516E0A8F10108E04505DDFF
:1011600002EB080313F8013C302BF5D0B8F1000F67
:1011700009DD02EB080313F8013C2E2B03D109070C
:1011800001D4A8F10108002D05DD3E2102F8081068
:101190006D1E08F10108407C002E02F8080008F1DD
:1011A000010804DA2D20764202F8080002E02B2024
:1011B00002F808000A214FF47A70864208F101080B
:1011C0000BDB96FBF0F3303302F8083096FBF0F3BC
:1011D00008F1010800FB136601E0642E0CDB6420BB
:1011E00096FBF0F3303302F8083096FBF0F308F189
:1011F000010800FB136601E00A2E06DB96FBF1F006
:10120000303002F8080008F1010896FBF1F001FB0C
:101210001060303002F80800A16908F1010808EBFD
:10122000050202EB0A00081AA0612078C00602D469
:101230002046FFF7D2F8216A08AE01EB0A002062CF
:1012400004E0D4E9012116F8010B9047BAF1010A34
:10125000F7D22078C00602D52046FFF7BEF86E46CA
:1012600009E016F8010B3E280FD0D4E90121904780
:10127000206A401C2062B8F10108F2D22046FFF734
:10128000C2F809B00320BDE8F08F206A284420622C
:1012900003E0D4E90121302090476D1EEBD3F8E73D
:1012A000BD7E000002FCFFFF10B5436913B1AFF330
:1012B000008001E0FFF7CAF8012010BD127800F1AC
:1012C00024010A7000224A700122EDE711684FF0F4
:1012D000FF32E9E710B5436913B1AFF3008001E0D5
:1012E000FFF74CF9012010BD128800F1240182841F
:1012F0000022C2840122EDE711684FF0FF32E9E7D6
:10130000426842B1016811F8013B23B1521EC0E9A5
:101310000012184670470121C160881E704742685C
:101320005AB1C368016843B983688B4205D0491E2E
:10133000521CC0E90012002070474FF0FF30704788
:1013400070B516460C460546FFF772FB036893F826
:101350000101012806D0FF2C0FD8185D68B10120CB
:101360002C7070BDD3F807013246214603F20713F3
:1013700003442846BDE8704018474FF0FF3070BD69
:1013800030B503461D781DB10A4603E0AC4201D1D9
:10139000181A30BD12F8014B002CF7D15B1CF1E795
:1013A00030B503461D783DB10A4612F8014B1CB119
:1013B000AC42FAD15B1CF5E7181A30BD7546FFF751
:1013C00033FBAE4605006946534620F007008546CC
:1013D00018B020B5FEF75CFFBDE820404FF00006D6
:1013E0004FF000074FF000084FF0000B21F007010D
:1013F000AC46ACE8C009ACE8C009ACE8C009ACE850
:10140000C0098D467047000000487047280800203A
:101410002DE9F0411F46044603260168072A01F41E
:10142000006004DB08B116A505E016A503E008B1CD
:1014300015A500E015A521F010002060A069C01ED0
:10144000A0610FB1401EA0612046FEF7C6FF4FB15C
:10145000D4E9012138469047206A401C2062C01C14
:10146000206206E0206AFAE7D4E9012115F8010BB1
:101470009047761EF8D22046FEF7C5FFBDE8F08102
:101480004E414E006E616E00494E4600696E660028
:101490003A2800D2303820F02002412A01D3A2F1AC
:1014A0003700884201D34FF0FF3070472DE9FF4FDE
:1014B00006468BB00878FF2806D0491C2D2805D099
:1014C00000244FF0000908E000200CE00124F8E7B8
:1014D00009EB8903491C00EB43090878FF28F7D181
:1014E00014B1C9F100008146107800252C46AA46A7
:1014F00029462D2801D02B2804D1521C2D2813D089
:10150000002082468B461078FF280FD04FF0000C49
:101510000A21521CA5FB017804FB018105FB0C117B
:10152000C5194BEB0104EEE70120EAE7002108466C
:101530004FF00000BAF1000F02D000EB800040082D
:10154000C0F38157012F01DD4FF0FF370E9955EAA7
:10155000040009EB01080BD04FF0020918F5FA7FDF
:1015600016DA4FEACA70002F706008DD012007E02C
:101570004FEACA70C6E900B00FB0BDE8F08F002096
:101580003060FEF71BFFC0F800901821084616E0F7
:10159000B8F5FA7F18DD002F02DAF748784401E049
:1015A000F6487844D0E90010C6E9001040EACA7055
:1015B0007060FEF703FFC0F80090142108460FB0DA
:1015C000BDE8F04F06F089BC002108464FF000004E
:1015D000B8F10001099002DAC7F1000200E03A46D2
:1015E00001DAC8F1000106A800F0DCF906AB93E8C7
:1015F000070003AB83E8070044F23E005BEA040106
:101600000090584604D144F21E012C465D460091DC
:10161000210C0904014306D10099240444EA15442D
:101620002D041039009104F07F41014306D1009947
:10163000240244EA15642D020839009104F0704137
:10164000014306D10099240144EA15742D01091FB4
:10165000009104F04041014306D10099A40044EAFE
:101660009574AD00891E009104F00041084304D137
:1016700000986D196441401E00904FF001033A46F6
:101680006846B8F1000FCDE9014503A902DD00F07D
:1016900046FF01E000F019FFBAF1000F04460D46C5
:1016A00001D084F00044002108464FF00000099961
:1016B00040F2FF77484010F00C0F07D124F00040B3
:1016C000284303D0C4F30A50B84212D1FEF776FE85
:1016D000C0F80090C4F30A50B8420AD1A848784430
:1016E000D0E90010C6E9001004F000410843706022
:1016F00042E7C6E900543FE72DE9FF4F1F464FF090
:10170000000A4FF0FF38454691B0D7E90146CDF8C1
:101710003CA0FFF779FEC0680168405C1090B96991
:1017200012986D1C8847396A814688470028F6D18F
:10173000B9F1FF3F0AD0002E24F4D06411DDB9F1D5
:101740002B0F08D0B9F12D0F0BD102E0404615B098
:1017500013E744F48064B96912986D1C8847761EBB
:101760008146600504A901D52D2000E02B20002E24
:1017700001F1010B0DF130088DF810003FDDB9F1DA
:10178000690F08D0B9F1490F05D0B9F16E0F02D039
:10179000B9F14E0F1CD13B4601A8009580E85002DC
:1017A000DDE912126FF0020006F002FCC11CCED17E
:1017B0000EE0B96912986D1C884781461398761E11
:1017C00044F4007405600F98401C002E0F9016DD45
:1017D000B9F1300FEDD0B9F1780F02D0B9F1580F4F
:1017E0000DD10F9801280AD13B46CDE90054DDE91F
:1017F0001212001F029606F0D9FBC11CA7D1109946
:1018000089453ED144F0800406E01399681CAAF192
:10181000010A44F400740860B9696D1C1298761EC0
:10182000884730288146F0D02BE01099894505D1B2
:10183000200603D4761E44F0800418E0484605F0E4
:10184000D4F808B3761E0DF123018B4544F40074DF
:1018500008D2A9F130000BF8010B200607D5AAF138
:10186000010003E0200602D40AF101008246A0052F
:1018700002D51399681C0860B96912986D1C8847D5
:101880008146002ED1DC53E0002E51DDB9F1650F09
:1018900002D0B9F1450F4BD1A00549D5B9696D1CEE
:1018A0001298761E24F440748847002E81460CDD81
:1018B0002B2804D0B9F12D0F07D144F48074B969F5
:1018C00012986D1C8847761E8146E00501D52D21B2
:1018D00000E02B2108F8011BCDF8008021E0761EE6
:1018E0000DF13901884544F400740CD2A9F130009F
:1018F00010F0FF0088F8000002D10099884509D94E
:1019000008F1010806E0E00501D51E4801E042F2B9
:101910000F708246B96912986D1C884781461398EA
:101920000560002E04DD484605F05FF80028D6D19A
:10193000F96912988847FF2053468BF8000088F811
:10194000000000200A900B9004AA0CA90AA8FFF737
:10195000ADFDA00502D46FF00100F8E614F0240FED
:1019600012D0E0071CD13868DDE90A12031D3B6084
:101970000068C0E9001213E0A47A0000967A000023
:101980005A790000F1D8FFFF0AA9684604F0BCFFAD
:10199000E00705D13868009A011D396000680260CF
:1019A0002846D4E62DE9F047814616468AB03548E8
:1019B00078440DC88DE80D0032487844801C03AC93
:1019C0000DC884E80D0041F69B300844372190FB98
:1019D000F1F290FBF1F5A5F1800501FB12041B3C2F
:1019E00002D56442012000E00020DFF898A0804684
:1019F0000027FA44AAF1BE0A0EE0E0070AD03246F8
:101A0000684607EB470101230AEB810100F072FDF4
:101A10008DE8070064107F1C002CEED1194F7F4425
:101A2000AE3F19E0E80715D007EB04100DF1180AD6
:101A300090E80E008AE80E00C068F04201D19819C3
:101A400008903246012306A903A800F053FD03AB1A
:101A500083E807006D10641C002DE3D14FF00103F3
:101A600032466946B8F1000F03A802D000F018FD15
:101A700001E000F03FFDC9E90001C9F808200AB003
:101A8000BDE8F0875076000010B50446AFF3008043
:101A90002046BDE81040FEF7E6BB00002DE9FF4FF1
:101AA0001F464FF03C0987B04FF00042DDE91410AB
:101AB00001F10108DDF858A002EA4050039000202F
:101AC00005908346054604460490B969461E089869
:101AD0008847AAF1010A0290BAF1000F3BDD029893
:101AE0002E2815D01021FFF7D3FC00282EDB4FF055
:101AF000010B0599014317D0B9F1000F0BDB4A46E2
:101B0000C11700F0FBF905430C43A9F1040905E0F6
:101B1000012004900BE008B145F00105012005907B
:101B2000049820B9361D02E0049800B1361FB96947
:101B3000089808F101088847BBF1000FAAF1010AD3
:101B40000290C9D00999C1F80080C5E702987028B1
:101B500008D0502806D0F96908988847BBF1000FD3
:101B600014D04FE0002002900120BBF1000F049040
:101B700009D0B969089808F101088847AAF1010954
:101B8000B9F1000F07DCF969089888476FF0010088
:101B90000BB0BDE8F08F2B2804D02D280CD14FF0CE
:101BA000FF300490B969089808F101088847A9F145
:101BB0000109B9F1000FE6DD411CE4D00A21FFF76D
:101BC00067FC0028DFDB029908F1010801EB8101C5
:101BD00000EB41000290B969089888470A21FFF795
:101BE00057FC099AA9F10109B9F1000FC2F8008068
:101BF00001DD0028E7DAF969089888470499029816
:101C000000FB016655EA040004D004F040410900DD
:101C100002D006E0039898E0A40044EA9574AD0071
:101C2000B61E04F00041080002D16D196441761E11
:101C3000159810F0240F03D04FF00B095C4803E017
:101C40004FF028096FF07D008246564507DAAAEB6F
:101C500006018944B9F1410F01DD4FF0410901202E
:101C60000021A9F1010200F049F9024628400B4683
:101C70002140084301D0012100E00021501E0291C3
:101C800043F1FF3128402140084301D0012000E00A
:101C900000200299834651EA0B014FD000210846EB
:101CA0004FF00000039900F4400039B100EB8000D0
:101CB0004FF4400100EBD07001EA6000801501286C
:101CC00002DD4FF0FF3000E013D0401C36D0029808
:101CD00060B3BBF1000F0CD14A460120002100F097
:101CE0000DF928402140084301D0012000E00020E8
:101CF000E0B101204A46002100F000F903464019F6
:101D00000A4661412D1A8C4111D3B9F1400F09DD0A
:101D1000159810F0240F02D0AAF1340603E0AAF1BE
:101D2000170600E0761C00254FF0004406E05B1E1D
:101D300042F1FF3220EA030521EA0204CAF1010060
:101D4000B04206DA1B490398084301900020009036
:101D50000EE0039AC4F3D321E80A0A43164940EA85
:101D600044500A433146CDE90002684604F032FE91
:101D7000159810F0240F0BD01598C00715D13868AE
:101D8000DDE90012031D3B600068C0E900120CE0B1
:101D900002A8694604F0B8FD1598C00705D1386857
:101DA000029A011D3960006802604046F0E60000BA
:101DB00002FCFFFF0000F07F0000F03F2DE9FF4F25
:101DC00092461D4685B04FF00041DDE9124BDDE93A
:101DD00014727F1E01EA4B50414940F0FF4940EA2E
:101DE0000108002122F020004928049102D04E2849
:101DF00028D04CE03BA0012607C88DE80700A96960
:101E00000698641C88477F1E014606D41DF806000C
:101E100018B121F0200181420BD0E969069888476A
:101E2000032E34D0082E32D06FF0010009B0BDE887
:101E3000F08F761C032E01D0082EE0D1601CCAF86A
:101E40000000DCE7A9690698641C88477F1E2AD435
:101E500020F02000412826D1A9690698641C8847F3
:101E60007F1E20D420F020004E281CD1A96906989E
:101E7000641C88477F1E48F4002849F48009CAF88A
:101E8000004001D4282806D0E969069888475FEA0F
:101E9000CB7012D022E0A9690698641C88477F1E87
:101EA00001D4002803DAE96906988847BCE72928A5
:101EB000F1D1641CCAF80040E9E71BF0240F07D0F9
:101EC00028680499031D2B600068C0E9001805E02C
:101ED0002868021D2A600068C0F800902046A5E727
:101EE0000000F07F494E46494E4954590000000019
:101EF00001491820ABBEFEE726000200B2F1200324
:101F00000AD5C2F1200301FA02F120FA03F300FA24
:101F100002F041EA0301704700FA03F14FF00000BC
:101F2000704770475FEA400C08BF91F0000F4FEA1E
:101F30008C234FEAC12243EA51514FEA1C5018BF8B
:101F400000F5F0404FEA300018BF41F000415FEA71
:101F50006C5C00F02980BCF1FF3F08BF40F080407E
:101F60007047130C06BF12044FF0100C4FF0000C1A
:101F7000130E04BF12020CF1080C130F04BF120160
:101F80000CF1040C930F04BF92000CF1020CD30F60
:101F900004BF52000CF1010C11464FF00002A0F1F9
:101FA0001F00A0EB0C00704711F0004F08BF7047F6
:101FB00031F000413FF4D5AF0B0C06BF09044FF0E0
:101FC000100C4FF0000C0B0E04BF09020CF1080CB2
:101FD0000B0F04BF09010CF1040C8B0F04BF890027
:101FE0000CF1020CCB0F04BF49000CF1010CCCF139
:101FF0002003A0EB0C0022FA03F302FA0CF241EAF0
:10200000030100F10100704720F07F4C80EA0300DB
:1020100023F07F47ACEB070303F57C5300F000404F
:1020200003F1FF032DE980494FEA154B09B44FEA4C
:10203000144325EA0B4E24EA03480FF2042606EB6C
:10204000132749083E785FEA320203FB0667C7F5AB
:10205000000707FB06F64FEA54374FEAD64606F16B
:10206000020607FB066CCCF1005C4FEA1C472CEA29
:10207000074C07FB06F40CFB06F504EB15464FEA8C
:10208000961634BF00204FF000404FEAD13706FBD0
:1020900007FC4FEA1C4C0CFB0BF7D21B03FB0CF7A5
:1020A00061EB07010CFB0EF7B0EB074072EB174238
:1020B0000CFB08F734BFA2EB0742B2EB074261EB1F
:1020C00017414FEA0C444FEA910706FB07FC4FEA21
:1020D0001C4C0CFB0BF7B0EBC74072EB573203FB09
:1020E0000CF734BFA2EBC742B2EBC74261EB5731EA
:1020F0000CFB0EF7B0EBC70072EB57720CFB08F746
:1021000034BFA2EBC702B2EBC70261EB5771039F6A
:102110004FEA816141EA921104EBCC044FEAD137D6
:102120004FEA826206FB07FC42EA90124FEA8060A7
:102130004FEA1C4C0CFB0BF7D21B03FB0CF761EBBB
:1021400007010CFB0EF7B0EB074072EB17420CFBDC
:1021500008F734BFA2EB0742B2EB074261EB17412D
:102160004FEA8C554FEA910704EB9C2406FB07FCD1
:102170004FEA1C4C0CFB0BF7B0EBC74072EB57322D
:1021800003FB0CF734BFA2EBC742B2EBC74261EBD3
:1021900057310CFB0EF7B0EBC70072EB57720CFB1C
:1021A00008F734BFA2EBC702B2EBC70261EB57716D
:1021B00015EB4C254FEA816141EA92114FEA8262A8
:1021C0004FEAD13742EA901206FB07FC44F10004C3
:1021D0004FEA80604FEA1C4C0CFB0BF7D21B03FB51
:1021E0000CF761EB07010CFB0EF7B0EB074072EB4D
:1021F00017420CFB08F734BFA2EB0742B2EB0742D1
:1022000061EB174115EB1C154FEA813141EA924110
:102210004FEA823242EA90424FEA80304FEA0C762F
:1022200044F1000448EA03434EEA0B484FF0000E25
:10223000B2EB080C71EB030724BF624639464EEB44
:102240000E0E4FF0000B0018524149414BEB0B0BA7
:10225000B2EB080C71EB03077BF1000B24BF624665
:1022600039464EEB0E0E4FF0000B0018524149411B
:102270004BEB0B0BB2EB080C71EB03077BF1000B84
:1022800024BF624639464EEB0E0E51EA020718BFD4
:1022900046F0010616EB0E7655F1000254F10001EE
:1022A00003D5BDE88901BDE80088BDE88901BDE826
:1022B0000048B619524141EB0101A3F101037047F7
:1022C00080807F7E7D7C7B7A797877767675747373
:1022D000727171706F6E6E6D6C6C6B6A6A69686832
:1022E000676666656464636362616160605F5F5EC8
:1022F0005E5D5D5C5C5B5B5A5A595958585757563E
:1023000056555555545453535252525151505050A2
:102310004F4F4F4E4E4D4D4D4C4C4C4B4B4B4A4AF4
:102320004A49494948484847474747464646454538
:102330004544444444434343434242424241414171
:1023400046EA0646A3F570534FEA164646EA425659
:102350004FEAD22242EA415210B54FEAD121A3F10D
:10236000010300F02FF820F0004000F1020C00F013
:10237000004701EB00501146BCF5006F40EA070032
:1023800000D210BDBAF1000F0AD01CB503B44FF053
:1023900004004FF004014FF000000FBCBDE81040F6
:1023A0004FF00001BBF1010FB9BF04484FF0FF31FE
:1023B0000348002140EA070010BD00BFFFFFEF7F88
:1023C0000000F07F002B9C4630D477002BD01CB54A
:1023D0004FEA370703B44FF010004FF01001BAF185
:1023E000000F06D0BCF1000FDCBF40F0080040F049
:1023F00008014FF000000FBCBDE810400BF1010BCD
:10240000BBF1010F08BF5FEA170722BF12F10102FB
:1024100011F101014FF0004143F1000300F00040D1
:1024200043EA00007047F9D35708D0E746EA06466A
:1024300013F1400F4FEA16461FDD13F1200FDFBFE7
:1024400016430A46002120335B42BED0C3F1200769
:1024500046EA064602FA07F74FEA164646EA070634
:10246000C3F1200722FA03F201FA07F721FA03F178
:102470004FF0000342EA0702A7E746EA020646EAEF
:1024800006464FEA164646EA0106BCBF46EA06463D
:10249000360C4FF000034FF000024FF0000194E7BC
:1024A0002DE9804C9A46934670B491E8380007C8ED
:1024B00031EA400C48BF34EA430C03D5FFF7A4FDD2
:1024C000FFF780FFF0BCBDE8008C2DE9804C9A46F8
:1024D000934670B491E8380007C831EA400C48BF11
:1024E00034EA430C03D5FFF78FFDFFF729FFF0BC5B
:1024F000BDE8008C2DE9804C9A46934670B491E873
:10250000380007C810F0804F08BF13F0804F03D188
:1025100000F01AF8FFF756FFF0BCBDE8008C2DE97B
:10252000804C9A46934670B491E8380007C810F082
:10253000804F08BF13F0804F03D100F005F8FFF77C
:10254000FFFEF0BCBDE8008C20F07F4780EA03006E
:1025500023F07F4C07EB0C03A3F57C5300F0004005
:10256000A3F1FE0392F0000F00F0B38095F0000F8E
:1025700000F077802DE901494FEA11404FEA1446F7
:1025800021EA004800FB06FC24EA064708FB06F6A1
:1025900007FB08F800FB07F718EB06484CEB164C56
:1025A0004FEA124B18EB07484FEA15464CEB174021
:1025B00022EA0B4E0BFB06FC25EA06470EFB06F64D
:1025C00007FB0EFE0BFB07F71EEB064E4CEB164C03
:1025D0004FF000061EEB074E4CEB174B18EB0B08A9
:1025E00040F1000018EB0E0B58EB000840F1000022
:1025F0008F1A4FF000013CBFC943661B14BFB5EBF7
:10260000040C00213CBFC943F61B4FEA17444EEAB5
:102610008E0E27EA04454FEA1C4704FB07622CEAAA
:10262000074C05FB07F70CFB05F604FB0CFC16EB4F
:10263000074642EB174216EB0C4642EB1C421BEBE3
:10264000060658EB0202414146EA9E0601D5BDE866
:102650000189B619524141EB0101A3F10103BDE823
:1026600001894FEA14454FEA114724EA054621EA59
:10267000074C05FB07F406FB07F70CFB06F105FB0F
:102680000CFC11EB074144EB17444FEA124711EBE6
:102690000C4144EB1C4422EA074C05FB07F206FB05
:1026A00007F70CFB06F605FB0CFC16EB074642EBA6
:1026B000174216EB0C4642EB1C456A1854F1000118
:1026C00048BF7047B619524141EB0101A3F1010324
:1026D000704795F0000F37D04FEA11424FEA144788
:1026E00021EA024624EA074C02FB07F106FB07F742
:1026F0000CFB06F402FB0CFC14EB074441EB174106
:102700004FEA154714EB0C4441EB1C4125EA074CFA
:1027100002FB07F506FB07F70CFB06F602FB0CFCB9
:1027200016EB074645EB174516EB0C4645EB1C42EE
:10273000121951F1000148BF7047B619524141EBDF
:102740000101A3F1010370474FEA14454FEA114715
:1027500024EA054621EA074C05FB07F106FB07F7CB
:102760000CFB06F24FF0000605FB0CFC12EB0742D7
:1027700041EB174112EB0C4251EB1C4148BF704733
:10278000921841EB0101A3F10103704710B501223A
:102790000249034802F06AFA10BD0000350000202B
:1027A000180300200FB400B59BB01DA8019002A82B
:1027B000019A1C99FDF77EFD0020019002A800F00F
:1027C0000FF81BB05DF814FB01B54FF0FF33012289
:1027D0006946024802F0B0FA08BD00001803002064
:1027E00070B50446002504E0605DFFF7EDFF681C4E
:1027F00085B2605D0028F7D170BD00002DE9F04181
:102800005D48007801287DD15CA15D48FDF764FD3D
:1028100080465CA14046FDF78DFD002873D157A18D
:10282000FDF75AFD064655A10020FDF755FD074668
:1028300056A13046FDF77EFD80B9384604F0ACFA6B
:10284000044604F0B9FB53490861384604F0A4FA81
:10285000044604F0B1FB5049086185E04FA13046C1
:10286000FDF768FD80B9384604F096FA044604F096
:10287000A3FB48498861384604F08EFA044604F008
:102880009BFB454988616FE046A13046FDF752FD4C
:1028900080B9384604F080FA044604F08DFB3D49C7
:1028A0004861384604F078FA044604F085FB3A495A
:1028B000486159E03DA13046FDF73CFD80B93846FE
:1028C00004F06AFA044604F077FB3B490861384695
:1028D00004F062FA044604F06FFB3849086143E0F3
:1028E00037A13046FDF726FD98B9384604F054FA72
:1028F000044604F061FB30498861384604F04CFA24
:10290000044601E035E030E004F056FB2B498861D5
:102910002AE02EA13046FDF70DFD80B9384604F0BF
:102920003BFA044604F048FB23494861384604F06A
:1029300033FA044604F040FB2049486114E026A124
:102940003046FDF7F7FC78B9384604F025FA04461E
:1029500004F032FB18490860384604F01DFA0446BA
:1029600004F02AFB1549086000BF002002490870E6
:1029700000BFBDE8F0810000340000202C00000002
:10298000A4030020736C6964657200004D314B70C4
:102990000000000064000020A00000204D314B64C6
:1029A000000000004D314B6900000000416E676C73
:1029B00065314B7000000000DC0000201801002091
:1029C000416E676C65314B6400000000416E676CBE
:1029D00065314B6900000000746172676574000026
:1029E00000BFFEE710B500F0E1F80749486008466F
:1029F00003F0F1FA0449C86805F0ACF804B22046C7
:102A000002F05EFE10BD0000DC00002010B500F0FA
:102A1000CDF807494860084603F0DDFA0449C86864
:102A200005F098F804B2204602F074FE10BD0000D4
:102A3000180100202DE9FF5F34480088801F00B294
:102A4000324908803248B0F9000004F037FD824670
:102A50008B463048B0F9000004F030FD064652467F
:102A60005B4604F0D9F881F0004180462A4A2B4B9E
:102A700004F090FB04460022294B04F073FDCDE9DD
:102A8000020104F099FA274908602048B0F90000D3
:102A900004F014FD80460022234B04F07BFB064625
:102AA0000022224B04F05EFD0446214A214B04F033
:102AB00059FD82468B462048006804F07DFF52464F
:102AC0005B46CDE9000104F0A9FACDE9020104F06A
:102AD00073FA1A4908601A4801684FF07E5005F0F1
:102AE00087F9064615480168304605F083F8044624
:102AF0000C4801681248006805F07CF8054621463C
:102B000004F086FF0C490860BDE8FF9F0800002024
:102B100004000020000000206E861BF0F92109400F
:102B200000806640540000200000E04000409F40CC
:102B30007B14AE47E17A843F5C00002058000020FF
:102B40006000002010B5024800F0BAF810BD000087
:102B5000600300207047000004490968496A08B210
:102B60000021024A126851627047000040020020B2
:102B700004490968496A08B20021024A1268516290
:102B8000704700008802002010B53C21034801F086
:102B90001FFB3C21024801F01BFB10BD400200203E
:102BA0008802002072B600BFFEE7000001480068FE
:102BB000704700005C0000200146002291F82100CF
:102BC000022808D00420886300BF002081F820007C
:102BD00000BF012070470868006820F00E000B68F5
:102BE00018600868006820F001000B68186091F810
:102BF000403001209840CB6B5860012081F82100C3
:102C000000BF002081F8200000BF1046E2E700006E
:102C100070B50446002594F82100022803D0042052
:102C2000A063012548E02068006820F00E002168BC
:102C300008602068006820F00100216808601F49D2
:102C40002068884201D1012026E01C491431206807
:102C5000884201D110201FE018492831206888429D
:102C600001D1801518E015493C312068884201D116
:102C7000801411E0114950312068884202D14FF48C
:102C8000803009E00D4964312068884202D14FF458
:102C9000801001E04FF08070084908394860012039
:102CA00084F8210000BF002084F8200000BF606B82
:102CB00010B12046616B8847284670BD080002406D
:102CC00070B50446E06B05682068066894F840100B
:102CD000042088402840002846D006F00400002840
:102CE00042D02068006800F0200028B92068006801
:102CF00020F004002168086057492068884201D10B
:102D0000042027E0544914312068884201D1402032
:102D100020E0514928312068884201D1001519E08E
:102D20004D493C312068884202D14FF4804011E087
:102D3000494950312068884202D14FF4802009E08F
:102D4000454964312068884202D14FF4800001E097
:102D50004FF08060404908394860E06A00287AD026
:102D60002046E16A884776E094F8401002208840C7
:102D70002840A0B306F0020088B32068006800F085
:102D8000200040B92068006820F00A00216808602F
:102D9000012084F8210030492068884201D10220B6
:102DA00028E02D4914312068884201D1202021E0FB
:102DB000294928312068884201D140151AE0264966
:102DC0003C312068884202D14FF4005012E0224981
:102DD00050312068884203D14FF400300AE017E0F8
:102DE0001D4964312068884202D14FF4001001E08F
:102DF0004FF0007018490839486000BF002084F87F
:102E0000200000BFA06A30B32046A16A884722E0B4
:102E100094F84010082088402840E0B106F00800EF
:102E2000C8B12068006820F00E002168086094F89E
:102E3000401001208840E16B48600120A06384F8C5
:102E4000210000BF002084F8200000BF206B10B1DB
:102E50002046216B884770BD0800024001460022D1
:102E600009B901207047164B0868C01A1423B0FB3B
:102E7000F3F08000086412480838C863022081F823
:102E800021000868026843F6F0708243D1E901032B
:102E90001843CB6818430B6918434B6918438B6977
:102EA0001843CB6918430243086802600020886316
:102EB000012081F82100002081F8200000BFD1E727
:102EC000080002402DE9F8470346002294466EE1CF
:102ED0004FF0010808FA02F4D1F8008008EA040073
:102EE000A0427DD1DFF8DCA2D1F80480A8EB0A096A
:102EF000D0453AD014DCB8F1030F50D009DCB8F15A
:102F0000000F31D0B8F1010F1CD0B8F1020F49D138
:102F100020E0B8F1110F18D0B8F1120F42D11EE025
:102F2000B9F5881F25D006DCB9F5803F20D0B9F56A
:102F3000801F37D11AE0B9F5001F18D0B9F5041F6A
:102F400030D117E0D1F80CC02DE0D1F80C8008F199
:102F5000040C28E0D1F80C8008F1080C23E0D1F82B
:102F60000C8008F10C0C1EE000BF00BF00BF00BFCA
:102F700000BF00BFD1F80880B8F1000F02D14FF0B8
:102F8000040C0BE0D1F80880B8F1010F03D14FF029
:102F9000080C1C6102E04FF0080C5C6103E04FF08C
:102FA000000C00E000BF00BFFF2801D8984601E0F8
:102FB00003F104084646FF2802D84FEA820803E0DE
:102FC000A2F108084FEA88084746D6F800804FF07B
:102FD0000F0909FA07F928EA09080CFA07F900E0CD
:102FE00088E048EA0908C6F80080D1F8048008F0B3
:102FF0008058B8F1805F7DD100BFDFF8CC81D8F870
:10300000188048F00108DFF8C091C9F81880C84658
:10301000D8F8188008F00108CDF8008000BF00BF84
:103020004FEAB9384FEA920958F829504FEA8278A6
:103030004FEA18794FF00F0808FA09F825EA080551
:10304000DFF88881434502D14FF0000816E0DFF831
:103050008081434502D14FF001080FE0DFF8748111
:10306000434502D14FF0020808E0DFF86C81434588
:1030700002D14FF0030801E04FF004084FEA8279D3
:103080004FEA197908FA09F848EA0505DFF84C8192
:103090004FEA920948F82950D1F8048008F48018C2
:1030A000B8F5801F0AD1DFF83881D8F8008048EAE7
:1030B0000008DFF82C91C9F8008009E0DFF82081D2
:1030C000D8F8008028EA0008DFF81491C9F80080D9
:1030D000D1F8048008F40018B8F5001F10D1DFF80B
:1030E000008108F10408D8F8008048EA0008DFF8F9
:1030F000F09000E05AE009F10409C9F800800DE001
:10310000DFF8DC8008F10408D8F8008028EA00081D
:10311000DFF8CC9009F10409C9F80080D1F80480E7
:1031200008F40038B8F5003F0ED1DFF8B480A8F1FC
:103130000408D8F8008048EA0008DFF8A490A9F154
:103140000409C9F800800DE0DFF89480A8F10408B4
:10315000D8F8008028EA0008DFF88490A9F1040973
:10316000C9F80080D1F8048008F48038B8F5803FB1
:103170000ED1DFF86C80A8F10808D8F8008048EA82
:103180000008DFF85C90A9F10809C9F800800DE09B
:10319000DFF84C80A8F10808D8F8008028EA000879
:1031A000DFF83C90A9F10809C9F80080521CD1F859
:1031B000008028FA02F8B8F1000F7FF489AEBDE86C
:1031C000F8870000000011100010024000080140C4
:1031D000000C0140001001400014014008000140B3
:1031E00008040140024693680B400BB1012000E047
:1031F000002070470AB1016101E00B0403617047D0
:1032000001480068704700002400002070B50446A3
:103210000CB9012070BD94F83D0028B9002084F855
:103220003C00204600F0DAF8242084F83D002068B5
:10323000006820F00100216808602068006840F400
:103240000040216808602068006820F40040216880
:10325000086000F0ABFA05465C496068884206D811
:103260005B48854201D2012007E0002005E0594873
:10327000854201D2012000E00020012800D1C9E7E9
:103280005548B5FBF0F62068406820F03F00304319
:10329000216848604D496068884201D8701C07E089
:1032A0004FF4967070434FF47A71B0FBF1F0401C0C
:1032B0002168096A21F03F010843216808624349F7
:1032C0006068884214D8681E61684900B0FBF1F05C
:1032D000401CC0F30B00042801D204203DE0681E0E
:1032E00061684900B0FBF1F0401CC0F30B0034E012
:1032F000A06838B9681E616801EB4101B0FBF1F0CC
:10330000401C0AE0681E616801EBC10202EB01117A
:10331000B0FBF1F0401C40F48040C0F30B0008B952
:1033200001201AE0A06848B9681E616801EB4101FC
:10333000B0FBF1F0401CC0F30B000CE0681E6168AC
:1033400001EBC10202EB0111B0FBF1F0401CC0F334
:103350000B0040F4804040F400402168C9694CF6FD
:10336000FF72914308432168C861D4E9070108430B
:103370002168096821F0C001084321680860D4E988
:10338000031008432168896848F2FF3291430843DB
:1033900021688860D4E9050108432168C96821F0E3
:1033A000FF0108432168C8602068006840F0010000
:1033B0002168086000202064202084F83D0000205F
:1033C000206384F83E0000BF24E70000A0860100CF
:1033D00080841E0000093D0040420F0010B586B0F9
:1033E0000446002002900390049005901A4920683A
:1033F00088422FD100BF1948806940F00800174962
:1034000088610846806900F00800019000BF00BF95
:103410004FF440700290122003900320059002A9FF
:103420000F48FFF74FFD00BF0E49486840F0E060CD
:1034300040F00200486000BF00BF0848C06940F487
:1034400000100649C8610846C06900F400100190E8
:1034500000BF00BF06B010BD005400400010024085
:10346000000C01400000014003480068034909784E
:103470000844014908607047240000202C00002007
:1034800010B50848006840F01000064908600320A5
:1034900000F0ACF80F2000F007F800F02BF8002047
:1034A00010BD00000020024070B504460E480078B0
:1034B0004FF47A71B1FBF0F00C490968B1FBF0F5FB
:1034C000284600F0FDFB08B1012070BD102C07D28A
:1034D00000222146501E00F04BF80548046001E030
:1034E0000120F2E70020F0E72C000020300000204F
:1034F0002800002008B500BF1348806940F0010093
:10350000114988610846806900F00100009000BF01
:1035100000BF00BF0846C06940F08050C86108463F
:10352000C06900F08050009000BF00BF052000F08F
:103530005DF800BF0549486820F0E06040F0007089
:10354000486000BF08BD00000010024000000140BC
:1035500001460846002809DB00F01F0301229A40BB
:1035600043099B0003F1E023C3F8002100BF70472B
:103570002DE9F05F80460D461646002703F03EF920
:10358000074639462A46334601F00700C0F1070ACC
:10359000BAF1040F02D94FF0040A01E0C0F1070AA2
:1035A000D14600F1040ABAF1070F02D24FF0000A27
:1035B00001E0A0F1030AD4464FF0010A0AFA09FA21
:1035C000AAF1010A0AEA020A0AFA0CFA4FF0010B00
:1035D0000BFA0CFBABF1010B0BEA030B4AEA0B04F1
:1035E0002146404603F012F9BDE8F09F00BF00F00D
:1035F0000702064B19684FF6FF031940044B0B43B3
:1036000043EA0221014B196000BF70470CED00E056
:103610000000FA0570B504460D460CB9012070BDD6
:103620005A48006800F00700A8420ED257480068C8
:1036300020F007002843554908600846006800F05C
:103640000700A84201D00120E9E7207800F002003D
:1036500002281DD1207800F00400042805D14C4830
:10366000406840F4E0604A494860207800F0080073
:10367000082805D14648406840F4605044494860F5
:103680004348406820F0F000A16808434049486082
:10369000207800F0010078B36068012806D13C482A
:1036A000006800F4003090B90120B8E76068022893
:1036B00006D13748006800F0007040B90120AEE73D
:1036C0003348006800F0020008B90120A7E730483D
:1036D000406820F00300616808432D494860FFF707
:1036E0008FFD064609E0FFF78BFD801B41F2883114
:1036F000884202D9032092E707E02548406800F09D
:103700000C006168B0EB810FEDD12048006800F03B
:103710000700A8420ED91D48006820F00700284382
:103720001A4908600846006800F00700A84201D066
:10373000012074E7207800F00400042807D1144821
:10374000406820F4E060E16808431149486020784F
:1037500000F00800082808D10D48406820F46050A7
:10376000216940EAC1000A49486000F03FF8084971
:103770004968C1F30311074A515CC8400649086013
:1037800006480068FFF790FE002048E7002002404E
:1037900000100240F67F00083000002028000020C2
:1037A00001480068704700003000002000B5FFF7B6
:1037B000F7FF04494968C1F30221034A515CC8403C
:1037C00000BD0000001002400680000800B5FFF7B1
:1037D000E7FF04494968C1F3C221034A515CC8406C
:1037E00000BD0000001002400680000870B50021F6
:1037F0000022002400230020134D696801F00C050D
:10380000F5B1042D02D0082D19D101E00F4819E0BF
:103810000F4DC1F38346AB5D01F4803555B10A4DC0
:103820006D68C5F340450B4E725D084D5D43B5FBB9
:10383000F2F402E0084D03FB05F4204602E000BF6D
:10384000024800BF00BF70BD0010024000127A00A5
:10385000E47F0008F47F000800093D00F8B5044645
:103860000CB90120F8BD207800F00100002878D0C4
:10387000F848406800F00C0004280CD0F548406877
:1038800000F00C00082811D1F248406800F48030A4
:10389000B0F5803F0AD1EF48006800F400300028FE
:1038A0005FD0606800285CD10120DBE700BF606862
:1038B000B0F5803F06D1E748006840F48030E54924
:1038C000086028E0606858B9E248006820F4803059
:1038D000E04908600846006820F4802008601AE08B
:1038E0006068B0F5A02F0BD1DA48006840F4802062
:1038F000D84908600846006840F4803008600AE053
:10390000D448006820F48030D24908600846006836
:1039100020F48020086000BF606888B1FFF770FC69
:10392000054606E0FFF76CFC401B642801D9032024
:1039300098E7C848006800F400300028F2D010E092
:10394000FFF75EFC054606E0FFF75AFC401B6428C3
:1039500001D9032086E7BF48006800F40030002842
:10396000F2D1207800F00200022857D1B94840680F
:1039700000F00C0050B1B748406800F00C00082877
:1039800018D1B448406800F4803098B9B148006854
:1039900000F0020020B12069012801D0012061E778
:1039A000AC48006820F0F800616940EAC100A9490C
:1039B000086033E02069E8B10120A7490860FFF7FB
:1039C0001FFC054606E0FFF71BFC401B022801D93F
:1039D000032047E79F48006800F002000028F2D06B
:1039E0009C48006820F0F800616940EAC1009949EC
:1039F000086013E0002098490860FFF701FC0546C5
:103A000006E0FFF7FDFB401B022801D9032029E750
:103A10009048006800F002000028F2D1207800F001
:103A2000080008282DD1A069B8B101208B49086091
:103A3000FFF7E6FB054606E0FFF7E2FB401B022826
:103A400001D903200EE78348406A00F002000028F5
:103A5000F2D0012002F028FB13E000207F4908602B
:103A6000FFF7CEFB054606E0FFF7CAFB401B022826
:103A700001D90320F6E67748406A00F002000028EA
:103A8000F2D1207800F00400042873D10027714897
:103A9000C06900F0805070B900BF6E48C06940F046
:103AA00080506C49C8610846C06900F080500090A1
:103AB00000BF00BF01276A48006800F48070B0B9F9
:103AC0006748006840F4807065490860FFF798FB1C
:103AD000054606E0FFF794FB401B642801D903204C
:103AE000C0E65F48006800F480700028F2D000BF94
:103AF000E068012806D15748006A40F001005549A6
:103B0000086227E0E06858B95248006A20F00100D6
:103B1000504908620846006A20F00400086219E073
:103B2000E06805280BD14B48006A40F00400494981
:103B300008620846006A40F0010008620AE0454851
:103B4000006A20F00100434908620846006A20F03C
:103B50000400086200BFE068A0B1FFF751FB054612
:103B600009E0FFF74DFB401B41F28831884202D942
:103B7000032077E622E03748006A00F002000028C0
:103B8000EFD012E0FFF73CFB054608E0FFF738FBFB
:103B9000401B41F28831884201D9032062E62D485A
:103BA000006A00F002000028F0D1012F05D1294859
:103BB000C06920F080502749C86100BFE069C8B3E0
:103BC0002448406800F00C00082860D0E069022812
:103BD00048D1002020490866FFF712FB054606E0A1
:103BE000FFF70EFB401B022801D903203AE61948D3
:103BF000006800F000700028F2D1206AB0F5803F24
:103C000007D11448406820F40030A16808431149E6
:103C10004860D4E9080108430E49496821F4741149
:103C200008430C49486001200B490866FFF7E8FA91
:103C3000054607E03DE0FFF7E3FA401B022801D903
:103C400003200FE60348006800F000700028F2D05F
:103C50002FE0000000100240000042428004424277
:103C600000700040002014490866FFF7C9FA0546B5
:103C700006E0FFF7C5FA401B022801D90320F1E551
:103C80000E48006800F000700028F2D111E0E069F1
:103C9000012800D1E6E50948466806F48031206A2B
:103CA000814204D106F47011606A814201D0012082
:103CB000D8E50020D6E50000000042420010024096
:103CC00070B504462546681EB0F1807F01D30120FF
:103CD0000FE0681E4FF0E02148610F214FF0FF30E8
:103CE00002F094FD00204FF0E02188610720086178
:103CF000002070BD7047704730B502460B4600BFCC
:103D000092F83C00012801D1022030BD012082F848
:103D10003C0000BF022082F83D0010684468106833
:103D2000816824F070041868044310684460104DE2
:103D30001068A8420BD01068B0F1804F07D00D4D2D
:103D40001068A84203D00C4D1068A84205D121F09C
:103D500080015868014310688160012082F83D00AD
:103D600000BF002082F83C0000BF00BFCDE700008C
:103D7000002C0140000400400008004010B504463B
:103D80000CB9012010BD94F83D0028B9002084F83A
:103D90003C00204600F026F8022084F83D00211D5A
:103DA000206802F0D7F9012084F8460000BF84F8AB
:103DB0003E0001213F200155402001554120015581
:103DC00000BF00BF012084F8420043200155442079
:103DD00001554520015500BF012084F83D00002019
:103DE000D0E7000038B5044616492068884216D14D
:103DF00000BF1548806940F4006013498861084697
:103E0000806900F40060009000BF00BF00221146EE
:103E10001920FFF7ADFB1920FFF79AFB11E020688E
:103E2000B0F1804F0DD100BF0748C06940F00100DC
:103E30000549C8610846C06900F00100009000BF54
:103E400000BF38BD002C014000100240014691F82F
:103E50003D00012801D001207047022081F83D007B
:103E6000124B086898420BD00868B0F1804F07D019
:103E70000F4B0868984203D00E4B086898420CD14B
:103E80000868806800F00702062A0CD008680068FD
:103E900040F001000B68186005E00868006840F019
:103EA00001000B6818600020D6E70000002C0140DC
:103EB0000004004000080040014691F83D00012840
:103EC00001D001207047022081F83D000868C068D9
:103ED00040F001000B68D860124B086898420BD084
:103EE0000868B0F1804F07D00F4B0868984203D0A4
:103EF0000E4B086898420CD10868806800F00702F1
:103F0000062A0CD00868006840F001000B681860B1
:103F100005E00868006840F001000B6818600020A8
:103F2000D0E70000002C01400004004000080040E1
:103F30002DE9F04104460D46002700BF94F83C00EF
:103F4000012802D10220BDE8F081012084F83C0064
:103F500000BF022084F83D002068866826F07706BE
:103F600026F47F46206886602868502833D00CDC11
:103F7000202850D004DC00284BD0102851D149E033
:103F8000302849D040284CD139E060282DD0702805
:103F900007D0B0F5805F03D0B0F5005F41D10DE0F0
:103FA00041E0D5E902136A68206802F026F920682A
:103FB000866846F077062068866034E0D5E902130B
:103FC0006A68206802F019F92068806840F480402F
:103FD0002168886027E0EA686968206802F0DEF9F5
:103FE0005021206802F014F91DE0EA686968206831
:103FF00002F0E7F96021206802F00AF913E0EA68AC
:104000006968206802F0CAF94021206802F000F9CE
:1040100009E000BF00BF00BF2968206802F0F8F87F
:1040200001E0012700BF00BF012084F83D0000BF70
:10403000002084F83C0000BF384684E72DE9F041B9
:1040400004460D4614B90120BDE8F08194F83D0006
:1040500028B9002084F83C00204600F051F80220E6
:1040600084F83D002068806844F207018843216895
:104070008860211D206802F06DF82068D0F8088063
:10408000206886692068076A286840EA080840F2C4
:1040900003308643A969A86840EA0120064340F638
:1040A0000C4086434FF2F0008643E969E86840EA35
:1040B0000120064328690001296A40EA01300643CD
:1040C00027F022076969686840EA01100743206801
:1040D000C0F808802068866120680762012084F8A3
:1040E000460084F83E0001213F200155012084F85C
:1040F000420043200155012084F83D000020A3E741
:1041000010B586B0044600200290039004900590FC
:104110002A492068884225D100BF2948C06940F05B
:1041200002002749C8610846C06900F002000190FA
:1041300000BF00BF00BF0846806940F004008861EE
:104140000846806900F00400019000BF00BFC02055
:104150000290002003900120049002A91948FEF764
:10416000B1FE28E018492068884224D100BF1448D5
:10417000C06940F004001249C8610846C06900F0F7
:104180000400019000BF00BF00BF0846806940F0F6
:10419000080088610846806900F00800019000BFAF
:1041A00000BFC0200290002003900120049002A9CB
:1041B0000648FEF787FE06B010BD00000004004070
:1041C000001002400008014000080040000C0140BF
:1041D0002DE9F04304460D4694F83E603F20075D0C
:1041E00094F84280432010F804906DB9012E02D15A
:1041F000B8F1010F02D00120BDE8F083022084F85D
:104200003E0084F8420025E0042D0CD1012F02D19C
:10421000B9F1010F01D00120EEE702213F20015545
:104220004320015516E0012E07D1012F05D1B8F129
:10423000010F02D1B9F1010F01D00120DCE702200A
:1042400084F83E0002213F200155022084F84200FC
:104250004320015515B1042D0CD105E001220021A8
:10426000206801F0B9FF10E001220421206801F06C
:10427000B3FF0AE001220021206801F0ADFF012216
:104280000421206801F0A8FF00BF00BF206800687B
:1042900040F00100216808600020ADE7704770B56C
:1042A00004462068C5682068066906F002000228F6
:1042B00019D105F00200022815D1401F21680861BC
:1042C000012020772068806900F0030018B12046A3
:1042D000FFF7E4FF05E0204600F0C2F8204600F0BA
:1042E00076F90020207706F00400042819D105F0A3
:1042F0000400042815D1C0432168086102202077FA
:104300002068806900F4407018B12046FFF7C6FFAE
:1043100005E0204600F0A4F8204600F058F90020FF
:10432000207706F00800082819D105F008000828B1
:1043300015D1C04321680861042020772068C06936
:1043400000F0030018B12046FFF7A8FF05E0204663
:1043500000F086F8204600F03AF90020207706F0B9
:104360001000102819D105F01000102815D1C043F5
:1043700021680861082020772068C06900F4407037
:1043800018B12046FFF78AFF05E0204600F068F8E4
:10439000204600F01CF90020207706F0010048B10B
:1043A00005F0010030B16FF001002168086120467E
:1043B00000F078F906F08000802809D105F080002F
:1043C000802805D1C043216808612046FFF792FC90
:1043D00006F04000402809D105F04000402805D1F2
:1043E000C04321680861204600F0E4F906F020008F
:1043F000202809D105F02000202805D1C0432168DC
:1044000008612046FFF777FC70BD000010B586B04C
:104410000446002002900390049005902068B0F1BB
:10442000804F16D100BF0C48806940F004000A4953
:1044300088610846806900F00400019000BF00BF59
:104440000320029002200390059002A90348FEF782
:1044500039FD06B010BD0000001002400008014008
:1044600070472DE9F04104460D461646002700BF6F
:1044700094F83C00012802D10220BDE8F08101201F
:1044800084F83C0000BF36B1042E1BD0082E31D07A
:104490000C2E5ED145E02946206801F0C3FE20685D
:1044A000806940F00800216888612068806920F0F8
:1044B00004002168886120688069296908432168AF
:1044C000886148E02946206801F0DCFE20688069A8
:1044D00040F40060216888612068806920F4806071
:1044E0002168886120688069296940EA0120216883
:1044F000886130E02946206801F0F8FE2068C06934
:1045000040F008002168C8612068C06920F00400FC
:104510002168C8612068C069296908432168C861A9
:1045200019E02946206801F015FF2068C06940F4B1
:1045300000602168C8612068C06920F4806021683B
:10454000C8612068C069296940EA01202168C86102
:1045500001E0012700BF00BF00BF002084F83C003D
:1045600000BF384689E710B504460CB9012010BDDC
:1045700094F83D0028B9002084F83C00204600F063
:1045800025F8022084F83D00211D206801F0E2FD9D
:10459000012084F8460000BF84F83E0001213F203E
:1045A0000155402001554120015500BF00BF0120A9
:1045B00084F842004320015544200155452001550F
:1045C00000BF012084F83D000020D0E7704770470D
:1045D00070B504460D4615B994F83E000BE0042D65
:1045E00002D13F20005D06E0082D02D14020005D91
:1045F00001E04120005D012801D0012070BD1DB9FE
:10460000022084F83E000EE0042D03D102213F2059
:10461000015508E0082D03D102214020015502E098
:1046200002214120015501222946206801F0D4FDD4
:1046300019492068884201D1012000E0002028B1FA
:104640002068406C40F400402168486412492068AA
:1046500088420BD02068B0F1804F07D00F49206806
:10466000884203D00E49206888420CD120688068B7
:1046700000F00706062E0CD02068006840F001000C
:104680002168086005E02068006840F001002168AA
:1046900008600020B2E70000002C01400004004048
:1046A000000800402DE9FC5F82463249DAF800003C
:1046B00088425DD100F0CEFB2F480088401C2E4977
:1046C000088008460088322801D1002008802B4845
:1046D0000078401C2949087008460078322847D1E4
:1046E0000020087026482749274B284ACDE90010AA
:1046F0002749284800F006FDFEF79CF9FEF72CFA42
:10470000834602F0DBFE0022234BCDE9000102F0DC
:1047100041FD8046214A224B02F03CFD0646214ADB
:10472000214B02F037FD044602F046FC1F490860A9
:10473000FEF71EFAC0F1000B584602F0BFFE064617
:104740000022154B02F026FD0446144A144B02F0D9
:1047500021FD144A144BCDE9000102F01BFD8046F7
:1047600002F02AFC12490860FEF73CF9FEF74EF908
:10477000BDE8FC9F002C01401C000020220000200E
:104780000A0000200800002006000020040000208D
:104790000200002000000020000046409A999999EC
:1047A0009999A93F04392861A68D22401400002060
:1047B0001800002070477047704700002DE9F84F3F
:1047C0000446206805682068C668206847694FF07D
:1047D0000009CA4605F00F09B9F1000F0AD105F02A
:1047E000200038B106F0200020B1204601F04DFE37
:1047F000BDE8F88FB9F1000F7BD007F0010018B9C0
:1048000006F49070002874D005F0010030B106F471
:10481000807018B1606C40F00100606405F0040025
:1048200030B107F0010018B1606C40F00200606424
:1048300005F0020030B107F0010018B1606C40F0E3
:104840000400606405F0080048B106F0200010B9CB
:1048500007F0010018B1606C40F008006064606C03
:10486000002845D005F0200028B106F0200010B146
:10487000204601F00AFE20684069C0F3801A606C8F
:1048800000F0080010B9BAF1000F2CD0204601F05A
:10489000B6FD2068406900F0400000B300BF00BFD3
:1048A0002168143151E8001F21F0400021681431C3
:1048B00041E80002002AF3D100BFE06B50B1774815
:1048C000E16B4863E06BFEF7A3F988B1E06B416BE5
:1048D00088470DE02046FFF76FFF09E009E020461A
:1048E000FFF76AFF04E02046FFF766FF00206064E0
:1048F0007EE7206B012877D105F01000002873D0E7
:1049000006F010000028FAD000BF002000902068B8
:104910000068009020684068009000BF00BF2068D9
:10492000406900F0400000285FD0E06B00684068FC
:104930001FFA80F8B8F1000F55D0A08D404552DD28
:10494000A4F82E80E06B8069202843D000BF00BF10
:1049500021680C3151E8001F21F4807021680C316E
:1049600041E80002002AF3D100BF00BF00BF216868
:10497000143151E8001F21F001002168143141E891
:104980000002002AF3D100BF00BF00BF216814312C
:1049900051E8001F21F040002168143141E8000275
:1049A000002AF3D100BF202084F8420000202063B9
:1049B00000BF00BF21680C3151E8001F21F010003A
:1049C00021680C3141E80002002AF3D100BFE06BFE
:1049D000FEF7F2F802206063A08DE28D801A81B2AA
:1049E0002046FFF7E8FE03E742E0A08DE18D401A84
:1049F0001FFA80F8E08DD0B3B8F1000F37D000BFB8
:104A000000BF21680C3151E8001F21F4907021682B
:104A10000C3141E80002002AF3D100BF00BF00BF03
:104A20002168143151E8001F21F001002168143180
:104A300041E80002002AF3D100BF202084F84200A0
:104A40000020206300BF00BF21680C3151E8001F27
:104A500021F0100021680C3141E80002002AF3D156
:104A600000BF0220606341462046FFF7A4FEBFE678
:104A700005F0800030B106F0800018B1204601F04A
:104A800021FEB5E605F0400030B106F0400018B157
:104A9000204601F0EAFCABE600BFA9E6EB630008A4
:104AA00010B504460CB9012010BDA06900B100E0AA
:104AB00000BF94F8410028B9002084F84000204647
:104AC00000F02AF8242084F841002068C06820F40F
:104AD00000502168C860204601F056FD206800693A
:104AE00020F49040216808612068406920F02A0085
:104AF000216848612068C06840F400502168C8609F
:104B000000206064202084F8410084F842000020E6
:104B1000606300BFC8E7000010B586B004460020FF
:104B200002900390049005904A492068884253D12E
:104B300000BF4948806940F4804047498861084681
:104B4000806900F48040019000BF00BF00BF0846AC
:104B5000806940F0040088610846806900F0040024
:104B6000019000BF00BF481502900220039003206F
:104B7000059002A93948FEF7A5F94FF4806002902C
:104B8000002003900120049002A93448FEF79AF90E
:104B90003348344908601020486000213148816062
:104BA0008021C160002101614161202181610902F0
:104BB000C161FEF753F908B1FDF7F4FF00BF2948C2
:104BC000A063446200BF002201212520FEF7D0FC33
:104BD0002520FEF7BDFC3AE023492068884236D103
:104BE00000BF1D48C06940F400301B49C861084639
:104BF000C06900F40030019000BF00BF00BF08464C
:104C0000806940F0040088610846806900F0040073
:104C1000019000BF00BF04200290022003900320F7
:104C2000059002A90D48FEF74DF9082002900020DA
:104C300003900120049002A90848FEF743F90022DE
:104C400001212620FEF794FC2620FEF781FC06B009
:104C500010BD000000380140001002400008014073
:104C600044000240600300200044004070B5044648
:104C70000D46164694F8420020280BD105B10EB916
:104C8000012070BD0020206332462946204601F0F5
:104C9000F9FCF6E70220F4E710B504461F49206846
:104CA000884239D11E48007868B91E4800785B28D0
:104CB0002DD11D48007850BB0120194908700020F3
:104CC0001A49087023E01648007801281FD11548BA
:104CD00000785D280AD10020114908701449134A50
:104CE0001278885401201049087010E00D480078AF
:104CF0000F490E4A127888540C480078401C0B4922
:104D0000087008460078632801DB632008700122E0
:104D100004490848FFF7AAFF10BD00000044004006
:104D2000360000203500002034000020370000202D
:104D3000A4030020180300202DE9F84F04460E4676
:104D4000174699464FF0000A94F84100202850D1A8
:104D500006B117B90120BDE8F88F0020606421205A
:104D600084F84100FEF74CFA8246A784E784A068E5
:104D7000B0F5805F04D1206910B90025B04602E08B
:104D800035464FF000081EE05346002280212046A1
:104D9000CDF8009001F0C6FC20B1202084F841003D
:104DA0000320D8E745B9B8F80000C0F3080021682F
:104DB000486008F1020803E02878216848606D1C0B
:104DC000E08C401EE084E08C0028DDD153460022B8
:104DD00040212046CDF8009001F0A4FC20B1202015
:104DE00084F841000320B6E7202084F84100002029
:104DF000B1E70220AFE7704700BFFEE710B50446F9
:104E000034B902211148FEF7EDF9E0B9012010BDD7
:104E1000012C06D101210D48FEF7E4F998B90120D3
:104E2000F5E7022C06D120210948FEF7DBF950B93D
:104E30000120ECE7032C06D110210548FEF7D2F93A
:104E400008B90120E3E70020E1E70000000C014081
:104E50000008014010B50020A349087016E0A348DF
:104E6000A149097830F8110000280ADD9F489E49C1
:104E7000097830F81100401E9C499B4A127821F8AD
:104E8000120099480078401C9749087096480078AD
:104E90000428E4DB96480078401C954908700846D1
:104EA0000078142871DB002008708F49087015E124
:104EB00090488D490978415C8F488B4A127881541B
:104EC00089480078FFF79AFF8A49874A1278885400
:104ED000084685490978405C01280AD187488249FB
:104EE0000978405C40F0010084497F4A1278885478
:104EF00009E082487C490978405C20F001007F4944
:104F0000794A127888547B4877490978405C0128AF
:104F10000ED1794874490978405C48B9774872499C
:104F20000978405C40F0020174486F4A127881545D
:104F300070486D490978405C78B96F486A490978CA
:104F4000405C012809D16D4867490978405C40F010
:104F500004016A48644A12788154694862490978B0
:104F6000405C98B9634860490978405C01280BD1DE
:104F70004FF4FA605D495C4A127821F81200012072
:104F80005F49594A12788854A3E0ACE05C4856491E
:104F90000978405C01282DD1564853490978405C76
:104FA00058B9C8205149504A127821F812000220FD
:104FB00053494D4A127888548BE04C484A49097845
:104FC00030F81100002814D164204849464A12786C
:104FD00021F81200494844490978405C40F020001B
:104FE0004649414A12788854042045493E4A12787D
:104FF00088546EE042483C490978405C02282BD135
:105000003C4839490978405C01280FD13B48364972
:105010000978405C40F010003849334A12788854CF
:1050200003203749304A1278885452E02F482E49DD
:10503000097830F81100F8B930482B490978405CFC
:1050400040F008002D49284A1278885400202C4945
:10505000254A127888543CE0294823490978405C65
:1050600003280AD1234820490978405C20B9002050
:1050700023491D4A127888542BE021481A4909789F
:10508000405C042825D11B4817490978405C28B9A1
:1050900000201B49144A127888541AE01348124918
:1050A000097830F81100A0B9642010490E4A12782E
:1050B00021F8120011480C490978405C40F040008A
:1050C0000E49094A1278885404200D49064A12787C
:1050D000885405480078401C03490870024800784D
:1050E0000428FFF6E5AE10BD3D0000204A00002078
:1050F0003C0000203E00002042000020380000203C
:10510000460000202DE9FF4704460D4617461E467F
:10511000DDE90C890E2269463B2000F050F89DF82D
:1051200001009DF8001040EA012000B220809DF8A7
:1051300003009DF8021040EA012000B228809DF88B
:1051400005009DF8041040EA012000B238809DF867
:1051500009009DF8081040EA012000B230809DF857
:105160000B009DF80A1040EA012000B2A8F80000E8
:105170009DF80D009DF80C1040EA012000B2A9F83E
:105180000000BDE8FF8710B500F0FAFA01216B209E
:1051900000F044F800216C2000F040F807211920AD
:1051A00000F03CF800211A2000F038F818211B20EC
:1051B00000F034F818211C2000F030F810BD2DE963
:1051C000F04107460E46154600F045FBD02000F0A2
:1051D00029FB00F0F3FA384600F024FB00F0EEFA69
:1051E00000F039FBD12000F01DFB00F0E7FA0024AD
:1051F0000EE000F0F2FA3055681EA04203DD0020F8
:1052000000F004FB02E0012000F000FB601CC4B2CF
:10521000AC42EEDB00F02DFBBDE8F08170B5054639
:105220000C4600F018FBD02000F0FCFA00F0C6FAA3
:10523000284600F0F7FA00F0C1FA204600F0F2FA32
:1052400000F0BCFA00F015FB70BD000008B500BF0F
:105250000A48406940F00100084948610846406931
:1052600000F00100009000BF00BF002201210E20CD
:10527000FEF77EF90E20FEF76BF908BD0010024024
:1052800000B585B00020019002900390049000BF0B
:105290005248806940F01000504988610846806992
:1052A00000F01000009000BF00BF00BF08468069FA
:1052B00040F0200088610846806900F020000090DE
:1052C00000BF00BF00BF0846806940F0040088614D
:1052D0000846806900F00400009000BF00BF00BFD6
:1052E0000846806940F0080088610846806900F03F
:1052F0000800009000BF00BF012251033848FDF7AD
:1053000079FF01224FF440613648FDF773FF002218
:105310004FF228013348FDF76DFF00224FF48071F2
:105320003148FDF767FF0122D1032F48FDF762FFE7
:105330004FF40050019001200290002003900120C2
:10534000049001A92648FDF7BDFD30200190002002
:1053500002900120039001A92348FDF7B3FD13201B
:105360000190002002900120039001A91D48FDF743
:10537000A9FD4FF44060019011200290012003909C
:105380000320049001A91748FDF79CFD4FF47040DD
:10539000019001200290002003900220049001A9B6
:1053A0001048FDF78FFD4FF401400190012002905D
:1053B000002003900320049001A90B48FDF782FD13
:1053C00028200190012002900020039003200490E7
:1053D00001A90448FDF776FD05B000BD00100240AC
:1053E00000100140000C01400008014010B50B48BE
:1053F0000B4908600B484860002109488160C16082
:105400004FF480410161002141618161C16101620C
:10541000FDF7FCFE08B1FDF7C5FB10BD00540040D0
:105420005C010020A086010000B587B00020039039
:105430000490059006900190029015481549086067
:105440004720486000211348816040F2E731C16085
:1054500000210161416180218161FEF78FFC08B16B
:10546000FDF7A0FB4FF48050039003A90948FEF715
:105470005FFD08B1FDF796FB00200190029001A9A5
:105480000448FEF739FC08B1FDF78CFB07B000BDFE
:10549000002C0140B001002000B58DB00020099023
:1054A0000A900B900C90079008901C216846FAF720
:1054B00019FF4FF080402449086000204860002117
:1054C0002148816040F2E731C16000210161802103
:1054D0008161FEF753FC08B1FDF764FB4FF4805087
:1054E000099009A91848FEF723FD08B1FDF75AFBFA
:1054F0001548FFF738F808B1FDF754FB0020079076
:10550000089007A91048FEF7F7FB08B1FDF74AFB22
:1055100060200090002001900290049000226946D3
:105520000948FEF79EFF08B1FDF73CFB04226946DF
:105530000548FEF796FF08B1FDF734FB0248FEF779
:1055400065FF0DB000BD0000F801002000B58BB074
:10555000242102A8FAF7C6FE002000900190194805
:1055600019490860012048600021174881604FF602
:10557000FF71C16000210161816103200290002060
:10558000039001200490002005900F200690002039
:10559000079001200890002009900F200A9002A98E
:1055A0000948FEF74BFD08B1FDF7FCFA002000901A
:1055B000019069460448FEF79FFB08B1FDF7F2FA37
:1055C0000BB000BD000400404002002000B58BB0CD
:1055D000242102A8FAF786FE0020009001901948C5
:1055E00019490860012048600021174881604FF682
:1055F000FF71C160002101618161032002900020E0
:10560000039001200490002005900F2006900220B6
:10561000079001200890002009900F200A9002A90D
:105620000948FEF70BFD08B1FDF7BCFA0020009019
:10563000019069460448FEF75FFB08B1FDF7B2FA36
:105640000BB000BD000800408802002010B50B48D8
:105650000B4908604FF4E130486000210848816040
:10566000C16001610C21416100218161C161FFF7CD
:1056700017FA08B1FDF796FA10BD00000038014096
:10568000D002002010B50B480B4908604FF41650AB
:105690004860002108488160C16001610C214161BE
:1056A00000218161C161FFF7FBF908B1FDF77AFACA
:1056B00010BD0000004400401803002000BFFEE7BA
:1056C00010B50446002C0FDA012211030F48FDF734
:1056D00091FD00224FF400510C48FDF78BFD604214
:1056E0000B49096848630FE0002C0DDB00224FF4E2
:1056F00080510648FDF77EFD012251030348FDF766
:1057000079FD03480068446310BD0000000C0140AF
:10571000F801002010B50446002C0FDA00224FF4E7
:1057200080410F48FDF766FD0122D1030C48FDF7CB
:1057300061FD60420B49096888630FE0002C0DDBB6
:10574000012291030648FDF755FD00224FF4004168
:105750000348FDF74FFD03480068846310BD000057
:10576000000C0140F801002010B500210348FEF7AD
:105770002FFF04210148FEF72BFF10BDF801002088
:1057800010B5012291020448FDF734FD0122D10237
:105790000148FDF72FFD10BD000C014010B54FF47E
:1057A00000610548FDF71EFD012800D100E0002042
:1057B0000446204610BD0000000C014010B5012039
:1057C00000F072F8012000F05FF8FFF7E7FF0446F1
:1057D000002000F059F8204610BD70B500250120CA
:1057E00000F062F800240DE0012000F04DF8FFF712
:1057F000D5FF10B1802020410543002000F044F87F
:10580000601CC4B2082CEFDB284670BD10B50446FE
:10581000204600F049F8012000F036F8002000F0A2
:1058200033F810BD70B50546002411E080212141F8
:10583000294009B1012100E00021084600F034F8B8
:10584000012000F021F8002000F01EF8601CC4B216
:10585000082CEBDB70BD10B5012000F025F801200D
:1058600000F012F8002000F01FF8002000F00CF803
:1058700010BD10B5002000F017F8012000F004F86A
:10588000012000F011F810BD10B504460CB1012044
:1058900000E0002002464FF480610248FDF7AAFCB8
:1058A00010BD0000000C014010B504460CB10120F1
:1058B00000E0002002464FF400610248FDF79AFC28
:1058C00010BD0000000C014000BFFEE700200CE00E
:1058D000002106E00022064B03EBC0135A544A1C79
:1058E000D1B28029F6DB421CD0B20828F0DB704729
:1058F000080400202DE9F04304460D4616461F46D5
:10590000284638E0224631E0002A2DDB7F2A2BDCB6
:10591000002829DB3F2827DC4FEAE07C00EB5C7C99
:105920004FEAEC0CDFF8588008EBCC1C1CF802C0E6
:1059300003464FEAE07800EB58784FEAE808A0EB1E
:10594000C8094FF0010808FA09F82CEA080C0146CA
:105950004FEAE07800EB58784FEAE808DFF820904B
:1059600009EBC81808F802C0511C0AB2A1199142EB
:10597000CADC411C08B2E9198142C3DCBDE8F083EE
:105980000804002000B585B000200190029003902B
:10599000049000BF1548806940F0080013498861F1
:1059A0000846806900F00800009000BF00BF88151D
:1059B000019011200290012003900320049001A97E
:1059C0000B48FDF77FFA4FF40070019001A90848D9
:1059D000FDF778FA012211020548FDF70BFC0122C0
:1059E00051020348FDF706FC05B000BD001002405F
:1059F000000C014070B5002406E0002500E06D1C9D
:105A0000B5F57A7FFBD3641CB4F57A7FF5D301201A
:105A100000F09AFA012000F0A7FA70BD70B50546B3
:105A2000002411E080212141294009B1012100E039
:105A30000021084600F098FA012000F085FA0020C5
:105A400000F082FA601CC4B2082CEBDB012000F0ED
:105A50007BFA002000F078FA70BD10B5012000F04C
:105A600083FA012000F070FA002000F07DFA002097
:105A700000F06AFA10BD10B5002000F075FA0120A0
:105A800000F062FA012000F06FFA10BD10B5FFF7C8
:105A9000B1FFAE2000F078FAD52000F075FA802032
:105AA00000F072FAA82000F06FFA3F2000F06CFAC4
:105AB000D32000F069FA002000F066FA402000F0E0
:105AC00063FAA12000F060FAC82000F05DFADA2045
:105AD00000F05AFA122000F057FA812000F054FA30
:105AE000CF2000F051FAD92000F04EFAF12000F05A
:105AF0004BFADB2000F048FA302000F045FAA420F1
:105B000000F042FAA62000F03FFA8D2000F03CFAA7
:105B1000142000F039FAAF2000F036FAFFF7D6FE75
:105B200000F0FEF910BD0FB470B5C2B005460E46C8
:105B300014464AA8019002A8019A4999FAF7BAFBBB
:105B400000200190234602AA3146284600F006F9BB
:105B500042B070BC5DF814FB70B505460C4645F0CC
:105B6000B00000F011FA102141EA141000F00CFA14
:105B700004F00F0000F008FA70BD0000F8B506460A
:105B80000F4614461D46082D0CD1A4F120000E49E5
:105B900001EB00101023082239460090304600F037
:105BA00017F80FE0062D0DD1A4F1200000EB400006
:105BB000064901EB40000823062239460090304692
:105BC00000F006F8F8BD00000E800008FE85000811
:105BD0002DE9FF4F80460E469146DDF834B0002592
:105BE00000244A4631464046039BFFF783FE00BF30
:105BF0005EE0002558E008EB0500002852DB08EBCA
:105C000005007F284EDC3046F11706EB5171C910B4
:105C10000FB2F11706EB5171C910A6EBC10A002EA5
:105C200005DA781E07B20AF108000FFA80FA38196F
:105C3000002817DB3819072814DC3819224901EB32
:105C4000C01008EB0501405C04FB09511BF8011072
:105C500001FA0AF1084339191B4A02EBC11108EB9A
:105C6000050288543819401C00281BDB3819401CD9
:105C7000072817DC3819401C134901EBC01008EB4A
:105C80000501405C04FB09511BF80110CAF1080230
:105C9000114108433919491C0B4A02EBC11108EBA9
:105CA00005028854681CC5B24D45A4DB601CC4B213
:105CB0000399481EC11700EB5171012202EBE1016B
:105CC000A14296DCBDE8FF8F080400207CB5164891
:105CD000006880F00040154908601549C86801F067
:105CE0006BFE14A30822CDE9000100210846FFF74E
:105CF0001AFF1349C86801F05FFE12A30822CDE91C
:105D0000000110210020FFF70EFF0848006801F095
:105D100053FE0FA30822CDE9000120210020FFF748
:105D200002FF00F0FDF87CBD5C0000205401002063
:105D3000DC0000204D314F75743A252E336600008B
:105D4000180100204D324F75743A252E336600003D
:105D5000416E676C653A252E336600002DE9FE4FD3
:105D600007468A46144698460025AB460026CBE0F7
:105D7000605D00F0800058B94FF0010B2846691CA7
:105D80008DB2205C8DF8040000208DF805006BE0DA
:105D9000605D00F0E000C02814D14FF0020B2846EF
:105DA000691C8DB2205C8DF80400605D00B9AFE025
:105DB0002846691C8DB2205C8DF8050000208DF806
:105DC000060051E0605D00F0F000E0281DD14FF0CA
:105DD000030B2846691C8DB2205C8DF80400605DC1
:105DE00000B995E02846691C8DB2205C8DF805004D
:105DF000605D00B98CE02846691C8DB2205C8DF88E
:105E0000060000208DF807002EE0605D00F0F8002D
:105E1000F02826D14FF0040B2846691C8DB2205C77
:105E20008DF80400605D00B972E02846691C8DB2EF
:105E3000205C8DF80500605D00B969E02846691CAA
:105E40008DB2205C8DF80600605D00B960E02846E8
:105E5000691C8DB2205C8DF8070000208DF80800C9
:105E600002E0681C85B24FE0BBF1010F0BD19DF839
:105E70000420B91908B243465146FFF77FFE06EBEE
:105E8000080086B23FE04FF000090EE009EB8901FF
:105E900001EB4911204A881801A9FAF74BFA00B919
:105EA0000EE009F101001FFA80F909EB890101EB0D
:105EB0004911194A881819A1FAF73CFA0028E5D1C6
:105EC00000BFB8F1080F12D109EB890000EB4910AF
:105ED00011490844401DB919009008B210231A4610
:105EE0005146FFF775FE06F1100086B20BE0B8F1DF
:105EF000060F08D1B91908B206233F225146FFF711
:105F00003DFEB01D86B200BF605D00287FF430AF5B
:105F100000BFBDE8FE8F00003888000800000000C8
:105F200010B500240BE000212046FFF715FE0549BF
:105F300001EBC410802100F037F8601CC4B2082CBB
:105F4000F1DB10BD0804002010B504460CB101209F
:105F500000E0002002464FF480710248FDF74AF944
:105F600010BD0000000C014010B504460CB101202A
:105F700000E0002002464FF400710248FDF73AF9B4
:105F800010BD0000000C014010B50446FFF765FD90
:105F90007820FFF743FD0020FFF740FD2046FFF784
:105FA0003DFDFFF768FD10BD70B505460E46FFF7D5
:105FB00054FD7820FFF732FD4020FFF72FFD00242D
:105FC00004E0285DFFF72AFD601CC4B2B442F8DB90
:105FD000FFF751FD70BD70B50446E0692062D4E959
:105FE000000101F005FFE061E169206901F002FEB6
:105FF00060620021606901F079FD09D0E1696069A2
:1060000001F0F8FD0546A16A01F002FDA06201E081
:106010000020A062216BA06A01F0B8FE01D2206BC3
:10602000A062616BA06A01F0B1FD01D2606BA06259
:10603000D4E9010101F0DCFE0646A06980F00045CC
:106040003146284601F0D6FDE062D4E9090101F0AD
:10605000DFFC0546E16A01F0DBFCE0600021E0685E
:1060600001F094FE04D2A16BE06801F0D1FCE06085
:106070000021E06801F08AFD04D2A16BE06801F024
:10608000B7FEE060216BE06801F080FE01D2206B7A
:10609000E060616BE06801F079FD01D2606BE06067
:1060A0006068A06070BD704708B508490968C908F4
:1060B0004FF47A72B1FBF2F14143009100BF00BF8F
:1060C00000994A1E00920029F9D108BD3000002035
:1060D000704710B5FDF7C8F910BD00B58FB0282185
:1060E00005A8FAF7FFF814216846FAF7FBF8012033
:1060F00005900004069000200790012009900220DE
:106100000C90C1030D914FF4E0110E9105A8FDF71D
:10611000A5FB08B1FCF746FD0F200090022001907E
:10612000002002904FF48060039000200490022130
:106130006846FDF76FFA08B1FCF734FD0FB000BDFB
:106140007047000010B50248FEF7A9F810BD000026
:10615000B001002010B502681C4B984208D0B0F185
:10616000804F05D01A4B984202D01A4B984203D167
:1061700022F070024B681A43144B984208D0B0F1D9
:10618000804F05D0124B984202D0124B984203D157
:1061900022F44072CB681A4322F080034C6943EA30
:1061A000040202608B68C3620B688362074B9842EB
:1061B00001D10B69036301234361036903F0010308
:1061C0001BB1036923F00103036110BD002C0140E2
:1061D000000400400008004030B501F01F05012414
:1061E00004FA05F3046A9C430462046A01F01F0583
:1061F00002FA05F52C43046230BD30B50C468168C7
:1062000021F47F4142EA032525432943816030BDC3
:106210000A46816821F0700142F00703194381604A
:106220007047000030B5026A056A25F00105056275
:106230004368846924F0700424F003040D682C433F
:1062400022F002028D682A430D4DA84206D100BFFC
:1062500022F00802CD682A4322F00402084DA84229
:1062600007D123F4807323F400734D692B438D69A8
:106270002B43436084614D684563026230BD00007A
:10628000002C014030B5026A056A25F01005056250
:106290004368846924F4E04424F440740D6844EABB
:1062A000052422F020028D6842EA05120E4DA84214
:1062B00007D100BF22F08002CD6842EA051222F029
:1062C0004002094DA84209D123F4806323F40063FE
:1062D0004D6943EA85038D6943EA85034360846120
:1062E0004D688563026230BD002C014030B5026A02
:1062F000056A25F4807505624368C46924F070045A
:1063000024F003040D682C4322F400728D6842EAE5
:1063100005220F4DA84207D100BF22F40062CD68CC
:1063200042EA052222F48062094DA84209D123F4F1
:10633000805323F400534D6943EA05138D6943EA02
:1063400005134360C4614D68C563026230BD00003F
:10635000002C014030B5036A056A25F480550562BA
:106360004468C26922F4E04222F440720D6842EAB5
:10637000052223F400538D6843EA0533064DA842F5
:1063800004D124F480444D6944EA85144460C26118
:106390004D680564036230BD002C014030B50B46EA
:1063A0001446026A056A25F001050562816921F03B
:1063B000F00141EA041122F00A021A4381610262EB
:1063C00030BD30B50B461446026A056A25F010054B
:1063D0000562816921F4704141EA043122F0A00292
:1063E00042EA03128161026230BD70B505466C6AF3
:1063F0000020E085E0842046FEF7DEF970BD00BF96
:1064000000BF02680C3252E8002F22F4907102683B
:106410000C3242E80013002BF3D100BF00BF00BFD5
:106420000268143252E8002F22F00101026814328F
:1064300042E80013002BF3D100BF016B01290ED1FC
:1064400000BF00BF02680C3252E8002F22F010019A
:1064500002680C3242E80013002BF3D100BF202168
:1064600080F8421000210163704710B5044620688F
:10647000C06820F040002168C860202084F84100F6
:106480002046FEF7B8FC002010BDF8B5044694F88D
:106490004200222875D1A068B0F5805F0CD1206938
:1064A00050B90025A66A20684068C0F30800308013
:1064B000A06A801CA06215E0A56A0026A068B0F55D
:1064C000805F03D0A06828B9206918B920684068A7
:1064D000287004E02068406800F07F002870A06AFF
:1064E000401CA062E08D401E80B2E085002846D1AD
:1064F0002068C06820F020002168C8602068C0685B
:1065000020F480702168C8602068406920F0010094
:1065100021684861202084F8420000206063206BDD
:10652000012826D10020206300BF00BF21680C3164
:1065300051E8001F21F0100021680C3141E80002F1
:10654000002AF3D100BF2068006800F01000102876
:106550000AD100BF002000902068006800902068E9
:106560004068009000BF00BFA18D2046FEF723F9D0
:1065700002E02046FEF790FB0020F8BD01E000207D
:10658000FBE70220F9E7000070B5044621680969BD
:1065900021F44051E2681143226811612269A16827
:1065A0001143626941EA02052168C96841F20C623F
:1065B000914329432268D1602168496921F44071DF
:1065C000A2691143226851612D4A2168914202D18A
:1065D000FDF7FCF801E0FDF7E9F800EBC00101EB85
:1065E000001162689200B1FBF2F100EBC00202EB15
:1065F000001263689B00B2FBF3F26423B2FBF3F278
:1066000002EBC20303EB0212A1EB8201322202EB86
:1066100001116422B1FBF2F101F0F00100EBC002C4
:1066200002EB001263689B00B2FBF3F26423B2FB3F
:10663000F3F201EB021200EBC00101EB0011636801
:106640009B00B1FBF3F100EBC00303EB00136668A2
:10665000B600B3FBF6F36426B3FBF6F303EBC30615
:1066600006EB0313A1EB8301322303EB0111642337
:10667000B1FBF3F101F00F0111442268916070BD8C
:106680000038014010B5034699629A85DA850020EA
:106690005864222083F84200186928B11868C0683D
:1066A00040F480701C68E0601868406940F00100A8
:1066B0001C6860611868C06840F020001C68E060D9
:1066C000002010BD014691F84100212828D188689A
:1066D000B0F5805F0BD1086948B90A6A1088C0F329
:1066E00008000B685860086A801C086205E00B6AA5
:1066F000581C086218780B685860C88C401E80B21D
:10670000C88458B90868C06820F080000B68D86059
:106710000868C06840F040000B68D86000207047EF
:106720000220FCE72DE9F84304460D46174698463B
:10673000089E31E0701C70B3FCF762FDA0EB08000E
:10674000B04200D816B90320BDE8F8832068C068BD
:1067500000F00400F8B1802D1ED0402D1CD0206820
:106760000068C0F3C000B0B100BF002000902068F6
:106770000068009020684068009000BF00BF20467D
:10678000FFF73DFE0820606400BF002084F8400051
:1067900000BF0120D8E7FFE7206800682840A84232
:1067A00001D1012000E00020B842C3D00020CBE797
:1067B00010B50248FEF702F810BD0000D00200201C
:1067C00010B50248FDF7FAFF10BD000018030020C5
:1067D00000BFFEE7490050EAC12018BF04204A0D5F
:1067E00018BF40F0010040F2FF72B2EB515F08BFEA
:1067F00040F00200012808BF0520704702480068E9
:10680000C0F30220704700000CED00E010B5002836
:1068100004DB0A07130E054A135406E00A07140E98
:10682000034A00F00F031B1FD45410BD00E400E026
:1068300018ED00E02DE9F0414F1E00EBC7010446C2
:10684000D1E9000115461E4637F006020DD02A4652
:10685000334600F087FE7F1E04EBC703D3E9002315
:1068600000F0DCFB37F00602F1D1022F25D0042F17
:1068700013D0062F18BFBDE8F0812A46334600F03A
:1068800071FED4E90A2300F0C9FB2A46334600F022
:1068900069FED4E9082300F0C1FB2A46334600F024
:1068A00061FED4E9062300F0B9FB2A46334600F026
:1068B00059FED4E9042300F0B1FB2A46334600F028
:1068C00051FED4E9022300F0A9FB2A46334600F02A
:1068D00049FED4E90023BDE8F04100F09FBB01224E
:1068E00001F034BB00F09ABB40F2013200204FF0BF
:1068F000E04101F02BBB0000024A0020110701F02B
:1069000025BB000001FDFFFF10B50446D1E90001E1
:1069100000F002F8206010BDF8B504460D466A4646
:1069200000F050FA00987E30009000281EDC002213
:1069300013462046294600F085FD17D0002140F679
:1069400008004FF0000006462046294600F034FBC0
:10695000044640F6080006EA00014FF0000034F05B
:10696000004004BF0220F9F732FD29E00098FF281B
:1069700028DB002108464FF0000000F4400600220A
:1069800013462046294600F0EBFE8CBF002501256A
:106990000220F9F71CFD4FF0FF4446B1002D0CBF5B
:1069A0004FF400004FF48000B04218BF084C04219F
:1069B00008464FF00000002D04BF84F00040F8BDF1
:1069C0002046F8BD20462946BDE8F84000F0F4BA5C
:1069D000FFFF7F7F10B504460A46D4E9000319463D
:1069E00000F01CFAC4E9000110BD30380A2801D2B9
:1069F00001207047002070472DE9F84F04460D46EE
:106A000021F0004000917349814211DC72498842B3
:106A100001DC06D12CB120462946BDE8F84FFFF72E
:106A20005EBF6E48002DCCBF6D496E49BDE8F88F42
:106A30006D49814211DD6D498142D8BF4FF0FF366B
:106A40006DDD20462946FFF7C5FE042808BFFFF785
:106A500053FF20462946BDE8F88F6549654F25F06C
:106A60000045814233DD6449814219DD002632460A
:106A70004FF080432046294600F0D0FA80468A46EF
:106A800001222046294601F061FA00223B4600F02F
:106A9000A9FE4246534600F07DFB04460D463EE00B
:106AA00001260022BA463B462046294600F0B6FAA7
:106AB00080460F46002253462046294600F092FEAB
:106AC00042463B4600F066FB04460D4627E04B4934
:106AD00081421BDDDFF828A1022600225346204612
:106AE000294600F03FFD00223B4600F097FA804621
:106AF0000F46002253462046294600F073FE4246C8
:106B00003B4600F047FB04460D4608E003262246BC
:106B10002B4600203B4900F03DFB04460D46224633
:106B20002B461046194600F01DFD8B468246024654
:106B30000B4600F017FD07460246334888460B46D1
:106B400006217844FFF776FE52465B4600F00AFDC8
:106B500082462E488B463A46434605217844FFF745
:106B600069FE3A46434600F0FDFC02460B46002E05
:106B7000504659460CDA00F051FA22462B4600F0F6
:106B8000F1FC01B022462B46BDE8F04F00F01EBEDE
:106B900000F044FA22462B4600F0E4FC1C4A7A44FA
:106BA00002EBC603D3E9002300F01CFE22462B466D
:106BB00000F018FE174A7A4402EBC603D3E900231B
:106BC00000F004FE009A002AB8BF81F00041BDE841
:106BD000F88F0000000010440000F07F182D44548E
:106BE000FB21F93FFB21F9BF0000DC3F0000203E04
:106BF0000000F33F0000F03F0000E63F008003404C
:106C00000000F83F0000F0BFE2230000A0230000D6
:106C10003E230000062300002DE9F04D9446CCF100
:106C2000000423F000464CEA0404524F46EAD474B0
:106C30009A46884621F00042BC4206D8454240EAC6
:106C4000050442EAD474BC4204D9BDE8F04D624662
:106C5000FFF748BEAAF14055A5F17F6555EA0C043F
:106C60000BD0022404EAAA74434DDFF810E144EA91
:106C7000D87452EA000B04D00CE0BDE8F04DFFF7E9
:106C8000BBBE002C14BF012CBDE8F08D022C30D00F
:106C9000032C32D056EA0C0B0AD0BE4220D1BA42A5
:106CA00009D126F0804622F080423346114617E093
:106CB00000291ADB25E0DFF8C8B0FB44002C04BF34
:106CC000DBE90001BDE8F08D012C02BFDBE900012A
:106CD00081F00041BDE8F08D022C0AD0032C0CD0CD
:106CE000BA4212D1B8F1000F0BDA23482549BDE8AA
:106CF000F08D28462449BDE8F08D28467146BDE850
:106D0000F08D1D482149BDE8F08D921B12153C2ADB
:106D1000C4BF19481D490EDCBAF1000FBEBF12F105
:106D20003C0F0020014606DB624600F033FA21F0FA
:106D30000041FFF761FE002C08BFBDE8F08D012C7B
:106D400004BF81F00041BDE8F08D114A114B022CC7
:106D500007D000F047FD2A46BDE8F04D0A4B00F091
:106D600041BD00F03FFD2A46BDE8F04D064B00F066
:106D70002DBD00000000F07F182D4454FB2109C0F8
:106D80009A220000FB21F9BFFB210940FB21F93FBA
:106D9000075C143326A6A13C30B583B00446F9F74E
:106DA00011FB05460020CDE9000002462146684659
:106DB000F9F7E4FD2846F9F70AFBDDE9000103B025
:106DC00030BD000010B5144600222260114A21F0A7
:106DD00000439342A8BF10BD53EA000208BF10BD94
:106DE000B3F5801FA8BF226807DA362201F0AEF89B
:106DF0006FF0350221F000432260DFF81CC06FF312
:106E00001E510CEB23531A4441F0FF5141F0005145
:106E1000226010BD0000F07F02FCFFFF2DE9F04171
:106E200006460C4640F2FF75174635EA14502BD043
:106E300000221346304600F005FB25D03A46304686
:106E4000214601F083F806460C4635EA145010D06E
:106E500000221346304600F0F5FA15D10220F9F76A
:106E6000B6FAFFF749FD0A46214662F31E01BDE866
:106E7000F0810220F9F7ABFAFFF736FD0A4621460A
:106E800062F31E01BDE8F08130462146BDE8F08185
:106E90001FB5FCF7F5FAFFF720F9FEF7F1F9FEF759
:106EA000D5F9FEF7A3FAFEF7D1FBFEF7EBFBFEF7F1
:106EB000BBFAFEF7F1FAFEF749FBFEF787FB1E4827
:106EC000FCF7FAFF1D48FCF7C1FF3C211C48FDF709
:106ED0007FF93C211B48FDF77BF9FEF753FDFEF7D8
:106EE000D5FDFBF753FCFEF74EF9FEF73DFCFBF733
:106EF0004BFEFBF74BFC1DE0FEF7E8FEFBF77EFCCC
:106F00001149486800F058FD04460D460F4948688D
:106F100000F052FD06460F460C49086800F04CFD93
:106F2000804642460B460AA0CDE90067CDE90245FE
:106F3000FBF738FCE0E70000B0010020F80100207A
:106F40004002002088020020A000002064000020F1
:106F50005B706C6F742C25662C25662C25665D0095
:106F600010B500290AD00878002807D005487844D1
:106F7000F9F7E0F9002801D0002010BD024878445C
:106F800010BD0000DE200000D620000010B5002952
:106F90000AD00878002807D005487844F9F7CAF9DC
:106FA000002801D0002010BD0248784410BD000028
:106FB000CE200000C620000021F00042A2F1605265
:106FC000B2F5801F01F0004328BFD2F17F6C0BD9CE
:106FD0005FEA001C43EAC20242EB507018BF7047E0
:106FE00028BF20F001007047B2F5801FBCBF1846D3
:106FF00070474FEA410C1CF5001F02D2084600F012
:10700000C0BE70B500F058FB00000089FFF7F6BF66
:107010004FF00040A0F580007047000010B591EAE5
:10702000030F48BF83F0004300F1E483841A71EB3F
:10703000030C05D2121943EB0C03001B61EB0C018E
:10704000DFF824E14FEA1154A4EB135C1EEA430F6E
:1070500018BF9EEA445F73D023EA0E03DCF1200ED2
:1070600021EA045143F4801332D322FA0CFE10EBD0
:107070000E0023FA0CFE41EB0E01CCF1200E03FAB8
:107080000EFE10EB0E0051F10001B1F5801FCCF1A6
:10709000200E32D201EB045112FA0EF2BDE810407C
:1070A00058BF7047401C38BF5FEA420218BF7047A4
:1070B000002814BF20F0010041F100014FEA410314
:1070C00013F5001F38BF7047A1F1C04100F042BB6B
:1070D000012A43EB0302ACF1200CDCF11F0E32BF9E
:1070E0004FF0000E23FA0CF310EB030041EB0451B8
:1070F000B4EB115FD0D0A1EB045101F58011490828
:107100005FEA300001EB04510ED350F1000038BFAC
:1071100012FA0EFE08D1BDE81040C9E7401C38BF86
:107120005FEA4202CAD1C3E7BDE810404FEA41031B
:1071300013F5001F38BF7047A1F1C04100F00ABB32
:107140009EEA445F08D011EA5E0FBDE8104004BF1C
:1071500001F0004100207047BDE8104070B500F01C
:10716000ABFA00BF64FBBE3E0000E0FF02494FF0F7
:10717000000000F0B9BE00BF0000F87F491058BF02
:10718000C1F140415B1058BFC3F140438B42EFF364
:10719000008070472DE9C04130B4DFF8A0C23CEA5E
:1071A000111418BF3CEA131400F0EC8081EA0305C7
:1071B0001CEA111444EAD57418BF1CEA131500F038
:1071C000C780A4EB05044FF0004545EAC12145EA1C
:1071D000C32341EA505143EA525304F17F74994268
:1071E00004F500344FEAC0204FEAC22208BF9042A3
:1071F00000F09C804FEA13650FF24016765D4FEA6F
:10720000134506FB05F7C7F1807706FB07F74FEA42
:10721000D737A7FB03687642C8F58038A7FB06CEB0
:1072200038BFA8F1010807FB08E64FF0000EA6FBE7
:10723000028CE6FB03CEDCF1000CCEF1004E38BF31
:10724000AEF1010EA6FB0C584FF000074FF0000501
:10725000E6FB0E87A1FB08C6A0FB07CE16EB0E06C9
:1072600045F10005E1FB076515F1E04E7EBFA4F591
:1072700080345FEA46066D4116F1800745F100054E
:107280004FEA17274FEA066647EA0567A6F1DE468A
:10729000B6F1805F4FEA15251FD9384624F0010C5E
:1072A00005EBC471BCF1FE6F01EB0C1102D8F0BC10
:1072B000BDE8008124425CBF01F5801E9EEAC47FC8
:1072C00002D4F0BCBDE80081244238D4F0BCA1F166
:1072D000C041BDE8004100F03DBA4FEAD22242EA87
:1072E00043524FEAD323A7FB02864FEAD02040EA5D
:1072F000415007FB03661EEA0E0F4FEAD12105FB42
:10730000026658BFA6EB0056B6EB00564FEA520E87
:107310004EEAC37E18EB0E0E56EB530EBDD518EB9E
:1073200002085E417F1C55F10005B6E74FF4801559
:107330004FF000074FF000064FF00008ADE7F0BC3B
:107340004FF0000001F1C04101F00041BDE80081B3
:1073500011EA0C1F0CEA131500D00CE013EA0C1F05
:1073600000F025804FF00000F0BC81EA030101F03D
:107370000041BDE80081F0BCBDE8004181EA0301A5
:1073800000F0E8B9F0BCBDE8004170B500F094F938
:10739000097EFC3E00F007B881EA03014FF00000CF
:1073A00001F00041704781EA030100F0D3B9F0BC5D
:1073B000BDE800414FF0000021497047FFFDFBF997
:1073C000F7F5F4F2F0EEEDEBE9E8E6E4E3E1E0DE18
:1073D000DDDBDAD8D7D5D4D3D1D0CFCDCCCBCAC88A
:1073E000C7C6C5C4C2C1C0BFBEBDBCBBBAB9B8B7B1
:1073F000B6B5B4B3B2B1B0AFAEADACABAAA9A8A8A4
:10740000A7A6A5A4A3A3A2A1A09F9F9E9D9C9C9B71
:107410009A9999989797969595949393929191901C
:107420008F8F8E8E8D8C8C8B8B8A898988888787AD
:107430008685858484838382828181800000FF0722
:107440000000F87F51EA030C17D41CF5801F58BFC9
:10745000BCF5801F00F10680994218BF704708BF35
:107460009042704707D711F5801F58BF13F5801F52
:1074700019D499427047894270471CF5801F08D57E
:10748000BCF5801FF7D58B4218BF704708BF8242FA
:1074900070474FF4001C1CEB410F38BF1CEB430F2F
:1074A00001D28B42704770B500F006F99224490072
:1074B0004FF000514FF08053FFF760BE10F00042D4
:1074C00048BF4042B0FA80F310FA03F10AD0C3F18A
:1074D0001D0303F580634FEA415002EB035202EBB8
:1074E000D12170474FF000007047000051EA030CB3
:1074F00017D41CF5801F58BFBCF5801F00F1068013
:10750000994218BF704708BF9042704707D711F5DE
:10751000801F58BF13F5801F19D4994270478942C4
:1075200070471CF5801F08D5BCF5801FF7D58B422E
:1075300018BF704708BF824270474FF4001C1CEB15
:10754000410F38BF1CEB430F01D28B42704770B51F
:1075500000F0B2F8922449004FF000514FF08053F0
:10756000FFF70CBEDFF848C170B51CEA111E1EBF44
:107570001CEA13159EEA0C0F95EA0C0F00F06F80C1
:1075800081EA030423EA4C134EEAD47E21EA4C112B
:1075900041F4801143F48013AE44A1FB024CA0FBE4
:1075A0000365AEF17F7E361955EB0C05A1FB034C4C
:1075B0004CF10003A0FB021C16EB0C06654153F1D5
:1075C0000003094218BF46F0010613F4007F0BD1F7
:1075D0004FEA03314FEA0530340341EA155140EADE
:1075E00016506FF003020AE04FEAC3214FEAC520AC
:1075F000F40241EA555140EA56506FF0020202EBA4
:107600002E4201EB025585EACE710AD05FEA440CA6
:1076100018BF24F0004450F1000041F1000120EABD
:10762000D47040F2FE7C624500D270BDA84214BF07
:107630004FF080444FF04044002E08BF0024BEF1BC
:10764000806FA8BFA1F1C041BDE8704080F2828088
:107650004FF0000001F1C04101F0004170479EEA87
:107660000C0F0CEA131518BF95EA0C0F06D04FF05B
:10767000000081EA030E0EF0004170BD00F01CF81E
:107680008900013E00F007B800F009B84FEA430C4A
:107690005FEA5C5C08D081EA030100F05BB84FEA66
:1076A000410C5FEA5C5CF6D14FF000000149704785
:1076B0000000FF070000F87F0EF1020E2EF0030E0F
:1076C0005EF8046B364205D4012A43EB030515F539
:1076D000001F12D8012841EB010C1CF5001F0CD82B
:1076E0000ED14FEAD17C15F5001F0CEB4C0C0CF1C0
:1076F000020C08BF4CEBD37C04E04FF0080C01E017
:107700004FEAD37C0CEB4C0526FA05F606F007068B
:10771000B6F1040C06D20EEB860CBDE870404CF0BE
:10772000010C6047DFE80CF0090B02024FF000414A
:107730004FF00000A1F5002170BD19461046012848
:1077400051EB010418BFD4F5001484BF002001F0F0
:10775000004170BD0808A0F500114FEA31017047E3
:1077600053EA010C17D41CF5801F58BFBCF5801FCD
:1077700000F106808B4218BF704708BF82427047F5
:1077800007D713F5801F58BF11F5801F19D48B42FE
:1077900070479B4270471CF5801F08D5BCF5801FC1
:1077A000F7D5994218BF704708BF904270474FF411
:1077B000001C1CEB430F38BF1CEB410F01D2994258
:1077C00070470FB40CBC03BCFFF7C1BE91EA030FB6
:1077D00010B581F000413FF529AC83F0004300F083
:1077E00009B8000010B591EA030F48BF83F00043C9
:1077F0003FF51CAC841A71EB030C07D212198CF004
:10780000004C43EB0C03001B61EB0C01DFF8A4E11F
:107810004FEA1154A4EB135C1EEA430F18BF9EEA13
:10782000445F00F0B08023EA6E03524221EA045123
:10783000C3EB6E0338BF5B1EDCF1200E25D322FAAA
:107840000CFE10EB0E0043FA0CFE41EB0E01CCF1E6
:10785000200E03FA0EFE10EB0E0051F10001CCF1E8
:10786000200E29D412FA0EF201EB0451BDE81040AB
:1078700058BF7047401C1CBFB2F1004F7047002832
:107880000CBF491C20F00100704712EB020E43EBC5
:10789000030218BF4FF0010E4EEA4202ACF1200C79
:1078A000DCF11E0E54D943FA0CFE10EB0E0051F120
:1078B000FF31CCF11E0ED5D50EF1010E12FA0EFEDF
:1078C000404141EB010101EB445C5FEA5C5C10D993
:1078D00010EBDE7001EB045138BFBEF1004FBDE884
:1078E000104018BF704700280CBF491C20F0010051
:1078F000704730D24FEAD42C11F5001124F4006403
:107900001BD0B1FA81F20B3AA41AA41ED2F12003C3
:10791000914030FA03F31943904001EBCC71002CF5
:1079200001EB0451BDE81040A8BF704701F1C04110
:107930004FF0000001F000417047B0FA80F310FAF8
:1079400003F100D110BDE41A173C4805C90AE4E769
:1079500001EB045110BD491001EB0451BDE810408A
:107960004FEA300002E04FF0000170474A0008BFC4
:107970000042F8D0B2F5001F28BF704701F0004167
:107980004FF0000070479EEA445F07D011EA5E0F97
:10799000BDE8104004BF002100207047BDE8104042
:1079A00070B5FFF789FE00BF40DFF63E83F000416F
:1079B000104670470000E0FF43004FEAD30C4FEA47
:1079C0003C0C43401FBF40070CF1605113F0FE4FC9
:1079D00070471CF0006F03D100200CF0004170478D
:1079E0000CF0004343EA507010B540EACC0000F0C0
:1079F00082F900BF000000924FEA0001FFF7AABE23
:107A00004FF000414FF00000A1F500217047000049
:107A100090EA010F48BF81F0004100F1F081421A65
:107A20003CBF801A89184FEAD0524FF07F4C1CEAB5
:107A3000410FA2EBD15318BF9CEA026F00F03B80CC
:107A40004FF0004C4CEA00204CEA012121FA03FCE3
:107A500010EB0C0C1ED202F1FF325FEA1C2040EB4F
:107A6000C25038BF70471CF07F0F4FEA400C18BF60
:107A7000BCF17F4F38BF7047C3F12003994008BF66
:107A800020F00100BCF17F4F38BF7047A0F1C0402B
:107A900000F077B94FEA3C00000A40EBC25028BF23
:107AA0001CF0FF0F4FEA400CE6D018BFBCF17F4F2F
:107AB00038BF7047EAE79CEA026F05D010EA5C0F16
:107AC00008BF00F00040704710B500F014F900BF87
:107AD00064FBBE3E401058BFC0F14040491058BF43
:107AE000C1F140418142EFF30080704750EA010C40
:107AF00000F113801CF5000F58BFBCF5000F01D436
:107B00008842704707D710F5000F58BF11F5000FD6
:107B100015D488427047894270471CF5000F04D580
:107B2000BCF5000FF7D5814270474FF0807C1CEB0D
:107B3000400F38BF1CEB410F01D28142704710B596
:107B400000F0D9F8922449004FF000504FF08051D6
:107B5000FFF7C0BF41000B0ED3F19E0208D950F4CD
:107B600000034FEA032323FA02F048BF4042704764
:107B700010B500F0C0F800BF499224800020704783
:107B80006FF0004282EA20007047000050EA010CCA
:107B900000F113801CF5000F58BFBCF5000F01D495
:107BA0008842704707D710F5000F58BF11F5000F36
:107BB00015D488427047894270471CF5000F04D5E0
:107BC000BCF5000FF7D5814270474FF0807C1CEB6D
:107BD000400F38BF1CEB410F01D28142704710B5F6
:107BE00000F089F8922449004FF000504FF0805186
:107BF000FFF770BF4FF47F0C1CEAD0121EBF1CEAC7
:107C0000D11392EA0C0F93EA0C0F00F0478090EA30
:107C1000010F48BF42F480724FF0004C4CEA002044
:107C20004CEA012102EB0302A0FB0113A2F50002C2
:107C3000002918BF43F001035B0028BF4FEA33035C
:107C400042EB22425FEA132C4CEBC2502EBFBCEB3E
:107C5000436FB2F57C0F70474FEA036CBCF1004FE5
:107C600008BF20F00100B2F57C0F38BF70470BD57C
:107C700082F0FF0212F5803FC8BF704700F1C0409C
:107C8000D8BF00F00040704700F5000C5FEA4C0CD4
:107C900048BF7047B0F1C04000F073B890EA010FE0
:107CA0000CEAD11348BF42F48072624538BF634585
:107CB00004D280EA010000F00040704710B500F0E7
:107CC0001AF800BF8900013E00F007B800F009B8BB
:107CD0005FEA410C5FEA1C6C08D080EA010000F00A
:107CE00050B85FEA400C5FEA1C6CF6D14FF00040E0
:107CF000A0F5800070470EF1020E2EF0030E5EF824
:107D0000044B244204D44FEA4102B2F17F4F11D810
:107D10004FEA4003B3F17F4F0CD80ED14FEAD07C2D
:107D2000B2F17F4F0CEB4C0C0CF1020C08BF4CEB8A
:107D3000D17C04E04FF0080C01E04FEAD17C0CEB61
:107D40004C0324FA03F404F00704B4F1040C06D243
:107D50000EEB840CBDE810404CF0010C6047DFE8EE
:107D60000CF0070802024FF00040A0F5800010BDA3
:107D70000846420018BFD2F1807288BF00F0004070
:107D800010BDFF2141EAD050C005704751EA000CF8
:107D900000F113801CF5000F58BFBCF5000F01D493
:107DA0008142704707D711F5000F58BF10F5000F3B
:107DB00015D481427047894270471CF5000F04D5E5
:107DC000BCF5000FF7D5884270474FF0807C1CEB64
:107DD000410F38BF1CEB400F01D28842704780EA48
:107DE000010081EA000180EA0100FFF7F8BE00000F
:107DF00090EA010F48BF81F000413FF510AE421AF2
:107E000004D882F00042A0EB020011444FEAD052A5
:107E10004FF07F4C1CEA410FA2EBD15318BF9CEAF4
:107E2000026F4AD04FF0004C4CEA00204CEA01218E
:107E300021FA03FCB0EB0C0C0FD412F0FE0F36D07D
:107E40005FEA4C001DD5001240EBC25038BF7047AE
:107E50001CF03F0F18BF70470BE0A2F101025FEA70
:107E60001C2040EBC25038BF70471CF07F0F18BF7A
:107E70007047C3F12003994014BF401E20F0010059
:107E8000704780084FEA122308BF7047B0FA80FCA1
:107E9000A2EB0C02CCF1280C60FA0CF093EA122F42
:107EA00004BF00EBC25070474FEAC3707047130A1B
:107EB0005FEADC1008BF7047F6E79CEA026F04D067
:107EC00010EA5C0F08BF0020704710B5FFF713FFE2
:107ED00040DFF63E81F0004070474FF000007047F1
:107EE000F8F72EBFF9F762B80CF00F03092B08BFA3
:107EF000082000F05F800A2B0BD0082B18BF7047BA
:107F000008BF1CF0400F0AD04FF000004FF00001F6
:107F100070471CF0400F18BF4FF0004070471CF036
:107F2000100F08D020F0704300F07F4242EAD301E6
:107F30004FEA4370704700F0604021F07F4242EA10
:107F4000000201F07F4040EA727070474FF0FF0C72
:107F50004CF4E06C1CEA11531CBF9CEA030C9445E2
:107F6000C2BFDA4201EB02517047002B0DD0BCF1C9
:107F7000000F0FD0002A01F00041A4BF41F0E04102
:107F800041F07F614FF00000704701F000414FF079
:107F90000000704750EA01334FF09B0C18BF4CF0C3
:107FA000806C7FF4E3A87047F9F7A6BBF9F776BDBC
:107FB000F9F704BF1CF4801F11D01CF4E02F03D08C
:107FC0006FEACC31490070474FF04050EFF3008228
:107FD00022F0704242EA000282F3008870474FF0BC
:107FE0000000704702030405060708090A0B0C0D80
:107FF0000E0F10100102000000000000000001023E
:108000000304060708090000000001020304000041
:108010000000000000000000000000000000000060
:1080200000F80000000000000033300000000016DF
:108030000E00160E0000000000000000000040C00E
:108040007840C0784000043F04043F0404000070FE
:1080500088FC08300000001820FF211E0000F008F6
:10806000F000E018000000211C031E211E0000F09B
:108070000888700000001E21232419272110000009
:1080800000160E00000000000000000000000000CC
:1080900000E0180402000000000718204000000261
:1080A0000418E000000000402018070000004040D5
:1080B00080F0804040000202010F01020200000037
:1080C00000F0000000000101011F0101010000009B
:1080D00000000000000000B0700000000000000080
:1080E0000000000000000001010101010101000089
:1080F0000000000000000030300000000000000020
:10810000000080601804006018060100000000E014
:1081100010080810E000000F102020100F000010C1
:1081200010F8000000000020203F20200000007018
:108130000808088870000030282422213000003010
:108140000888884830000018202020110E00000008
:10815000C02010F8000000070424243F240000F889
:108160000888880808000019212020110E0000E06E
:10817000108888180000000F112020110E00003810
:108180000808C83808000000003F00000000007028
:10819000880808887000001C222121221C0000E0B1
:1081A00010080810E0000000312222110F0000002A
:1081B00000C0C000000000000030300000000000DF
:1081C00000C0C0000000000080B07000000000008F
:1081D00080402010080000010204081020004040E8
:1081E000404040404000040404040404040000082B
:1081F00010204080000000201008040201000070E0
:1082000048080808F0000000003036010000C030C7
:10821000C828E810E0000718272423140B000000EA
:10822000C038E0000000203C23020227382008F874
:10823000888888700000203F202020110E00C03068
:10824000080808083800071820202010080008F83F
:1082500008080810E000203F202020100F0008F838
:108260008888E8081000203F20202320180008F804
:108270008888E8081000203F200003000000C0307C
:1082800008080838000007182020221E020008F8FD
:1082900008000008F808203F210101213F200008C4
:1082A00008F8080800000020203F202000000000FF
:1082B0000808F8080800C08080807F00000008F8E7
:1082C00088C028180800203F20012638200008F820
:1082D000080000000000203F20202020300008F887
:1082E000F800F8F80800203F003F003F200008F8A1
:1082F00030C00008F808203F200007183F00E010B9
:1083000008080810E0000F10202020100F0008F8C7
:1083100008080808F000203F210101010000E010DA
:1083200008080810E0000F18242438504F0008F8FF
:10833000888888887000203F2000030C302000705F
:108340008808080838000038202121221C0018085D
:1083500008F8080818000000203F2000000008F876
:1083600008000008F808001F202020201F000878BF
:10837000880000C83808000007380E010000F8081F
:1083800000F80008F800033C0700073C0300081849
:1083900068808068180820302C03032C30200838AF
:1083A000C800C83808000000203F20000000100866
:1083B0000808C838080020382621202018000000AE
:1083C00000FE020202000000007F40404000000C5E
:1083D00030C000000000000000010638C0000002AC
:1083E0000202FE000000004040407F00000000202C
:1083F0001008040810200000000000000000000029
:10840000000000000000808080808080808000026A
:108410000408000000000000000000000000000050
:108420008080808000000019242222223F2008F84A
:10843000008080000000003F112020110E0000008D
:10844000008080800000000E11202020110000001C
:1084500000808088F800000E112020103F200000CE
:10846000808080800000001F2222222213000080D2
:1084700080F0888888180020203F2020000000001D
:10848000808080808000006B94949493600008F852
:10849000008080800000203F210000203F200080DD
:1084A0009898000000000020203F202000000000DD
:1084B00000809898000000C08080807F000008F84D
:1084C000000080808000203F24022D302000000822
:1084D00008F8000000000020203F202000008080DD
:1084E000808080808000203F20003F20003F00806F
:1084F00080008080000000203F2100203F200000FD
:10850000808080800000001F202020201F008080AD
:1085100000808000000080FFA12020110E000000DC
:10852000008080808000000E112020A0FF808080CD
:1085300080008080800020203F212000010000007A
:10854000808080808000003324242424190000804F
:1085500080E0808000000000001F2020000080805C
:10856000000000808000001F202020103F2080801D
:1085700080000080808000010E30080601008080AD
:108580000080008080800F300C030C300F000080D2
:108590008000808080000020312E0E3120008080FD
:1085A00080000080808080818E701806010000802D
:1085B0008080808080000021302C2221300000004B
:1085C0000000807C020200000000003F40400000EC
:1085D0000000FF00000000000000FF00000000029B
:1085E000027C800000000040403F0000000000804E
:1085F00040408000008000000000000101000000F9
:10860000000000000000002F00000000070007002D
:1086100000147F147F1400242A7F2A1200231308D9
:108620006462003649552250000000070000000037
:108630001C224100000041221C000014083E0814C6
:108640000008083E0808000000A0600000080808B4
:108650000808000060600000002010080402003ECE
:108660005149453E0000427F400000426151494669
:10867000002141454B31001814127F100027454559
:108680004539003C4A49493000017109050300366B
:108690004949493600064949291E0000363600007E
:1086A0000000563600000008142241000014141483
:1086B0001414000041221408000201510906003E72
:1086C0004955592E007C1211127C007F49494936C8
:1086D000003E41414122007F4141221C007F494927
:1086E0004941007F09090901003E4149497A007F5B
:1086F0000808087F0000417F4100002040413F0101
:10870000007F08142241007F40404040007F020C5F
:10871000027F007F0408107F003E4141413E007F00
:1087200009090906003E4151215E007F09192946C9
:108730000046494949310001017F0101003F4040A5
:10874000403F001F2040201F003F4038403F006353
:108750001408146300070870080700615149454375
:1087600000007F4141000002040810200000414148
:108770007F0000040201020400404040404000002D
:1087800001020400002054545478007F48444438C7
:1087900000384444442000384444487F003854544E
:1087A000541800087E0901020018A4A4A47C007FCC
:1087B000080404780000447D4000004080847D006F
:1087C000007F102844000000417F4000007C041816
:1087D0000478007C0804047800384444443800FCE1
:1087E000242424180018242418FC007C08040408FD
:1087F00000485454542000043F444020003C404072
:10880000207C001C2040201C003C4030403C0044A8
:1088100028102844001CA0A0A07C004464544C44B0
:108820000000087F41000000007F00000000417F41
:108830000800000804081008A3AC000000000000B5
:1088400000000000000000000000000000000058D0
:1088500038000000000000000000000000A1A3009C
:108860000000000000000000000000000000000008
:108870000000000018242418000000000000000080
:108880000000C4E3000000008060F8074020180FDB
:1088900008C80808281800010000FF00100C034059
:1088A000807F0001061800BAC30000001010F01FFE
:1088B00010F000808282E2928A86800040221508B1
:1088C0001661000040807F0000000000CAC0000068
:1088D00000202020FE2020FF202020FF202020201C
:1088E000000000007F40404744444447404040006F
:1088F00000BDE7000000000000FE929292FE9292FE
:1089000092FE0000000008080484621E010001FEBF
:10891000020404080800CEE20000000000809E92DD
:108920009292929292929E80000000848444442409
:10893000140C070C14244444848400D4BE000000AA
:10894000003E22E2223E40444444FE424342400074
:10895000203F201F11118040300E010E304080005A
:10896000B6AB0000000008884828180FE80808087F
:108970000808080000002011090541817F01010558
:108980000911200000D1BD00000000FC0404FC001F
:10899000C2BA828282FE82828000000F04040F200D
:1089A00010080442817F00000000CBD500000004C5
:1089B0004444445F44F44444445FC4040404000059
:1089C000108E40201807004080403F00010E00D06C
:1089D000C200000040445465C664544400FC444452
:1089E000C442400020124A827F020A92601F0000A7
:1089F000FF000000F0A900000000F80C0B08F8A030
:108A00009E8888FF8888888000007F2121217F0040
:108A1000FC4444444444FC0000CEBB000000008001
:108A200060F80710901011161010D010000001000F
:108A300000FF4040415E4040704E41404000000019
:108A4000000000FF010101310909090989710101D3
:108A50000101FFFF808080808080968180808080FF
:108A60008080FFFF01818181FD8991A1C1FD81810C
:108A70008101FFFF808080809F888482819F808029
:108A80008080FF00000000000000000000000000E7
:108A900000000080E0F8F8FCFCFEFEFFC7838101C7
:108AA0000101000080C0F4F0E08000000000000040
:108AB00000000000000000000000000000000000B6
:108AC00080C0C0F0FF3FFF7F77FF7F3F7767C7879A
:108AD0008706060C0C0C1979F3FF070F0000000045
:108AE0000000000000000080C0E010103030180CC2
:108AF000CC6E6FF3F93D1C0C0603037B7A78706033
:108B000000000101030363F7F3F363C3C383070E9C
:108B10000C1CF8F0000000000000040901C2361E21
:108B200006010000001F3FFEFCFCF00000000000FA
:108B3000000030F0F0B0B01000000000600700014D
:108B40000102060603010000000000F8F81C030003
:108B500000008080C0E0E0F0F0381F0F07033CC049
:108B60000000010103030367630303F8FCFCF8F84A
:108B7000F0F0E0E0C0C080000000000000FFFFE077
:108B8000F0F8FEFEFFFFFFFF010100E0C000C0C0E3
:108B90000018F8F8F080000000C0F0FCFEFFFFFFB6
:108BA000FFFFFFFFFFFFFFFFFFFFFEFCF8F0F003FA
:108BB0003FFFFFFFFFFFFFFFFFFFFCE0E03F7F7F86
:108BC000FFFFF8803F1FBFFFFCF8FCFFFF7F7FFF28
:108BD000FFFFBFFFFFDFFFFFFFFFFFFFFFFFFFFF05
:108BE000FF0000031F1F1F1F0F0F1F1F1FFFFF008E
:108BF00006040F3F3F0F0600077FFFFFFFFFFE78D1
:108C0000787B7FFFDF9FDFCFFFF9FFFFEFEFFFFFF5
:108C1000FFFFFF0000000000000000000000000057
:108C20000000000000C0E0F0F8F87C7E7E7F7F1F2F
:108C30001F1F0F0F0F0F0F3F3F7F7F7FFEFEFCFCBC
:108C4000F8F0E0E0C080000000000000000000003C
:108C50000000000000000000000000000000000014
:108C6000000000000000000000000000000000F80C
:108C7000FE3F0F0707070300000000000000000090
:108C80000000000000000000000103070707070FB5
:108C90001F3FFFFFFCF8E0000000000000000000A4
:108CA00000000000000000000000000000000000C4
:108CB00000000000000000000040E0F8FFFFFFFEA1
:108CC000FCFEFEFCFCC4C4CCD8F0E00080C08000F8
:108CD000008080F8F8FCFCFCFCBC3CFCFCF8F0F1EB
:108CE000F7FFFFFFFF000000000000000000000091
:108CF0000000000000000000000000000000000074
:108D000000000000000000073F7FFFFFFFFFBF9F44
:108D10008783C1E1F9FFFF7D0000070700800103A1
:108D20000303030303030F0F4F1F1F1FFFFFDF9FEB
:108D30008FFFF800000000000000000000000000AD
:108D40000000000000000000000000000000000023
:108D500000000000000000FFFFFFFF030101010110
:108D60000707070704048484868787070700000035
:108D70000000000000000000C0FFFFFF7F3F1F0752
:108D800000000000000000000000000000000000E3
:108D900000000000000000000000000000000000D3
:108DA00000000000010F3FFFF08000020F1F1F1F97
:108DB0000F0F0F0F0F0F0F2F1F1F0F0703000000C4
:108DC000000080E0FCFFFFF7CFFFFEFCE0E0E0E00A
:108DD000E0E0C0C0C0C08080800000000000000053
:108DE00000000000000080C0C0E06070F8F8FCFCEB
:108DF000F8FCFCFEFEEFFFFFFEFCF0E0C0C0C0C0D0
:108E0000C0C0C0C0C0E060603030100000E0FBFFB8
:108E10001F777FFFFFFFFFFFFFFFFFFFE3E1E0E0C2
:108E2000E0E0E0E1E1F3F3F7860C081830600202BD
:108E3000000101C0E0C0808080F7FFFFFFFFFFFF5F
:108E4000FFFFFF1F1F1F1F0303E0E0E0C0818180C1
:108E5000C0E0E030080C0C1E1E1F1F3FBFFCFCFED4
:108E6000FFFFFF7F3F3F0300000000000000000104
:108E70000303070F0F1F3E3C7C78F000000000004A
:108E80000000000030313233343536373839414252
:108E9000434445464030580030313233343536375C
:108EA0003839616263646566403078000400000808
:108EB000000000000000000200010000100000009F
:108EC0004FBB610567ACDD3F182D4454FB21E93FE2
:108ED0009BF681D20B73EF3F182D4454FB21F93FD1
:108EE000E2652F227F2B7A3C075C143326A6813C57
:108EF000BDCBF07A8807703C075C143326A6913C02
:108F0000C4EB98999999C9BF711623FEC671BCBF6D
:108F10006D9A74AFF2B0B3BF9AFDDE522DDEADBFD5
:108F20002F6C6A2C44B4A2BF0D5555555555D53FED
:108F3000FF8300922449C23F6E204CC5CD45B73F08
:108F4000513DD0A0660DB13FEB0D76244B7BA93F80
:108F500011DA22E33AAD903F00000000000000006B
:108F6000303132333435363738396162636465669F
:108F70007870003031323334353637383941424336
:108F8000444546585000000002400000000000A088
:108F90000000000005400000000000C800000000C4
:108FA0000C4000000000409C000000001940000040
:108FB0000020BCBE0000000034400000BFC91B8E72
:108FC00000000004B5400000504BCFD06607E2CF50
:108FD000010000006C4100003E8251AADFEEA73480
:108FE00001000000D9420000DCB5A0E23A301F9732
:108FF000FFFFFFFFB4450000FD25A0C8E9A3C14F56
:10900000FFFFFFFFFF3F00000000008000000000A6
:10901000FF3F000000000080000000007891000881
:10902000000000205C01000028010008A091000859
:109030005C0100200C0D000084010008000000000D
:109040000000F07FFFFFFFFFFFFFEF7F1C0000002D
:1090500043000000F8FFFFFF0C0000000E000000BE
:109060000F0000002E00000010010000430000006F
:10907000F8FFFFFF00404040404040404040414139
:1090800041414140404040404040404040404040DD
:109090004040404040050202020202020202020277
:1090A0000202020202202020202020202020200274
:1090B0000202020202029090909090901010101004
:1090C00010101010101010101010101010101010A0
:1090D0000202020202028888888888880808080834
:1090E0000808080808080808080808080808080800
:1090F0000202020240000000000000000000000028
:10910000000000000000000000000000000000005F
:10911000000000000000000000000000000000004F
:10912000000000000000000000000000000000003F
:10913000000000000000000000000000000000002F
:10914000000000000000000000000000000000001F
:10915000000000000000000000000000000000000F
:1091600000000000000000000000000000000000FF
:109170000000000000000000012832104201032D11
:10918000127A0532295C8F3E1B2041040236C10948
:109190003A3C1B7A440422C40B4248423C00000083
:04000005080000ED02
:00000001FF
