:020000040800F2
:1000000010B80024E102000889810008097A00087C
:1000100081810008310D000861AF00080000000078
:10002000000000000000000000000000B187000890
:10003000C11100080000000031830008E9870008B2
:10004000FB020008FB020008FB020008FB0200089C
:10005000FB020008FB020008FB020008FB0200088C
:10006000FB020008FB020008FB020008E10F000889
:10007000F10F0008011000081110000821100008FD
:10008000FB020008FB020008FB02000849120008FE
:10009000C9120008FB020008FB020008FB0200086E
:1000A000FB020008FB020008FB020008FB0200083C
:1000B00081890008FB020008FB020008FB0200081F
:1000C000FB020008FB020008FB020008FB0200081C
:1000D000B9860008FB02000849920008FB020008EC
:1000E000FB020008FB02000800000000FB02000801
:1000F000FB020008FB020008FB020008FB020008EC
:10010000FB020008FB020008FB020008FB020008DB
:10011000FB020008E98A0008FB020008FB02000855
:10012000FB020008FB020008FB020008FB020008BB
:10013000FB020008FB020008FB020008FB020008AB
:1001400000000000000000000000000000000000AF
:10015000FB020008FB020008FB020008FB0200088B
:10016000FB020008FB020008FB020008FB0200087B
:10017000FB02000891810008FB020008000000005B
:10018000FB020008FB020008FB020008FB0200085B
:10019000FB020008FB020008FB020008FB0200084B
:1001A000FB020008FB020008FB0200080000000040
:1001B000FB020008FB020008FB020008FB0200082B
:1001C000FB020008FB020008000000000000000025
:1001D0000000000000000000FB020008000000001A
:1001E000000000000000000000000000000000000F
:1001F0000000000000000000FB020008FB020008F5
:10020000FB020008FB02000800000000FB020008DF
:10021000FB020008FB020008FB020008FB020008CA
:10022000FB02000800000000FB02000800000000C4
:10023000FB020008FB02000800000000FB020008AF
:10024000FB020008FB020008FB020008FB0200089A
:10025000FB020008FB020008FB020008FB0200088A
:10026000FB020008FB020008FB020008FB0200087A
:10027000FB020008FB020008FB020008000000006F
:10028000FB020008FB020008FB020008FB0200085A
:1002900000000000FB020008FB0200080000000054
:1002A00000000000FB020008FB020008FB0200083F
:1002B000FB020008FB020008FB02000849130008CB
:1002C000FB020008FB020008FB020008DFF80CD06C
:1002D00000F07AF80048004719B1000810B800246F
:1002E0000648804706480047FEE7FEE7FEE7FEE7D0
:1002F000FEE7FEE7FEE7FEE7FEE7FEE7D18800083F
:10030000CD0200082DE9F05F0546002092469B468D
:1003100088460646814640241BE02846414647461B
:10032000224600F041F853465A46C01A914110D374
:1003300011461846224600F028F82D1A67EB0108EE
:100340004F4622460120002100F01FF817EB00095C
:100350004E41201EA4F10104DFDC484631462A4606
:100360004346BDE8F09FD2B201E000F8012B491EE0
:10037000FBD270470022F6E710B513460A46044642
:100380001946FFF7F0FF204610BD202A04DB203A73
:1003900000FA02F1002070479140C2F1200320FAD8
:1003A00003F3194390407047202A04DB203A21FAD6
:1003B00002F00021704721FA02F3D040C2F120027E
:1003C00091400843194670471CB5094800900948F8
:1003D00001900546009C06E0E06840F0010394E8C7
:1003E000070098471034AC42F6D3FFF773FF0000C4
:1003F00038C6000858C6000830B58C1810F8012B14
:1004000012F00F0301D110F8013B120906D110F8C8
:10041000012B03E010F8015B01F8015B5B1EF9D1D1
:1004200001E001F8013B521EFBD1A142E6D30020BE
:1004300030BD00000000000070B52DED108B84B0C1
:1004400090ED00BA0546B5EE40BA0E46F1EE10FA50
:1004500016D195ED010AB5EE400AF1EE10FA0FD172
:1004600095ED020AB5EE400AF1EE10FA08D19FEDC3
:10047000A60AB0EE402AB0EE403AB0EE401A5BE079
:1004800095ED01EAB0EE4B0AB0EE4E1A95ED02FA88
:100490009FED9EAADFED9EBAAFEE0A0AAFEE2B1AD1
:1004A000B7EEC08AB7EEC19AB0EE480BB0EE491B6A
:1004B0000BF07AFEB0EE4B1A9FED8FCBAFEE4A1ADF
:1004C00020EE0C0B9FED8EDB80EE0D0BB7EEC1AA7C
:1004D000B0EE491BF7EEC0EBB0EE4A0B0BF064FE3A
:1004E000AFEE6BEA20EE0C0B80EE0D0BB7EECE9A62
:1004F000B7EEC0FBB0EE4A0BB0EE491B0BF054FE5A
:1005000020EE0C0BB0EE491B80EE0D0BB7EEC0AB2E
:10051000B0EE480B0BF048FE20EE0C0B9FED7D4A31
:100520002EEE843A80EE0D0B2FEE042AB7EEC01BA0
:100530002AEE040A21EE041A9FED774A002183EE89
:10054000043A9FED765A82EE042A684680EE040A49
:1005500033EE053A9FED725A32EE052A8DED003AE0
:1005600081EE041A8DED012A9FED6E2A30EE022AEB
:100570009FED6D0A31EE001A8DED022A8DED031A02
:100580009FED6A1A9FED6A2A07E000BF33EE043A36
:1005900082ED003A0431102911D04218B0EE414AE0
:1005A00092ED003AB4EE423AF1EE10FAEEDCB0EE23
:1005B000424AB5EE403AF1EE10FAE7DBEAE7B5EE73
:1005C00040BAF1EE10FA20D195ED011AB5EE401ABD
:1005D000F1EE10FA19D195ED021AB5EE401AF1EECE
:1005E00010FA12D14AF66070C2F20040011F0020DA
:1005F00091ED010A0431BDEEC00A10EE102A26F872
:10060000102001300428F3D172E040F6601142F26C
:10061000F433C2F200410022C2F200439FED3D1AC2
:100620009FED432A9FED433A9FED404A08E000BF0B
:1006300035EE065A85ED005A04320131102A3ED0BB
:1006400002EBC2051D44B5F9A440851805EE104A19
:10065000B8EEC56A95ED005A35EE467AB4EE417AA9
:10066000F1EE10FA02DD36EE026A06E0B4EE437AED
:10067000F1EE10FA01DA36EE046A35EE466AB0EEB3
:10068000C66AB4EE406AF1EE10FA05DD35EE035AA3
:10069000FF2485ED005A00E001240C70B0EE446A9E
:1006A00095ED005AB4EE425AF1EE10FAC0DCB0EE0D
:1006B000426AB5EE405AF1EE10FAB9DBBCE74AF6F1
:1006C0006071021FC2F200410020043992ED010A5C
:1006D0000432BDEEC01AB6EEC00A81ED010A11EE79
:1006E000103A26F8103001300B1D04281946EDD1C0
:1006F00004B0BDEC108B70BD0000000000806640AF
:10070000000000C0CA2109400000C07FCDCC4C3E93
:10071000EC51383E000080450000344300A8EA4513
:100720000000C0450058954500000045000000C687
:1007300000000046000080C52DE9F04F85B041F66D
:1007400055504AF60001C1F60000039041F2AB207B
:100750000022C0F6000004904AF6607045F60003DF
:10076000C2F20040C4F2EA51C4F2C052C4F295533E
:1007700001604FF08A41C0E9012303AAC16041F63C
:1007800034614CF6CD4742F2F434901E02900125BC
:10079000002040F2DB56C2F20041CCF6CC47C2F258
:1007A000004401F55471019116E000BF42F6DC41AE
:1007B00000222046C2F2004100F0EAFB4CF6CD4791
:1007C00040F2DB56CCF6CC47012005EA09050AF0D9
:1007D0007FFF002D40464BD000F101084FF000098B
:1007E00008FB07F1B04238BF4FF00109B1F1333FC8
:1007F000EAD84FF0000BDDE9016A00BF04EB0B07FC
:100800003AF9020FB7F9A41001EE100A421A0B468A
:1008100012F5805FF8EEC10AB8BFA3F50053B2F538
:10082000805FA6F14800C8BF01F5005319B200EE81
:10083000101AB8EEC00A07F0B3FCB7F9A200F6EE42
:10084000C00A01EE100A3046B8EEC11AB0EE410AF5
:1008500007F0A6FCBDEEC00A0BF1240BBBF1900F14
:1008600006F1B80610EE100AA7F89E00C6D19DE763
:1008700005B0BDE8F08F00008AB042F2F4310020EC
:10088000C2F200414FF4007240F2FF130F182430FF
:1008900090287A60C7F89430F8D14CF6CD40B0EE8D
:1008A00000AAC3F6CC50059000204CF28F28C4F269
:1008B000A02004904FF07E50019041F6346040F249
:1008C0000009C2F200400025C3F6F548C4F25019F1
:1008D00000F170040DF11C0A9FED9A8A04AE9FEDA1
:1008E0009A9A01AF9FED94BA09959FED94CACDF8FD
:1008F00020809FED93DACDE90659CDE9025514E049
:10090000B0EE4B0AF0EE4C0A324607F0E5FCB0EED2
:100910004D0AF0EE4A0AA4F1480000213A4607F0D9
:10092000DBFC0135B834082D09D000212046032D09
:10093000E6D85246B0EE480AF0EE490AEFE742F236
:1009400060749FED808AC2F200449FED7F9A4FF45D
:10095000007042F2F0556060B0EE480AA0620020DC
:1009600009904AF22700F0EE490AC3F609300690D2
:100970004BF21770C2F2004507AFC3F65110059055
:100980004FF08040049005F1700000213A46CDE917
:10099000079807F0A1FCB0EE480AF0EE490A05F509
:1009A0009476002130463A4607F096FCB0EE480AAD
:1009B00004AF05F12800DFED650A00213A4607F093
:1009C0008BFCB0EE480A05F1E000DFED610A002182
:1009D0003A4607F081FC4FF47A700AF079FE0BF08A
:1009E0007BF9B1EE008A43F2407540F6301742F2CF
:1009F000145A9FED4FAB42F6DC4B41F6306942F2A0
:100A00002058C2F20045C2F200479FED529AC2F24E
:100A1000004A9FED51BAC2F2004BC2F20049C2F245
:100A20000048079004E000BF052107A80AF0B4FEC3
:100A3000287818B9FFF780FE01202870B7F9060062
:100A4000B7F9021000EE100AB7F9040003EE101A0D
:100A500002EE100AB8EEC00AB8EEC33AB8EEC22AE7
:100A600020EE080A23EE083A22EE082A80EE091A40
:100A70008AED001AB0EEC10A83EE091A8AED021A55
:100A8000B7EEC00AB4EE4A0B82EE090AF1EE10FA94
:100A90008AED010A02DA0020CAF80000B0EEC00AAE
:100AA000B7EEC00AB4EE4A0BF1EE10FA02DA0020FB
:100AB000CAF80400B7F9000000EE100AB4F93600D5
:100AC000B8EEC00A20EE0B1A00EE100A42F2E8500F
:100AD000C2F20040B8EEC00AC1EE090AC0ED000A39
:100AE000304607F05DFBBDEEC00A0022594610EE0D
:100AF000100A6086204600F023FA0AF07DFAD9F841
:100B000000000130C9F80000B0F5FA7F8CD3B8F8C6
:100B100000000021C9F8001000284FF47A6008BFD7
:100B20004FF47A70A8F800007EE700BF00BF00BF56
:100B3000B81E85EB51B89E3F0050C3460000FA45F1
:100B400000007A4300007A460080BB44000048421F
:100B50000000964400003E440000B4430000000042
:100B600010B52DED0E8B84B090ED009A9FED520ADA
:100B7000B0EE491A90ED02CA90ED01AA9FED4FBA6E
:100B8000ACEE001AB0EE4A0AACEE0B0AB7EEC11A90
:100B9000B7EEC00A21EE018B20EE00DB38EE0D1B14
:100BA000B1EEC10BB4EE400BF1EE10FA63D69FED3F
:100BB000441AACEE019AB1EE4CCAB7EEC91A9FEDD9
:100BC0003C9B21EE01EB20EE092B3EEE0D1BB7EE18
:100BD000C22B8DED002AB1EEC10BB4EE400BF1EE4D
:100BE00010FA4FD6ACEE0BAA20EE092BB7EEC22BB3
:100BF000B7EECA1A8DED012A21EE01AB3EEE0A1BBB
:100C0000B1EEC10BB4EE400BF1EE10FA41D638EE66
:100C10000A1B20EE092BB1EEC10BB7EEC22BB4EECE
:100C2000400B8DED022AF1EE10FA39D620EE090BB9
:100C300040F66010C2F20040023901380022B7EEDF
:100C4000C00BEC468DED030A0CEB020410F9013FDA
:100C5000043294ED000A102ABDEEC00A10EE104ACC
:100C600004FB03F3C3F1000321F8023FECD104B00D
:100C7000BDEC0E8B10BDB0EE410B0C460BF078FBBB
:100C8000214694E7B0EE410B0C460BF071FB214678
:100C9000A8E7B0EE410B0C460BF06AFB2146B6E725
:100CA000B0EE410B0C460BF063FB2146BEE700BFE4
:100CB00000000020191E9E40CDCC4C3EEC51383E29
:100CC000CDCC4CBE0000000043F210600121C2F206
:100CD00000403222C1660168A0F85C20D0F8800094
:100CE0008A6842F040028A600A6842F010020A6094
:100CF000006800BF026822F0010202600268D207A9
:100D0000F8D12431816040F20001C2F20041C1609B
:100D10001931016119214160016841F480210160AC
:100D2000016841F00101016070470000000000000F
:100D3000FEE70000000000000020704700000000F7
:100D4000002070470000000010B542F2A87441F284
:100D50003061C2F20044C2F200410022204608F095
:100D60004BFC40F630612046C2F2004108F034FCF2
:100D7000002010BD0000000080B5088809F0F0FFD9
:100D8000002080BD0000000000207047000000002F
:100D9000FFF772FDFCE70000B2F5002F40F0C280C3
:100DA0008A7902770A8812BA120C82824A8812BAA9
:100DB000120C42828A880178022912BA4FEA124242
:100DC000028228D0012914D0002918BF7047017B66
:100DD00029B9818AC1820021816101210173B0F9A1
:100DE0001410B0F91620914227DA8B1A03F500533C
:100DF00027E0017B29B9818AC1820021816101211B
:100E00000173B0F91410B0F9162091421EDA8B1A52
:100E100003F500531EE0017B29B9818AC1820021BC
:100E2000816101210173B0F91410B0F916209142CB
:100E300015DA8B1A03F5005315E019DD8B1AA3F5AB
:100E4000005300EE103AB8EEC00A13E02DDD8B1A05
:100E5000A3F5005300EE103AB8EEC00A27E03FDDDC
:100E60008B1AA3F5005300EE103AB8EEC00A39E031
:100E70009FED2D0A8A1AC18201EE102AB8EEC12A0E
:100E8000B0EEC01AB0EEC23AB4EE431A90ED061AB4
:100E9000F1EE10FA04DD9FED280A22EE000A3BE095
:100EA0009FED252A20EE020A36E09FED1F0A8A1ADE
:100EB000C18201EE102AB8EEC12AB0EEC01AB0EE1F
:100EC000C23AB4EE431A90ED061AF1EE10FA04DDC0
:100ED0009FED180A82EE000A1EE09FED162A19E027
:100EE0009FED110A8A1AC18201EE102AB8EEC12ABA
:100EF000B0EEC01AB0EEC23AB4EE431A90ED061A44
:100F0000F1EE10FA04DD9FED090A82EE000A03E01B
:100F10009FED062A80EE020A9FED052AA0EE021A36
:100F200080ED061A704700BF0000000000009048E6
:100F30000000B44300001848000000390000000021
:100F400070B582B00346C08916465C8E05BA084665
:100F5000290CB3F8565022BAADF80010110CADF8B8
:100F600002102ABAB3F87A10120CADF804200ABAAB
:100F70009988120CADF806206A46082309F0F4FFA0
:100F800030460AF0F5F802B070BD00000000000025
:100F900070B582B00346B0F89E001646B3F8C24062
:100FA00005BA0846290CB3F8E65022BAADF800108D
:100FB000110CADF802102ABAB3F80A11120CADF8F0
:100FC00004200ABAB3F89410120CADF806206A4651
:100FD000082309F0C9FF30460AF0CAF802B070BD14
:100FE00042F68420C2F2004000F0B2BD00000000D2
:100FF00042F6FC20C2F2004000F0AABD0000000052
:1010000042F67430C2F2004000F0A2BD00000000C1
:1010100042F6EC30C2F2004000F09ABD0000000041
:1010200042F66440C2F2004000F092BD00000000B1
:1010300040F20F42D0F800C0C4F20202944510DC26
:101040006F22C4F20202944520DC3F22C4F2020265
:10105000944536DC1022C4F20202944554D0282272
:101060004EE040F26F42C4F2020294451ADC40F2B4
:101070003F42C4F2020294452ADC40F21042C4F21C
:101080000202944540D040F2284239E09F22C4F247
:101090000202944525DC7022C4F20202944533D04A
:1010A00088222DE040F29F42C4F2020294451FDCE8
:1010B00040F27042C4F20202944525D040F28842C8
:1010C0001EE04022C4F2020294451DD0582217E0CF
:1010D00040F24042C4F20202944515D040F2584218
:1010E0000EE0A022C4F2020294450DD0B82207E01F
:1010F00040F2B842C4F20202944505D040F2A04248
:10110000C4F20202944517D10CF0F8024AF6AB2360
:10111000103ACAF6AA23A2FB033109A35F2AC1F33E
:1011200002115B5C40F2FF312CEA0101C36588BF0C
:1011300004318165084670472CF0FF01F9E700BFD4
:1011400000061016000610164EF6FC51CEF20001F5
:101150000A6842F080720A6041F200010022CEF279
:1011600000014A600B6843F001030B6044F2402128
:10117000C0F20F01484340F67411C2F2004108600A
:1011800044F6D351C1F26201A0FB01134DF6836115
:10119000C4F21B31A0FB010140F67810C2F20040FE
:1011A0009B090360880C40F67C11C2F20041086084
:1011B00040F68010C2F2004002607047000000005C
:1011C0007047000000000000EFF3108072B600BF0F
:1011D000FEE700000000000010B58AB000240220E5
:1011E00004900120CDE9050442F6DC4002A9C2F2D8
:1011F00000400794CDE9024401F096FD08B1FFF7E5
:10120000E3FF42F6DC400221C2F20040022200234A
:10121000009401F0CDFD08B1FFF7D6FF42F6DC40A7
:101220000121C2F20040002201F006FD08B1FFF7E3
:10123000CBFF42F6DC40C2F2004002F0B9FB08B13D
:10124000FFF7C2FF0AB010BD42F6DC40C2F2004018
:1012500001F09EBE0000000010B58AB0012003908E
:10126000022002A9CDE9040042F67C500024C2F21B
:1012700000400294CDE9064401F056FD08B1FFF7A5
:10128000A3FF42F67C500221C2F20040022200235A
:10129000009401F08DFD08B1FFF796FF42F67C50F7
:1012A0001021C2F20040002201F0C6FC08B1FFF795
:1012B0008BFF42F67C50C2F2004002F079FB08B18D
:1012C000FFF782FF0AB010BD42F67C50C2F2004028
:1012D00001F05EBE0000000010B58AB000240220BC
:1012E000CDE90300012002A9CDE9050442F61C6006
:1012F0000294C2F20040079401F016FD08B1FFF716
:1013000063FF42F61C600221C2F200400222002369
:10131000009401F04DFD08B1FFF756FF42F61C6046
:101320001021C2F20040002201F086FC08B1FFF754
:101330004BFF42F61C60C2F2004002F039FB08B1DC
:10134000FFF742FF0AB010BD42F61C60C2F2004037
:1013500001F01EBE00000000F0B5D1E900C4D1F8D4
:1013600008E00D692CB14EEA0C04254345F0804C91
:1013700003E045EA8C4444EA0E0C856ED0F8847094
:10138000D1E907466B438D6944EA0660D1F814E061
:101390000543CC6807EB830045EA0E0647F823C0F7
:1013A00046EA04034360CB68B3F5803F38BFF0BD25
:1013B0004CF2E85C083001320023C0F6000C00BF9C
:1013C000D71857F8017CC750CF8904331CF8077031
:1013D000BB42F5D3F0BD00002DE9F041044602F018
:1013E00007FC14B3054694F83500022820D140F2DA
:1013F0000F472668C4F2020740F26F48BE426FF002
:101400000E00C4F2020817DC6F21C4F202018E4202
:1014100023DC3F21C4F202018E4239DC1021C4F2E8
:1014200002018E4258D0282151E00120BDE8F08110
:1014300080206065012037E246451ADC40F23F41DA
:10144000C4F202018E422ADC40F21041C4F20201D1
:101450008E4241D040F2284139E09F21C4F202017E
:101460008E4225DC7021C4F202018E4234D08821E4
:101470002DE040F29F41C4F202018E421FDC40F297
:101480007041C4F202018E4226D040F288411EE033
:101490004021C4F202018E421ED0582117E040F2D2
:1014A0004041C4F202018E4216D040F258410EE093
:1014B000A021C4F202018E420ED0B82107E040F212
:1014C000B841C4F202018E4206D040F2A041C4F2FB
:1014D00002018E42314607D13146306820F01E00AD
:1014E00041F8140B6FF080000A68464500EA0200DC
:1014F000086019DC9F20C4F20200864231DC5720CC
:10150000C4F20200864256DC1020C4F20200864279
:1015100000F091802820C4F20200864200F08B8007
:101520004020C4F2020084E045F22F40C5F60200DC
:1015300086422BDC40F2B740C4F20200864248DC0F
:1015400040F27040C4F20200864274D040F28840FB
:10155000C4F2020086426ED040F2A040C4F2020003
:1015600067E040F22740C4F20200864240DCA0203F
:10157000C4F2020086425ED0B820C4F20200864265
:1015800059D040F21040C4F2020052E045F26B40E4
:10159000C5F6020086423CDC45F23040C5F602004A
:1015A000864248D045F24440C5F60200864242D009
:1015B00045F258403BE05820C4F2020086423AD03F
:1015C0007020C4F20200864235D08820C4F20200A6
:1015D0002FE040F2B840C4F2020086422BD045F220
:1015E0000840C5F60200864225D045F21C401EE0A8
:1015F00040F22840C4F2020086421CD040F2404033
:10160000C4F20200864216D040F25840C4F20200F2
:101610000FE045F26C40C5F6020086420BD045F261
:101620009440C5F60200864205D045F28040C5F6DA
:101630000200864204D1206E016821F480710160AD
:10164000306820F0010030603068C0070BD002F035
:10165000CFFA401B0628F7D320206065032084F8CA
:101660003500012020E120680821B8424FF03F02F8
:1016700010DC6F23C4F2020398421CDC3F23C4F247
:101680000203984232DC1023C4F20203984251D084
:1016900028234AE040451ADC40F23F43C4F20203EB
:1016A00098422ADC40F21043C4F20203984241D02F
:1016B00040F2284339E09F23C4F20203984225DC1C
:1016C0007023C4F20203984234D088232DE040F204
:1016D0009F43C4F2020398421FDC40F27043C4F2FD
:1016E0000203984226D040F288431EE04023C4F211
:1016F000020398421ED0582317E040F24043C4F240
:101700000203984216D040F258430EE0A023C4F2E0
:10171000020398420ED0B82307E040F2A043C4F27F
:101720000203984206D040F2B843C4F20203984242
:1017300040F0BF80D4E9163707F01F07404502FA92
:1017400007F25A5019DC9F21C4F20201884231DCB1
:101750005721C4F20201884256DC1021C4F2020172
:10176000884200F091802821C4F20201884200F0F2
:101770008B804021C4F2020184E045F22F41C5F67E
:10178000020188422BDC40F2B741C4F202018842D8
:1017900048DC40F27041C4F20201884274D040F249
:1017A0008841C4F2020188426ED040F2A041C4F2E6
:1017B000020167E040F22741C4F20201884240DCA6
:1017C000A021C4F2020188425ED0B821C4F2020115
:1017D000884259D040F21041C4F2020152E045F271
:1017E0006B41C5F6020188423CDC45F23041C5F64A
:1017F0000201884248D045F24441C5F602018842C0
:1018000042D045F258413BE05821C4F202018842DF
:101810003AD07021C4F20201884235D08821C4F246
:1018200002012FE040F2B841C4F2020188422BD0FD
:1018300045F20841C5F60201884225D045F21C4117
:101840001EE040F22841C4F2020188421CD040F25E
:101850004041C4F20201884216D040F25841C4F21D
:1018600002010FE045F26C41C5F6020188420BD03F
:1018700045F29441C5F60201884205D045F2804107
:10188000C5F6020188420BD1616EA26EE06E4A601D
:1018900030B1016821F480710160D4E91C0141601C
:1018A000012084F835000020002184F83410BDE8C0
:1018B000F081042101223DE7F0B190F835100229B2
:1018C00018D180B540F20F420168C4F20202914281
:1018D00014DC6F23C4F20203994224DC3F23C4F2D8
:1018E000020399423ADC1023C4F20203994258D011
:1018F000282352E0802141650120704740F26F4368
:10190000C4F2020399421ADC40F23F43C4F20203DC
:1019100099422ADC40F21043C4F20203994240D0BB
:1019200040F2284339E09F23C4F20203994225DCA8
:101930007023C4F20203994233D088232DE040F291
:101940009F43C4F2020399421FDC40F27043C4F289
:101950000203994225D040F288431EE04023C4F29E
:10196000020399421DD0582317E040F24043C4F2CD
:101970000203994215D040F258430EE0A023C4F26E
:10198000020399420DD0B82307E040F2B843C4F2F5
:101990000203994205D040F2A043C4F202039942E7
:1019A0006ED191424FF0040280F8352010DC6F2098
:1019B000C4F20200814220DC3F20C4F202008142D6
:1019C00036DC1020C4F20200814253D028204EE0C1
:1019D00040F26F40C4F2020081421ADC40F23F4004
:1019E000C4F2020081422ADC40F21040C4F202003C
:1019F00081423FD040F2284039E09F20C4F20200EB
:101A0000814225DC7020C4F20200814232D088205D
:101A10002DE040F29F40C4F2020081421FDC40F200
:101A20007040C4F20200814224D040F288401EE09F
:101A30004020C4F2020081421CD0582017E040F23E
:101A40004040C4F20200814214D040F258400EE0FF
:101A5000A020C4F2020081420CD0B82007E040F27E
:101A6000B840C4F20200814204D040F2A040C4F267
:101A700002008142086820F001000860002080BD5B
:101A80000A6822F00E020A6045F25742C5F60202C9
:101A900091420A6822F001020A600EDC45F22F42F0
:101AA000C5F60202914217DC45F20842C5F6020271
:101AB000914226D045F21C421FE045F27F42C5F616
:101AC0000202914211DC45F25842C5F602029142EF
:101AD00017D045F26C4210E045F23042C5F60202E2
:101AE00091420ED045F2444207E045F29442C5F6D9
:101AF0000202914205D045F28042C5F602029142AF
:101B00001AD1D0E9181CD0E916E30A6822F48072D1
:101B10000A6003F01F01012202FA01F1CEF804105D
:101B2000816ECCF80410C16E31B10A6822F4807263
:101B30000A60D0E91C124A60012180F83510016D5D
:101B40000022002980F8342098D08847002080BDEA
:101B50002DE9F04381B00021009140F6580148F290
:101B6000B513C2F20041C1F64E33856D40F26F49A4
:101B70000A680168C4F202092E68A2FB03284945DD
:101B80002B6815DC9F22C4F2020291422BDC572203
:101B9000C4F2020291424FDC1022C4F202029142CE
:101BA00078D02822C4F20202914273D040226CE025
:101BB00045F22F42C5F60202914227DC40F2B742BD
:101BC000C4F20202914243DC40F27042C4F20202CB
:101BD00091425FD040F28842C4F20202914259D051
:101BE00040F2A04251E040F22742C4F20202914288
:101BF0003DDCA022C4F2020291424BD0B822C4F2D2
:101C00000202914246D040F210423EE045F26B4261
:101C1000C5F60202914275DC45F23042C5F6020279
:101C2000914200F0828045F24442C5F602029142A0
:101C30007BD045F2584273E05822C4F2020291422E
:101C400028D07022C4F20202914223D088221CE0E4
:101C500040F2B842C4F2020291421BD045F208425F
:101C6000C5F60202914260D045F21C4258E040F2B3
:101C70002842C4F2020291420CD040F24042C4F227
:101C80000202914206D040F25842C4F2020291424E
:101C900040F02D84C26D082302F01F0293403342AE
:101CA00000F0168140F20F44C4F20204A1424FF04A
:101CB000040413DC6F27C4F20207B94200F39180D9
:101CC0003F27C4F20207B94200F3D2801027C4F2C2
:101CD0000207B94200F0F0802827E8E0494500F308
:101CE0008C8040F23F47C4F20207B94200F3C7803C
:101CF00040F21047C4F20207B94200F0DD8040F222
:101D00002847D4E045F26C42C5F6020291420CD05D
:101D100045F28042C5F60202914206D045F2944255
:101D2000C5F60202914240F0E2830E68C26D02F0F5
:101D30001F02042707FA02F41C4218BF16F004071A
:101D40002CD1022707FA02F41C4218BF16F0020732
:101D500062D1D3401B0740F1CA8316F0080300F09C
:101D6000C68340F20F43C4F2020399426FF01C0392
:101D700000F318836F27C4F20207B94200F35483BB
:101D80003F27C4F20207B94200F3B4831027C4F21C
:101D90000207B94200F0D3832827CAE332046C60FB
:101DA0005ED4B20600F1A18340F20F42C4F20202F7
:101DB00091426FF0080200F3E3826F23C4F2020342
:101DC000994200F302833F23C4F20203994200F3D5
:101DD00047831023C4F20203994200F0838328232F
:101DE0007AE39F27C4F20207B94251DC7027C4F29C
:101DF0000207B94260D0882759E040F29F47C4F2F9
:101E00000207B9424BDC40F27047C4F20207B94204
:101E100052D040F288474AE032046C6000F19C8264
:101E2000B20600F1CF8340F20F42C4F202029142A7
:101E30006FF0140200F3D6826F23C4F202039942BA
:101E400000F315833F23C4F20203994200F38C830D
:101E50001023C4F20203994200F0AB832823A2E3CB
:101E6000F10300F14283816C002940F079833EE365
:101E70004027C4F20207B9421ED0582717E040F2AB
:101E80004047C4F20207B94216D040F258470EE06C
:101E9000A027C4F20207B9420ED0B82707E040F2EB
:101EA000A047C4F20207B94206D040F2B847C4F2D4
:101EB0000207B94218BF08240F68274208D00F68EC
:101EC00027F004070F60AB60436D43F001034365E7
:101ED0000123934033426FD040F20F47C4F2020710
:101EE000B94210DC6F27C4F20207B9421CDC3F275D
:101EF000C4F20207B94232DC1027C4F20207B94229
:101F000051D028274AE049451ADC40F23F47C4F245
:101F10000207B9422ADC40F21047C4F20207B94274
:101F200041D040F2284739E09F27C4F20207B94266
:101F300025DC7027C4F20207B94234D088272DE08F
:101F400040F29F47C4F20207B9421FDC40F27047DB
:101F5000C4F20207B94226D040F288471EE040276B
:101F6000C4F20207B9421ED0582717E040F240479A
:101F7000C4F20207B94216D040F258470EE0A0273B
:101F8000C4F20207B9420ED0B82707E040F2B847C2
:101F9000C4F20207B94206D040F2A047C4F20207D9
:101FA000B94240F0E1814F6907F0800424B1AB6091
:101FB000436D43F0020343650423934033426FD0E3
:101FC00040F20F47C4F20207B94210DC6F27C4F297
:101FD0000207B9421CDC3F27C4F20207B94232DCD7
:101FE0001027C4F20207B94251D028274AE04945D8
:101FF0001ADC40F23F47C4F20207B9422ADC40F241
:102000001047C4F20207B94241D040F2284739E0F4
:102010009F27C4F20207B94225DC7027C4F20207E9
:10202000B94234D088272DE040F29F47C4F202071E
:10203000B9421FDC40F27047C4F20207B94226D011
:1020400040F288471EE04027C4F20207B9421ED082
:10205000582717E040F24047C4F20207B94216D0B1
:1020600040F258470EE0A027C4F20207B9420ED052
:10207000B82707E040F2B847C4F20207B94206D0D9
:1020800040F2A047C4F20207B94240F073810F68E2
:1020900007F0020424B1AB60436D43F004034365D1
:1020A000102303FA02F232427ED040F20F43C4F210
:1020B000020399424FF0080310DC6F27C4F20207B5
:1020C000B9421CDC3F27C4F20207B94232DC1027B8
:1020D000C4F20207B94251D028274AE049451ADC28
:1020E00040F23F47C4F20207B9422ADC40F21047EF
:1020F000C4F20207B94241D040F2284739E09F2795
:10210000C4F20207B94225DC7027C4F20207B942C3
:1021100034D088272DE040F29F47C4F20207B9422D
:102120001FDC40F27047C4F20207B94226D040F2E9
:1021300088471EE04027C4F20207B9421ED0582744
:1021400017E040F24047C4F20207B94216D040F20D
:1021500058470EE0A027C4F20207B9420ED0B827B4
:1021600007E040F2A047C4F20207B94206D040F2AD
:10217000B847C4F20207B94218BF04230F681F42D0
:1021800012D0AA600A6852030A6806D4D20506D49F
:102190000A6822F008020A6001E0110352D4016CBF
:1021A00011B1044688472046C16D01F01F0220216D
:1021B00001FA02F3334200F0A68040F20F470168B3
:1021C000C4F202071026B94210DC6F27C4F20207DE
:1021D000B9421CDC3F27C4F20207B94236DC1027A3
:1021E000C4F20207B94255D028274EE049451ADC0F
:1021F00040F23F47C4F20207B9422EDC40F21047DA
:10220000C4F20207B94245D040F228473DE09F277B
:10221000C4F20207B94229DC7027C4F20207B942AE
:1022200038D0882731E040F29F47C4F20207B94214
:1022300023DC40F27047C4F20207B9422AD040F2D0
:10224000884722E0816C0029ABD1ADE74027C4F27A
:102250000207B9421ED0582717E040F24047C4F2A7
:102260000207B94216D040F258470EE0A027C4F248
:102270000207B9420ED0B82707E040F2A047C4F2E7
:102280000207B94206D040F2B847C4F20207B94289
:1022900018BF02260F68374235D0AB6090F8353052
:1022A000042B0B6816D123F016030B604B6923F047
:1022B00080034B61036C0BB9836C1BB10B6823F07B
:1022C00008030B603F219140A960012180F835107F
:1022D000016D3FE15A030A680CD4D2050ED40A6896
:1022E00022F010020A60012180F83510002180F8E8
:1022F000341003E0110301D4416C00E0C16B11B153
:10230000044688472046416D002900F0F080416D69
:10231000C9071CD0042180F8351001684FEA9822C3
:102320000B6823F001030B60009B01330093934281
:1023300002D80B68DB07F7D10968C9074FF0030122
:1023400008BF012180F83510002180F83410C16CDD
:10235000002940F00581CAE0F10300F13381416CAE
:10236000002940F0FD80C2E000240F68002C7FF4BB
:102370001EAE21E600240F68002C7FF48CAE8FE6A1
:10238000494542DC40F23F43C4F2020399427CDCFF
:1023900040F21043C4F20203994200F0A38040F2DD
:1023A000284399E049454CDC40F23F47C4F202071C
:1023B000B94200F3A68040F21047C4F20207B942C6
:1023C00000F0BD8040F22847B3E09F23C4F202032F
:1023D000994263DC7023C4F20203994200F08280C8
:1023E000882379E0494560DC40F23F43C4F20203B0
:1023F000994200F3C08040F21043C4F202039942B4
:1024000000F0D78040F22843CDE040F29F43C4F271
:102410000203994258DC40F27043C4F2020399422D
:1024200060D040F2884357E09F27C4F20207B942C8
:1024300070DC7027C4F20207B94200F08080882760
:1024400077E040F29F47C4F20207B94269DC40F2EC
:102450007047C4F20207B94271D040F2884768E081
:102460004023C4F2020399423CD0582334E09F2316
:10247000C4F20203994200F387807023C4F202037E
:10248000994200F0968088238DE040F24043C4F2E8
:102490000203994226D040F258431DE0A023C4F223
:1024A000020399421ED0B82316E040F29F43C4F2C3
:1024B000020399426FDC40F27043C4F20203994276
:1024C00077D040F288436EE040F2A043C4F20203AA
:1024D000994207D040F2B843C4F20203994218BFB0
:1024E0006FF004020B681A400A60016CC1BB01B0B6
:1024F000BDE8F0834027C4F20207B9421FD0582735
:1025000017E040F24047C4F20207B94217D040F248
:1025100058470EE0A027C4F20207B9420FD0B827EF
:1025200007E040F2A047C4F20207B94207D040F2E8
:10253000B847C4F20207B94218BF6FF00E030F6824
:102540003B400B60012101FA02F26A60416580F8AC
:102550003510C16C00294FF0000280F83420C6D03D
:1025600001B0BDE8F04308474023C4F2020399429A
:102570001FD0582317E040F24043C4F202039942AF
:1025800017D040F258430EE0A023C4F20203994250
:102590000FD0B82307E040F2A043C4F202039942EF
:1025A00007D040F2B843C4F20203994218BF6FF05B
:1025B0000A020B681A400A60012180F835100021D8
:1025C00080F83410C16B0029CAD190E700000000E8
:1025D0002DE9F041044601F00BFBECB140F26F48ED
:1025E00005462068C4F20208404518DC9F21C4F269
:1025F000020188422EDC5721C4F20201884254DCD9
:102600001021C4F2020188427ED02821C4F20201C6
:10261000884279D0402172E00120BDE8F08145F286
:102620002F41C5F60201884227DC40F2B741C4F2CF
:102630000201884245DC40F27041C4F20201884246
:1026400062D040F28841C4F2020188425CD040F27C
:10265000A04154E040F22741C4F20201884240DC2C
:10266000A021C4F2020188424ED0B821C4F2020176
:10267000884249D040F2104141E045F26B41C5F635
:102680000201884200F3B88045F23041C5F60201EC
:10269000884200F0C38045F24441C5F602018842F9
:1026A00000F0BC8045F25841B4E05821C4F2020168
:1026B000884229D07021C4F20201884224D08821A6
:1026C0001DE040F2B841C4F2020188421CD045F23C
:1026D0000841C5F60201884200F0A08045F21C4185
:1026E00098E040F22841C4F2020188420CD040F246
:1026F0004041C4F20201884206D040F25841C4F27F
:102700000201884240F0CE80022184F83510002179
:1027100084F83410016821F001010160206801682B
:10272000C9070CD001F064FA401B0628F6D320201C
:102730006065032084F835000120BDE8F08148F28F
:102740003F0204F108070168CFF610621140666984
:102750008CCF1143D4F818C01943E3693943276A71
:102760000E43616A3343042943EA070343EA0C0337
:1027700003D1D4E90B7637433B436568A5F12906BD
:10278000292E00F2A1800127DFE806F015151515A6
:1027900015159E9E9E9E9E9E9E9E9E9E9E9E9E9E6B
:1027A0009E9E151515159E9E9E9E15159E9E9E9E7F
:1027B0009E9E15151515002F18BF43F4801304298C
:1027C0000360426922F0070241EA020140F0908072
:1027D000D4E90A53002B41EA050100F08980BCF5D9
:1027E000005F61D0BCF1000F6AD1022D74D0012DC1
:1027F00060D0002D70D072E045F26C41C5F6020148
:1028000088420BD045F28041C5F60201884205D0CE
:1028100045F29441C5F60201884243D104F1080E05
:10282000022184F83510002184F834100168A3696E
:102830009EE80450A2F18005E769B5FA85F566695E
:102840006D09402A4FEA853543EA07026FF31011FC
:1028500042EA060208BF102541EADC0142EA0E0204
:102860002943236A41EAD2014AF6F832CAF2FD72DC
:102870004CF6CD470244CCF6CC4741EA1311A2FBFB
:10288000072301606FF0030000EA9300E065204633
:10289000FEF7CEFBE16D012201F01F0102FA01F10A
:1028A000416030E0402043E7032D18D8DFE805F011
:1028B0000A140A02A3F1C072B2FA82F252090FE0BE
:1028C000032D08D201220BE025F00302743AB2FA7C
:1028D00082F257096FE702D1C3F3006200E00022E1
:1028E00032B140206065012084F83500BDE8F081F8
:1028F00041612046FEF79CFBE16D3F2201F01F0184
:1029000002FA01F181602068404519DC9F21C4F280
:102910000201884231DC5721C4F20201884256DCB0
:102920001021C4F20201884200F092802821C4F2F2
:102930000201884200F08C804021C4F2020184E050
:1029400045F22F41C5F6020188422BDC40F2B74127
:10295000C4F20201884248DC40F27041C4F2020134
:10296000884275D040F28841C4F2020188426FD09B
:1029700040F2A041C4F2020167E040F22741C4F2F4
:102980000201884240DCA021C4F2020188425FD0EB
:10299000B821C4F2020188425AD040F21041C4F278
:1029A000020152E045F26B41C5F6020188423CDC6F
:1029B00045F23041C5F60201884249D045F2444112
:1029C000C5F60201884243D045F258413BE0582108
:1029D000C4F2020188423BD07021C4F20201884255
:1029E00036D08821C4F202012FE040F2B841C4F28F
:1029F000020188422CD045F20841C5F60201884206
:102A000026D045F21C411EE040F22841C4F20201EA
:102A100088421DD040F24041C4F20201884217D0E2
:102A200040F25841C4F202010FE045F26C41C5F694
:102A3000020188420CD045F29441C5F60201884259
:102A400006D045F28041C5F60201884240F0D080B0
:102A500045F2574C45F6FC0EC5F6020CC5F6020EC3
:102A600060450EDC45F22F43C5F60203984217DCA1
:102A700045F20843C5F60203984226D045F21C43AE
:102A80001FE045F27F43C5F60203984211DC45F290
:102A90005843C5F60203984217D045F26C4310E044
:102AA00045F23043C5F6020398420ED045F2444346
:102AB00007E045F29443C5F60203984205D045F27B
:102AC0008043C5F60203984250D100F0FC034CF657
:102AD000CD47083BCCF6CC47A3FB0737AEF1FC054E
:102AE000AEF17C063B0905EB83022266A26803F087
:102AF0001F030127802A666607FA03F2A26601D146
:102B0000002262606368A56ED4E91826DFB2591E00
:102B100007291760756015D87E1E072E62D860459C
:102B20000EF1440213DC45F22F41C5F60201884242
:102B30003CDC45F20841C5F6020188424BD045F223
:102B40001C4144E000206067C4E91B0050E045F2EE
:102B50007F41C5F60201884231DC45F25841C5F695
:102B60000201884237D045F26C4130E000F0F803B2
:102B70004AF6AB27103BCAF6AA27A3FB073740F259
:102B80000F43C4F2020308253E09984203F1AA024A
:102B9000334688BF05EB171340F600059042C4F298
:102BA000020528BF334605F180069CE745F2304117
:102BB000C5F6020188420ED045F2444107E045F2D5
:102BC0008041C5F60201884205D045F29441C5F620
:102BD0000201884213D10EEB8300E06601202267D8
:102BE000B040606704F16C02002307CA03604A60CA
:102BF00000206065012184F83510BDE8F08140F6C1
:102C00000000C4F2020000F1FC0E00F5A072E2E741
:102C1000B0B5044600F0ECFF40F664110546C2F280
:102C20000041621C097818BF0C4400BF00F0E0FFAF
:102C3000401BA042FAD3B0BD90F89830013B012B65
:102C40000BD80068836D0B420CD0836D0B408B4218
:102C50000CD1C36D43F0020309E000F19C01012097
:102C6000022221E0C36D43F0010300E00323C365AA
:102C70008B0504D5D0F8E0301343C0F8E0304B05A5
:102C800004D5D0F8E4301A43C0F8E4204FF6FF72C0
:102C9000436DC3F6CF720A401A4342658A0F4AF663
:102CA00014010020C4F200010B681A430A60704747
:102CB00090F89830022B1BD1B0B50368D3F8C05000
:102CC00015F07C5F1CD0D3F8C450AD021DD4D3F8EE
:102CD000C4300546C3F304442346FEF73DFB286891
:102CE0000121A140C0F8D0100020C5F89410B0BD5B
:102CF000D0F89C1041F00801C0F89C1001207047EA
:102D0000D0F89C1041F0200103E0D0F89C1041F471
:102D10000071C0F89C100120B0BD00000000000050
:102D2000704700000000000090F89820013A012A46
:102D30000BD880B50A68002ACA680ED00B69072A2A
:102D400043EA427E16D18B6919E0D0F89C1041F01D
:102D50000201C0F89C1001207047072A18D10A69A7
:102D6000D1E906C3120442EA032242EA0C0242F00D
:102D7000605217E0D1F808C04B6943EA8C73006FCA
:102D8000496800EBC10240F831E05360002080BD8B
:102D90008B68D1E904CE9B0743EAC26242EA0C4247
:102DA00042EA0E024968C06E40F82120002080BD32
:102DB00090F898C0BCF1010F0DD19200006842EA72
:102DC0000111DDF800C041EA430141EA0C01C0F8FD
:102DD000801000207047D0F89C1041F00401C0F82A
:102DE0009C100120704700007047000000000000A8
:102DF000704700000000000070B590F89850022D58
:102E00001CD140291FD10568D5F8A04014F4FE0F4D
:102E100000F08F80D5F8A440640600F09680D5F8C5
:102E2000A440E40148BFD5F8A040D5F8A45000F173
:102E30007404C5F3052E456CF44629E0D0F89C10C7
:102E400041F0080185E0412918D10568D5F8B04066
:102E500014F4FE0F6DD0D5F8B440640675D0D5F8E3
:102E6000B440E40148BFD5F8B040D5F8B45000F103
:102E70007804C5F3052EC56CF44609E0056DA9423A
:102E800057D200F17C04D0F854E04FF0000C0D460E
:102E900005FB0EF6246854F8265015F08045556061
:102EA00054F826E02EF0604508BFCEF38A4504EBC7
:102EB000860E156054F8265005F00055956054F8BC
:102EC000264004F000441461BEF80440D461DEF8EA
:102ED000044004F47024D460DEF80450B4F5803F5C
:102EE00005F480155561DEF8045005F40015956170
:102EF0009EF8075005F07F051562DEF804504FEA92
:102F0000D57454620ED30EF108054CF2E85E00242D
:102F1000C0F6000E2E5D1E550134D6891EF80660DF
:102F2000B442F7D3402909D10068C0F8A8C00020F6
:102F300070BDD0F89C1041F020010AE041290CD16D
:102F40000068C0F8B8C0002070BDD0F89C1041F4F3
:102F50008071C0F89C10012070BD1F2907D800683F
:102F6000012202FA01F1C0F89810002070BD00683B
:102F700001F01F01012202FA01F1C0F89C100020AB
:102F800070BD00000000000070470000000000005D
:102F90002DE9F04F87B004464AF61000C4F2000055
:102FA00001684AF61400C4F20000026820680A4072
:102FB000D0F850B0D0F85490056D466D036D029373
:102FC000436D0193036D0693436D0593036D049365
:102FD000436D0393D0F854A0D0F850805FEACA53F1
:102FE00010D518F480710DD04FF4807101654AF648
:102FF00010010020C4F20001174608602046FFF7C8
:10300000C3FF3A460BEA090B4AF610095FEA4A5039
:10301000C4F200094FEA82771AD518F4806017D0FD
:1030200020689146D0F8DC10D0F8E42011404FF42D
:10303000806202654AF61002C4F2000200201060AD
:10304000204600F0E9FC4A464AF61009C4F200099D
:1030500005EA06050BF4704657B1206800210165AA
:1030600002F00300C9F8000020463946FFF758FE79
:10307000DDE9011000EA010705F00F0546B12068FF
:10308000314606650020C9F80000204600F0CCFC5F
:1030900007F0F00645B12068294605650020C9F80B
:1030A0000000204600F0E4FB46B12068314606658A
:1030B0000020C9F80000204600F03EFC5FEA0A50FC
:1030C0000CD518F4006009D020684FF40061016548
:1030D0000020C9F80000204600F0AAFC5FEA8A50F0
:1030E00011D518F400700ED02068D0F8D810D0F8A0
:1030F000E02011404FF4007202650020C9F8000082
:10310000204600F08DFC5FEA0A300CD518F4002050
:1031100009D020684FF4002101650020C9F80000A3
:10312000204600F0A1FB5FEACA300CD518F48030CD
:1031300009D020684FF4803101650020C9F80000F3
:10314000204600F065FC5FEA4A30DDE9031000EA42
:1031500001050CD518F4802009D020684FF4802197
:1031600001650020C9F80000204600F04DFC5FEA30
:103170008A30DDE9051000EA010005F060710FD525
:1031800018F400320CD022684FF40033136500228B
:10319000C9F80020D4F89C2042F08002C4F89C209A
:1031A00000F0715539B1206801650020C9F80000B0
:1031B0002046FFF71DFE4DB1206805650020C9F8C7
:1031C0000000D4F89C002843C4F89C002068A9F5AE
:1031D0000161884209D0D4F89C00002868D02046BC
:1031E00007B0BDE8F04FFFF7FFBD60688168890751
:1031F000F1D0016A426A036A476A114003EA070292
:1032000002F03005D0F82080D0F82490D0F820B01B
:10321000466A026A069211F00F01426A0592D0F8DE
:1032200024A0026A049203D00162204600F0E0FB71
:1032300008EA09072DB1606829460562204600F0BA
:10324000DFFB5FEA4A6006EA0B0607F4C0750ED59D
:10325000049810F040000AD060684023C16BC26B34
:10326000090C02F03F020362204600F0C5FBDDE9D5
:10327000051000EA010706F4FC462DB160682946F6
:103280000562204600F0B0FB07F4F02036B161681B
:103290000E62D4F89C103143C4F89C1000289AD0D8
:1032A00061680862D4F89C100843C4F89C0092E757
:1032B00007B0BDE8F08F000040B32DE9F04F83B0B8
:1032C0004AF200080446C4F200080068404502D1F2
:1032D00008F58070606094F8980028B9002084F8A0
:1032E0009900204600F0CCF92068816921F0100196
:1032F000816100F07DFC054620688169090707D5DA
:1033000000F076FC401B0B28F6D312E0012070473A
:10331000816941F00101816100F06AFC054600BF4E
:1033200020688169C90711D100F062FC401B0B289D
:10333000F6D30120D4F89C100843C4F89C00032065
:1033400084F89800012003B0BDE8F08F816941F056
:1033500002018161217C826922F04002012918BFAB
:1033600040328261617C826922F48042012908BF77
:1033700002F580428261A17C826922F48052012997
:1033800018BF02F580528261816921F44073D4E94B
:1033900002120B438361836923F0A40383610369F1
:1033A00023F0100303619AB1012A0DD0022A09D03B
:1033B0008369032A43F080038361036943F01002A9
:1033C000026105D1202200E0042283691A43826150
:1033D000D4E90572E369561E6FF0FF02256A02EB1D
:1033E0000323B1F5407F43EA4663A5F1010646EAAF
:1033F000030640F20003CFF6FF7303EB074746EAEC
:103400000701C16110D1D4E90B65D4E90917013F67
:1034100002EB06226FF00F063A4306EB05173A431C
:1034200003EB01411143C160236E2BB1616ED0F8F3
:10343000C0201143C0F8C010E16DCDE90113D9429D
:103440004CF26851C0F6000109D0D0F8C820A36E34
:1034500022F0070251F823301A43C0F8C820D4F8EC
:1034600040C0BCF1000F09D0D0F8BC20636C22F042
:10347000070251F823301A43C0F8BC20D4F848B0F2
:10348000BBF1000F0AD0D0F8BC20E36C22F0700230
:1034900051F8233042EA0312C0F8BC20D4F850A0FF
:1034A000BAF1000F0AD0D0F8BC20636D22F4E062BC
:1034B00051F8231042EA0121C0F8BC10404504D164
:1034C00061688A6822F003028A600021C4F89410BF
:1034D000C4F89C10012184F8981004F13409D0F844
:1034E00084104FF6FC729143656C99E80C020095CC
:1034F00041EA8201C0F88410D0F8841021F47F01E1
:1035000041EA0341C0F884109918D0F888306FF36D
:103510008F0343EA8103C0F88830D0F8883023F461
:10352000FE0343EA0943C0F8883001EB4903D0F8B1
:10353000A0606FF38F0646EA8306C0F8A060D0F85B
:10354000A06026F4FE0646EA0C46C0F8A06005FB23
:103550000C36D0F8B0306FF38F0343EA8603C0F81F
:10356000B030D0F8B03023F4FE0343EA0B43C0F888
:10357000B030E36CD0F8AC506FF38F0503FB0B66F3
:1035800045EA8605C0F8AC50D4F8548008FB0A65BB
:10359000D0F8F0606FF38F0646EA8506C0F8F06059
:1035A000D0F8F0E0A66D2EF47C1747EA0647C0F885
:1035B000F070F70007EB8507D0F8C0506FF38F0568
:1035C0002F43C0F8C070D0F8C070009DDDF804E053
:1035D00027F47C1705FB0CFC4AF2000547EA0E476E
:1035E000C0F8C070C4F2000503FB0BC305F54067CB
:1035F000D0F8C05007EB820207EB810125F07C5721
:10360000029D47EA0567C0F8C07001EBC90008FBDE
:103610000A372167A16E00EB8C0C606700EB830317
:10362000E266C4E91EC30EFB01F300EB87006943A9
:10363000C4F8800000EBC600C4F8840000EB8300EF
:10364000C4F8880000EB81004DF2FC31C4F20001A7
:10365000C4F89000884201D920206BE6824208D24B
:10366000002000BF42F8040BD4F890108A42F9D32E
:1036700069E6002003B0BDE8F08F00000000000004
:10368000B0B5B6B0044602A8B8210025CDE934553E
:10369000CDE932553195FCF76DFE4DF200412068C1
:1036A000C4F20001884200F095804AF20041C4F261
:1036B0000001884249D04AF20001C4F20001884268
:1036C00040F0CF80002003904FF4004002904FF074
:1036D00080501D9002A801F0B3FB08B1FDF774FD06
:1036E00040F6841144F2E040C2F20041C5F6020007
:1036F0000A68002A02F101020A6008D1C16841F497
:103700008071C160C16801F4807101910199016803
:1037100041F008010160006831A900F00800019043
:10372000019803203190022032900020CDE933002F
:103730000920359040F60040C5F6020000F07CF903
:10374000132006210022132486E0002003904FF46A
:10375000004002904FF080501D9002A801F070FBD5
:1037600008B1FDF731FD40F6841144F2E040C2F2A9
:103770000041C5F602000A68002A02F101020A604F
:1037800008D1C16841F48071C160C16801F48071E1
:1037900001910199016841F002010160006840F661
:1037A000004100F002000190C5F60201019860207E
:1037B0003190022032900020CDE93300092035906D
:1037C000A1F5006031A900F037F91420052100228D
:1037D000142441E04FF4004002904FF080501D90BF
:1037E00002A8039501F02CFB08B1FDF7EDFC40F6B3
:1037F000841144F2E040C2F20041C5F602000A68BA
:10380000002A02F101020A6008D1C16841F4807106
:10381000C160C16801F4807101910199016841F0B2
:1038200008010160006831A900F0080001900198CA
:103830004FF440503190022032900020CDE9330007
:103840000520359040F60040C5F6020000F0F4F87F
:103850009F20052100229F2400F096FA204600F0C8
:103860007FFA36B0B0BD00007047000000000000D5
:1038700070B5C90735D04DF200420168C4F20002AC
:1038800091422FD04AF20002C4F20002914228D1A4
:1038900042F228554021C2F2004506462846FCF770
:1038A00069FD40F690144021C2F2004430462246A1
:1038B0002B46FFF7A1FA2068A0F20121072910D8B2
:1038C000012202FA01F111F0F30F0AD00138C0B25F
:1038D00004281BD342F2F43100EBC000C2F20041D5
:1038E0001DE070BD42F2A8544021C2F200440546DA
:1038F0002046FCF73FFD40F6E0124021C2F20042B4
:1039000028462346BDE87040FFF776BA012888BFF5
:1039100070BD42F2607100EBC000C2F2004101EBE9
:10392000800042F22851E268C2F20041BDE87040D6
:10393000FDF732BA0000000070B5C90634D54AF26E
:1039400000420168C4F2000291422DD142F2685552
:103950004021C2F2004506462846FCF70BFD40F622
:10396000B8144121C2F20044304622462B46FFF7EC
:1039700043FA2068A0F20121032988BF70BD0138F5
:10398000C0B2032810D800EBC00042F2F431C2F2FA
:103990000041E26801EB800042F26851C2F200414E
:1039A000BDE87040FDF7F8B970BD000000000000F0
:1039B00090F8981001290CD1022180F89810016824
:1039C0008A6922F001028A610021C0F89C1000205F
:1039D0007047D0F89C1041F00401C0F89C10012001
:1039E0007047000000000000704700000000000069
:1039F0007047000000000000704700000000000059
:103A00007047000000000000704700000000000048
:103A10007047000000000000704700000000000038
:103A20007047000000000000704700000000000028
:103A300070470000000000002DE9F04F83B00E68D1
:103A4000002E00F0C78000F1264742F2004507F142
:103A5000FF77C5F602050A22A8424FEAB72500F112
:103A6000200308BF09220093082D38BF4FEAB72270
:103A7000002400274FF0000A01920AE00AF1010A2F
:103A80000E6836FA0AF207F1020704F1040400F0A6
:103A9000A180012202FA0AFB16EA0B08EED0D1F847
:103AA0000490032209F0030EAEF10106012E02FA82
:103AB00007F610D8D0F808C0CD682CEA0602BD4041
:103AC0002A438260C9F30015426822EA0B0205FA14
:103AD0000AF52A434260BEF1030F1FD0C2688D6809
:103AE000B243BD40BEF1020F42EA0502C26015D1E9
:103AF0006FF00302009D02EA5A0B04F01C030F2230
:103B000055F80BC002FA03FED1F810902CEA0E0C07
:103B100009FA03F343EA0C0345F80B3002684B68DB
:103B2000B24303F00306BE4013F4403F42EA0602EC
:103B30000260A3D044F2F44340F2084CC5F60203FD
:103B4000C5F6000C0F251A6842F002021A601A68C6
:103B500002F0020202922AF00302029B04F00C031C
:103B600052F80C609D40AE43019D05FA03F33343C8
:103B700042F80C304FF0B04CDCF800204B6842EAC1
:103B80000806DD0258BF22EA08069D02CCF8006054
:103B900040F2040CC5F6000CDCF8002042EA0806EE
:103BA00058BF22EA08069D03CCF80060DCF88020AC
:103BB00042EA080658BF22EA0806DB03CCF8806018
:103BC000DCF87C2042EA080658BF22EA0806CCF856
:103BD0007C6053E703B0BDE8F08F000000000000F8
:103BE000002A08BF0904816170470000000000003E
:103BF0004AF64870C2F200400068704700000000BA
:103C000040F664104AF64871C2F20040C2F2004128
:103C100000780A6810440860704700000000000047
:103C200080B5032000F0E0F801F09AFF44F218415B
:103C30004CF2C053C5F60201C0F600030A68C2F395
:103C400003229A5C096801F00F0102F01F02595C1F
:103C5000D04040F65C02C2F2004201F01F0120FA9F
:103C600001F1116040F65801C2F2004108600F20D6
:103C700000F00AF800281CBF012080BD00F058F8B1
:103C8000002080BD000000000F2845D8B0B58AB0E4
:103C900004461C2000222146002500F075F81C2057
:103CA00000F05EF840F66810C2F20040046044F292
:103CB000E840C5F60200016841F0010101600068BA
:103CC00001A900F001000290029802A801F094FE00
:103CD000079C002C18BF012401F0E2FE4DF6836121
:103CE000A040C4F21B314FF0FF32A0FB010143F2B0
:103CF0005040C2F200404FF08043036002EB91411C
:103D0000C0E9011540F2E731C0E9031502F01CFEDD
:103D100020B101200AB0B0BD0120704743F25040ED
:103D2000C2F2004002F044FE0AB0B0BD0000000044
:103D300081B044F2F4400022C5F60200016841F06F
:103D40000201016000680F2100F0020000906FF096
:103D50000100009B01B000F017B800000000000057
:103D6000002848BF704700F01F01012202FA01F14C
:103D70004EF20012C0F34A10CEF2000242F82010B8
:103D8000704700000000000070B54EF60C5C4FF06C
:103D9000FF36CEF2000C00F1604505F56445DCF815
:103DA0000030C3F3022E8EF00703042B28BF042338
:103DB000BEF1030406FA03F321EA030100F00F0346
:103DC00038BF0024043B0028634406FA04F048BFCF
:103DD00003F10C05A14022EA00000843000128700D
:103DE00070BD0000000000004EF60C514FF6FF03BE
:103DF000CEF200010A681A4060F30A2242F08060A5
:103E000040F0FD700860704701680122C0F800258D
:103E1000002280F8F424886940F000608861486DD1
:103E200040F08052002042F003024A6570470000D3
:103E300070470000000000000268002051627047D7
:103E4000B0B5D0F800E0DEF82400D1B1DEF82830BB
:103E5000B1F1010C00EB13430BD05FFA8CF10EF5BE
:103E60008070002450F8045F01348C4203EB15434A
:103E7000F8D30EEB8C0043EA0241C0F80411002095
:103E8000B0BD40EA0240CEF828000020B0BD0000DE
:103E9000D0F8080505F058BE01EBC10200EB820224
:103EA000D0F80805926C05F0BBBD000000000000D2
:103EB00001EBC10200EB8202D0F80805D2F888229B
:103EC00005F006BE00000000D0F8080505F040BE71
:103ED00010B54FFA81FC0A4601F00F0E4FF41F7126
:103EE000BCF1000F4FEAD21248BF3C210EEBCE0CC2
:103EF00090F8BC44431803EB8C01012C03F82CE030
:103F00004A7001D1022010BD012280F8BC24026851
:103F10000446104606F078FB002084F8BC0410BD6F
:103F2000B0B501F00F0342689A4201D20120B0BD42
:103F30004AB24FF41F74002A03EBC30E48BF3C245F
:103F4000C909021990F8BC4402EB8E0C012C4FF009
:103F500000048CF801108CF8024002F82E3001D1D8
:103F60000220B0BD012180F8BC1401680546084656
:103F7000614606F0D5FC204685F8BC44B0BD000083
:103F800001F00F0101EBC10100EB8100D0F89002BC
:103F9000704700000000000070B58C464FF41F749D
:103FA00049B20CF00F0E002948BF3C240EEBCE06A0
:103FB00004445FEADC1504EB860104F826E04D704A
:103FC0008A600B7118BFA1F81AE0022B01D1002200
:103FD0004A7190F8BC24012A01D1022070BD01224F
:103FE00080F8BC2402680446104606F02DFA002032
:103FF00084F8BC0470BD000080B501F00F0C0CEB20
:10400000CC0100EB810E0021CEE9A331C3688EF80C
:104010007D120EF51F71CEF88822012B8EF87CC21E
:1040200008BFCA61DAB2006806F0C2FC002080BD99
:10403000B0B501F00F04426894424FF001022AD853
:104040004BB24FEAD11C002B4FF41F7548BF2146DD
:1040500048BF3C2590F8BCE401EBC1030544BEF128
:10406000010F05EB830105F8234081F801C08A7038
:1040700001D10220B0BD80F8BC240546006806F0DE
:1040800077FC2CB9297B286805F2C44206F018FC9D
:10409000002285F8BC241046B0BD000000000000DE
:1040A00080B501F00F0CD0F80CE0BEF1010F0CEB65
:1040B000CC0100EB810101F83CCF4FF0000CC1E9CD
:1040C0000323C1F814C04FF001034B7008BFCA614D
:1040D0005FFA8EF2006806F06BFC002080BD0000E5
:1040E0002DE9F04F87B005688246284606F0E0FDCE
:1040F00010B107B0BDE8F08FDAF8000006F008FE56
:104100000028F6D0D5F80808C0F30D20CAF8FC0442
:10411000DAF8000006F0FCFD800705D5DAF80000AB
:10412000416901F00201416105F500600590DAF88E
:10413000000006F0EDFDC006069536D5DAF8000061
:10414000816921F0100181612C6A04F00F0000EBFD
:10415000C001C4F343400AEB8101062801F51F7535
:1041600011D002281AD147F6F07014EA000615D0D3
:104170003409E9680698224606F0CEFDE86800EBAF
:104180001610E86007E00AF2C4410822069806F01B
:10419000C3FDC4F30A14686920446861DAF80000BA
:1041A000816941F010018161069DDAF8000006F096
:1041B000AFFD000340F1F280DAF8000006F084FD64
:1041C000002800F0EB8006464FF4306800244FF0E2
:1041D000000B0AF2C440049009E000BF0BF1010B90
:1041E000760808F1200804F1240400F0D780F007D5
:1041F000F4D05FFA8BF9DAF80000494606F080FD4A
:104200000746C0075FD005EB080001218160DAF89E
:10421000000008EB0001036C8A68DAF80C50012DED
:1042200025D1150732D4950600F1B08043F20B0575
:10423000C4F65475AB42069D02D312F400422FD14E
:104240000AEB0402D2F89C3209696FF3DF41A3EB59
:104250000101C2F8901294BBD2F88C32002B00F00E
:104260009B80D2F888020844C2F8880227E043F213
:104270000B05C4F65475FF35AB4217D11004069DEB
:104280000ED490061BD52020886018E043F20B0066
:10429000069DC4F65470834215D312F4004012D028
:1042A0004FF40040886038070FD437E0069D34B9DA
:1042B000DAF88C1219B90021049A06F001FB504675
:1042C0004946FFF7F5FD380728D505EB080008211A
:1042D000816043F20B01DAF80000C4F65471056CFA
:1042E00040448D42816805D311F400411CBF4FF456
:1042F00000418160504600F0FBFB43F20B00C4F626
:1043000054708542069D09D3DAF80C00012805D1C6
:10431000DAF800000121049A06F0D2FAF80607D470
:10432000B8070BD4B80624D4B8047FF557AF27E0FC
:1043300005EB080010218160B807F3D56869000615
:1043400004D50599486840F4806048600AEB040091
:1043500090F87F12012906D1002180F87F12504683
:10436000494600F0ADFA05EB080002218160B8066D
:10437000DAD505EB080020218160B8047FF52EAF67
:1043800005EB08004FF40051816027E7202088608A
:10439000069D380799D4C1E701218DE7DAF80000BE
:1043A00006F0B6FC400340F1DC80DAF8000006F0CD
:1043B00083FC002800F0D5800646069800F51069B9
:1043C0000AF13C0B00270AF2C4400290CDE903B980
:1043D00005E000BF760807F1010700F0C280F00792
:1043E000F8D0FDB2DAF80000294606F075FC044664
:1043F000C0070BD1200733D4E00637D460063BD486
:10440000A0073FD42006E5D555E000BF059B07F087
:104410000F004FF0010C09EB47120CFA00F0596B3A
:1044200021EA00005863C2F808C0DAF80C0001283D
:1044300010D107EBC7000BEB8000D0E9021211444A
:10444000C1603FB9006928B9DAF800000121029A79
:1044500006F036FA50462946FFF71EFD2007CBD559
:1044600009EB471008218160E006C7D509EB47102A
:10447000102181606006C3D509EB4710402181609F
:10448000A007BFD50698394606F0DAFB07EBC70050
:104490000BEB800010F8031F012905D100210170EA
:1044A0005046294600F008FA09EB471002218160C6
:1044B00020067FF58FAF07EBC7000BEB8008D8E92C
:1044C00004108142FFF486AFDAF80040081AD8F8E9
:1044D0000810884238BF014604EB47100331D0F87A
:1044E000182992B2B2EB910F28D300F5106900BFE2
:1044F000D8E90410814221D9081A9AF80C20D8E989
:1045000002B1584538BF8346009220461FFA8BF30C
:104510002A4606F011FDD8F80C00D8F814105844BB
:10452000C8F80C0001EB0B00C8F814000BF10300F5
:10453000D9F8181089B2B1EB900FD9D2D8E904019B
:104540008842DDE903B93FF645AF07F00F000121CE
:1045500001FA00F0D4F8341821EA0000C4F8340855
:1045600038E7DAF8000006F0D3FBB0F1FF3F069C15
:1045700019DC0599486820F0010048609AF8F404B5
:10458000012807D100208AF8F40400215046FFF7E3
:104590004FFC02E0504600F08BFADAF80000416967
:1045A00001F000414161DAF8000006F0B1FB0005BE
:1045B0000CD505988068C00702D0504600F0C0FABC
:1045C000DAF80000416901F400614161DAF80000A5
:1045D00006F09EFB000117D5DAF80000416901F0F2
:1045E000006141619AF8F41419B1504600F0A8FA3C
:1045F0000AE001218AF8F414406DC0F38300CAF880
:10460000F8045046FFF714FCDAF8000006F080FBCF
:10461000C00452D50599486820F001004860DAF8D6
:104620000000102106F00CFBDAF80400D8B104F504
:1046300010614FF67F3200BF8A6001380B6823F4A7
:1046400000130B60C1F80822D1F8003223F40013E4
:10465000C1F80032D1F8003243F00063C1F80032F3
:1046600001F12001E8D1059E84210B224423F06949
:1046700040F00110F061DAF83000002808BF142182
:1046800004BF42F22B021023DAF8000077583A43B5
:104690007250F1580AF2C44241F00B01F1503168F6
:1046A00021F4FE6131609AF80C1006F009F9DAF88D
:1046B0000000416901F480514161DAF8000006F020
:1046C00027FB80041CD5DAF8000005F001FFDAF8BA
:1046D000000006F0DDFACAF81000DAF8004001F038
:1046E000B7F99AF810200146204606F09DFB504687
:1046F00000F0C6F9DAF80000416901F400514161A7
:10470000DAF8000006F004FB000708D5504600F078
:10471000D3F9DAF80000416901F008014161DAF8E3
:10472000000006F0F5FA00062AD50699886920F0FF
:1047300080008861DAF80400022821D30AF51F748A
:104740000AF13C05012640F2A32706E00136DAF81B
:104750000400864207F1240712D21AF80700012844
:10476000F4D106F00F00320600EBC00005EB80012B
:1047700058BF04EB8001DAF8000006F011FAE5E713
:10478000DAF8000006F0C4FAC00232D5DAF8040004
:10479000022828D306980AF13C0400F512650AF1B4
:1047A00063064FF00108012709E000BF0137DAF87E
:1047B0000400874205F1200506F1240613D228687B
:1047C00071780129F2D1B0F1FF3FEFDC07F00F0063
:1047D00086F8008000EBC00004EB8001DAF80000EE
:1047E00006F0DEF9E2E7DAF80000416901F4801131
:1047F0004161DAF8000006F08BFA800235D5DAF86C
:104800000410069D02292AD305F5326001390AF504
:104810002972012306E000BF013900F1200002F1F6
:1048200024021CD007681678012EF5D1B7F1FF3F9E
:10483000F2DCDAF8FC6407F4803706F00106B742D0
:10484000EAD102F8013CAF6947F08007AF616F69B8
:104850003F06E1D40599486840F400704860DAF8F2
:104860000000416901F400114161DAF8000006F02E
:104870004FFA400008D55046FFF70AFBDAF800006F
:10488000416901F080414161DAF8000006F040FA28
:1048900040077FF52EACDAF800004468600702D5C7
:1048A0005046FFF711FBDAF80000416821434160F0
:1048B00007B0BDE8F08F0000D0F8080505F0B0B9EA
:1048C000D0F8080505F0C4B9002800F08B802DE968
:1048D000F04F8BB00446056890F8BD0428B900205D
:1048E00084F8BC04204600F093F8032084F8BD044B
:1048F000E86BC00501D40020E060206805F0D8FF17
:1049000020680A9004F1040E04F11C0AD4E90C504A
:104910009EE80E589AE8C007CDE9085003A88DE834
:10492000005880E8C0070A9805F0E2FD002852D13F
:1049300020680021002506F02FFA616869B304F1B0
:104940003C004FF0010C0022002300BF02EBC2022A
:1049500000EB820700F82230DAB201337A83DAB250
:1049600087F801C091423D71BD60FD603D61EDD8A9
:1049700004F51F7000220025002300BF05EBC507CA
:1049800000F827300133DDB200EB8706A9427270D0
:104990003271B260F2603261F0D804F1140E04F1A9
:1049A000240A2268A0680A90D4E903379EE8405898
:1049B0009AE80007D4E90C50CDE9085002A8CDE9E7
:1049C000007680E8005805A880E8000710460A9A9B
:1049D00005F07AFE40B1022084F8BD0401200BB03E
:1049E000BDE8F08F01207047002084F838000120D6
:1049F00084F8BD04606A012802D12046FFF704FA5A
:104A0000206805F051FE00200BB0BDE8F08F0000DB
:104A100010B5B0B0044602A8B821FBF7ABFC0021EA
:104A20002068C4F20401884201D030B010BD0020DB
:104A300003904FF4802002904FF44010239002A87E
:104A400000F0FEF908B1FCF7BFFB00F0B9F844F242
:104A5000D8400022C5F60200016841F000710160F3
:104A60000068052100F00070019001984D20FFF7CB
:104A70008BF94D20FFF774F930B010BD0000000035
:104A800010B50446006928B1022801D0FCF79CFB50
:104A9000012100E00021D4F8080505F065F9D4F8FB
:104AA0000805BDE8104005F013B900000000000043
:104AB000D0F8080505F03CB9D0F8080505F044B970
:104AC00090F8BC24012A01D10220704710B50122C0
:104AD00080F8BC2480F8381004460268104606F0BE
:104AE0008FF9002084F8BC0410BD00000000000015
:104AF000D0F8082500F2C441104605F04DB9000079
:104B000010B5044690F8BC04012801D1022010BD64
:104B10002068012184F8BC14C16BC90506D4A16AC0
:104B2000012903D1816B41F48031816306F080F863
:104B3000206805F0A9FD002084F8BC0410BD000029
:104B400010B50446D0F8080505F07EF92068D0F8C5
:104B5000001E41F00101C0F8001E206A002808BFB5
:104B600010BD4EF61050CEF20000016841F0060173
:104B7000016010BD00000000B0B544F60C05C5F69C
:104B8000020529684907296805D401F00701081AB8
:104B900018BF0120B0BD21F0070108432860FFF7CE
:104BA00027F8044655F8080C800407D4FFF720F8CE
:104BB000001BB0F57A7FF5D90120B0BD0020B0BD53
:104BC00044F60C00C5F60200016841F080710160F6
:104BD000704700000000000080B500F039FF44F28B
:104BE00020414CF2C052C5F60201C0F6000209682D
:104BF000C1F30211515C01F01F01C84080BD0000EB
:104C000080B544F2384EC5F6020E5EF8103C5EF8F0
:104C1000101C5EF80C2CC1F3053CDEF80410BCF14E
:104C2000000F18D0C9089FED3A1AD20601EAE271C6
:104C300003F003026FF35F3100EE101AB8EE400A82
:104C4000DFE802F0021F0E1F5EF8381C89060AD446
:104C50009FED311A15E000218160C0E9001180BD8F
:104C60009FED2C1A0DE05EF8381C49F20002C0F2EC
:104C7000D032C1F3C10122FA01F101EE101AB8EEEF
:104C8000411ADEF800109FED253A6FF35F2102EE26
:104C9000101ADEF80010C1F34621B8EE422A0131A5
:104CA00000EE032A00EE10CAB7EE003AB8EE400A52
:104CB00081EE000A32EE031A20EE010A01EE101A0C
:104CC000B8EE411A80EE011ABCEEC11A80ED001A4E
:104CD000DEF80010C1F30641013101EE101AB8EE02
:104CE000411A80EE011ABCEEC11A80ED011ADEF8FD
:104CF0000010C1F30661013101EE101AB8EE411A3D
:104D000080EE010ABCEEC00A10EE101A816080BD70
:104D10000024744A001BB74B0024744C0000003977
:104D200080B544F2404EC5F6020E5EF8183C5EF8BF
:104D3000181C5EF8142CC1F3055CDEF80410BCF1FD
:104D4000000F18D0C9089FED3A1AD20501EAE271A6
:104D500003F003026FF35F3100EE101AB8EE400A61
:104D6000DFE802F0021F0E1F5EF8401C89060AD41D
:104D70009FED311A15E000218160C0E9001180BD6E
:104D80009FED2C1A0DE05EF8401C49F20002C0F2C3
:104D9000D032C1F3C10122FA01F101EE101AB8EECE
:104DA000411ADEF800109FED253A6FF35F2102EE05
:104DB000101ADEF80010C1F34621B8EE422A013184
:104DC00000EE032A00EE10CAB7EE003AB8EE400A31
:104DD00081EE000A32EE031A20EE010A01EE101AEB
:104DE000B8EE411A80EE011ABCEEC11A80ED001A2D
:104DF000DEF80010C1F30641013101EE101AB8EEE1
:104E0000411A80EE011ABCEEC11A80ED011ADEF8DB
:104E10000010C1F30661013101EE101AB8EE411A1B
:104E200080EE010ABCEEC00A10EE101A816080BD4F
:104E30000024744A001BB74B0024744C0000003956
:104E40002DE9F04381B00446C07844F22C490007B4
:104E5000C5F6020901D4002520E0606E4FEA30500B
:104E6000032835D80025DFE800F0020A1C22D9F813
:104E7000000040F40030C9F80000D5B906E004F1A4
:104E80000800022103F088FA054695B9D9F82400F4
:104E9000616E20F440100843C9F824004FF0000868
:104EA00008E004F12800022103F006FB0546002D6E
:104EB000ECD0A8466078C0071ED0A06D04283ED86C
:104EC000DFE800F02B340A0303006DB1A84613E0BD
:104ED0000125002DEDD1D9E704F12800002103F0D0
:104EE000EBFA0546002DF1D1D9F82400A16D20F090
:104EF00007000843C9F824006078400747D5D4F874
:104F0000A4004FEA705005282CD8DFE800F01C2FD1
:104F10002503030395B3A84639E0D9F8000040F40F
:104F20000030C9F80000002DD0D1DDE704F1080001
:104F3000002103F031FA0546002DC7D1D4E7012541
:104F4000002DC3D1D0E7D9F8000040F40030C9F8F3
:104F50000000002DDFD111E004F12800002103F052
:104F6000ABFA08E00125002DD5D107E004F10800D7
:104F7000002103F011FA0546002DCCD1D9F82C0000
:104F8000D4F8A41020F460000843C9F82C0060781D
:104F9000000731D5D4F8A8004FEA3060052816D8AC
:104FA000DFE800F006190F030303E5B1A84623E08C
:104FB000D9F8000040F40030C9F80000002DF5D108
:104FC00011E004F12800002103F076FA08E0012541
:104FD000002DEBD107E004F10800002103F0DCF91B
:104FE0000546002DE2D1D9F82C00D4F8A81020F005
:104FF000E0600843C9F82C00E07880071BD5E06C1E
:105000004FEA301003282FD8DFE800F00205250210
:105010004DB1A8460FE0D9F8000040F40030C9F8BF
:105020000000002DF5D1D9F82000E16C20F030000F
:105030000843C9F820006078C00629D5E06D4FEA22
:105040003030042849D8DFE800F0363F130303006E
:10505000B5B1A8461CE004F10800022103F09CF958
:105060000546002DD5D1DEE70125002DD1D1DAE7A7
:1050700004F12800002103F01FFA0546002DE8D1B5
:10508000D9F82400E16D20F4E0400843C9F8240079
:105090006078800639D5206E4FEA3040052829D83F
:1050A000DFE800F025031F25252504F10800012174
:1050B00003F072F91AE0D9F8000040F40030C9F8A2
:1050C0000000002DC5D1DBE704F10800002103F04A
:1050D00063F90546002DBCD1D2E70125002DB8D1DA
:1050E000CEE704F12800012103F0E6F9054625B1D9
:1050F000A8460AE00125002DFAD1D9F82400216E36
:1051000020F4E0200843C9F824006078400625D543
:10511000D4F8AC004FEA3070052813D8DFE800F06F
:105120000F03090F0F0F04F10800012103F034F9F8
:1051300004E004F12800012103F0BEF9054625B181
:10514000A8460BE00125002DFAD1D9F82C00D4F89F
:10515000AC1020F0E0400843C9F82C00607800064D
:1051600020D5E06ED8B1B0F1005F12D0B0F1805F11
:1051700026D1D9F8000040F40030C9F8000085B904
:10518000D9F82400E16E20F040500843C9F824000B
:1051900008E004F10800012103F0FEF80546002DA7
:1051A000EED0A846E078C0071ED0A06C032800F21D
:1051B0008080DFE800F0020974026DB1A84613E0B8
:1051C0000125002DEDD1DBE7D9F8000040F40030D7
:1051D000C9F80000002DF1D1D9F82000A16C20F011
:1051E00003000843C9F82000A078400644D5D9F848
:1051F000D40340F48070C9F8D403FEF7F9FC0646E6
:10520000D9F8D403C00505D4FEF7F2FC801B65284D
:10521000F6D303257DBBD9F84410D4F8B000414043
:1052200011F4407F11D0D9F84410D9F8442042F449
:105230008032C9F84420D9F8442021F4407122F486
:105240008032C9F84420C9F84410B0F5807F0FD1EE
:10525000FEF7CEFC064641F2893700BFD9F844007C
:10526000800705D4FEF7C4FC801BB842F6D30325A3
:10527000002D00F07A82A8462078C00732D0A06FB7
:105280004FEAF000052822D8DFE800F01E03181EC0
:105290001E1E04F10800012103F07EF813E004F162
:1052A0000800022103F078F80546002D7FF486AF50
:1052B00092E70125002D7FF481AF8DE704F12800EE
:1052C000012103F0F9F8054625B1A8460AE00125B9
:1052D000002DFAD1D9F82800A16F20F0380008433A
:1052E000C9F828002078800721D5606F052813D8D9
:1052F000DFE800F00F03090F0F0F04F10800012190
:1053000003F04AF804E004F12800012103F0D4F886
:10531000054625B1A8460AE00125002DFAD1D9F8A5
:105320002800616F20F007000843C9F828002078A2
:10533000400723D5D4F89000052813D8DFE800F003
:105340000F03090F0F0F04F10800012103F024F8E7
:1053500004E004F12800012103F0AEF8054625B170
:10536000A8460BE00125002DFAD1D9F82C00D4F87D
:10537000901020F007000843C9F82C002078800620
:1053800025D5D4F88C004FEA3070052813D8DFE813
:1053900000F00F03090F0F0F04F10800002102F0C5
:1053A000FBFF04E004F12800022103F085F8054624
:1053B00025B1A8460BE00125002DFAD1D9F8280027
:1053C000D4F88C1020F0E0400843C9F82800207879
:1053D000400625D5D4F898004FEAB020052813D808
:1053E000DFE800F00F03090F0F0F04F108000021A0
:1053F00002F0D2FF04E004F12800022103F05CF87F
:10540000054625B1A8460BE00125002DFAD1D9F8B3
:105410002C00D4F8981020F4E0500843C9F82C0070
:105420002078000625D5D4F89C004FEA7030052876
:1054300013D8DFE800F00F03090F0F0F04F1080085
:10544000002102F0A9FF04E004F12800022103F08A
:1054500033F8054625B1A8460BE00125002DFAD109
:10546000D9F82C00D4F89C1020F460400843C9F807
:105470002C002078000716D5D4F88000B0F5805FA6
:1054800008D104F12800022103F016F8002818BF03
:105490004FF00108D9F82800D4F8801020F44050CB
:1054A0000843C9F828002078C00616D5D4F894001F
:1054B000B0F5807F08D104F12800022102F0FCFF42
:1054C000002818BF4FF00108D9F82C00D4F8941028
:1054D00020F440700843C9F82C00A078000724D5B8
:1054E000D4F8A000B0F5003F1CD0B0F5803F13D039
:1054F000002840F0E58004F10800002102F04CFF94
:1055000005468DB9D9F82C00D4F8A01020F440300D
:105510000843C9F82C0008E004F12800022102F039
:10552000CBFF0546002DEDD0A846A078400725D535
:10553000D4F88400B0F5401F1DD0B0F5001F14D082
:10554000B0F5801F40F0C180D9F8000040F4003071
:10555000C9F800008DB9D9F82800D4F8841020F4D7
:1055600040100843C9F8280008E004F12800012190
:1055700002F0A2FF0546002DEDD0A846A078C00796
:105580001FD0206DB0F5803F0BD0002840F09380F5
:10559000D9F8000040F40030C9F800004DB1A84629
:1055A0000FE004F10800022102F0F6FE0546002D8E
:1055B000F5D1D9F82000216D20F480300843C9F8D6
:1055C0002000E078800608D504F12800022102F0CE
:1055D00073FF002818BF4FF00108D4E900108A03B8
:1055E00040F18280E26F6FF0010303EB3223022B64
:1055F0000AD34FEA32233BB1012B6BD1D9F80030EB
:1056000043F40033C9F80030002D66D0CA026ED4CE
:105610008A0277D44A0000F18080CA0F40F08D8062
:10562000090200F19580C00707D004F108000021AD
:1056300002F0B2FE002818BF05462079800707D582
:1056400004F10800012102F0A7FE002818BF05465A
:105650002079400707D504F10800022102F09CFEE2
:10566000002818BF05462079000707D504F1280057
:10567000002102F021FF002818BF05462079C0064E
:1056800007D504F12800012102F016FF002818BFF9
:1056900005462079800607D504F12800022102F092
:1056A0000BFF002818BF0125002D18BF0125284633
:1056B00001B0BDE8F0830125002D7FF470AF78E7DD
:1056C0000125002D7FF430AF1CE70125002D7FF46C
:1056D00054AF40E70125002D98D1D9F8283023F4A4
:1056E00040731A43C9F828204546CA0290D5D9F814
:1056F0002420236F22F000421A43C9F824208A0292
:105700007FF588AFD9F82420A36E22F080721A4367
:10571000C9F824204A007FF580AF59F81C2C22F4E8
:10572000004249F81C2CD4F8B42059F81C3C1A4308
:1057300049F81C2CCA0F3FF473AFD9F82020636DD1
:1057400022F040521A43C9F8202009027FF56BAFBE
:10575000D9F82810D4F8882021F440011143C9F861
:105760002810C0077FF461AF67E74FF6CF73D4F816
:10577000B00059F81C2CC0F2FF0300F4407122F471
:105780007C5203EA1013B1F5407F08BF1A436FF350
:105790001F3049F81C2CD9F844100843C9F84400BC
:1057A0006AE50000000000002DE9F04381B0002808
:1057B00000F0F88042F200080446C5F2002889464D
:1057C000D8F8000000F00F0081420ED9D8F8000090
:1057D00020F00F0040EA0900C8F80000D8F80000E7
:1057E00000F00F00484540F0DD80206844F2184783
:1057F0004107C5F602070AD521693A6802F070022E
:10580000914204D93A6822F07002114339600107CD
:105810000AD561697A6802F07002914204D97A6807
:1058200022F0700211437960C1060AD5A1697A6835
:1058300002F4E062914204D97A6822F4E0621143F2
:10584000796081060AD5E169BA6802F07002914276
:1058500004D9BA6822F070021143B96081070AD5F1
:10586000E1683A6802F00F02914204D93A6822F0E6
:105870000F0211433960C00740F080802068810723
:105880000AD5E1683A6802F00F02914204D23A6800
:1058900022F00F0211433960D8F8001001F00F0117
:1058A00089450DD2D8F8001021F00F0141EA090115
:1058B000C8F80010D8F8001001F00F01494571D167
:1058C00041070AD521693A6802F07002914204D278
:1058D0003A6822F070021143396001070AD5616904
:1058E0007A6802F07002914204D27A6822F0700263
:1058F00011437960C1060AD5A1697A6802F4E062B1
:10590000914204D27A6822F4E06211437960800601
:105910000AD5E069B96801F07001884204D2B9681B
:1059200021F070010843B86000F01AF939684CF2B0
:10593000C052C0F60002C1F30321515C3B6803F082
:105940000F0301F01F01D25C20FA01F102F01F00E9
:1059500040F65C02C2F2004221FA00F0106040F60C
:10596000681040F65802C2F20040C2F200420068DD
:10597000116001B0BDE8F043FEF786B9386820F445
:105980007061D4E9010211433960012857F8181CED
:105990000CD0032804D0022828D1890302D507E0BF
:1059A000890105D4012001B0BDE8F083C905F9D50E
:1059B00057F8081C21F00701084347F8080CFEF7C8
:1059C00017F9064641F2883557F8080C616800F06F
:1059D0003800B0EBC10F3FF451AFFEF709F9801B5F
:1059E000A842F1D9032001B0BDE8F0834907D9D519
:1059F000DEE70000000000003F22026044F218428F
:105A0000C5F6020252F8083C03F00703436013682E
:105A100003F470638360136803F00F03C3601368BB
:105A200003F070030361536803F07003436153682C
:105A300003F4E0638361926802F07002C26142F293
:105A40000000C5F20020006800F00F0008607047F9
:105A500080B500F085F844F218414CF2C053C5F609
:105A60000201C0F600030A68C2F303229A5C0968C7
:105A700001F00F0102F01F02595C20FA02F201F05E
:105A80001F0040F65C01C2F2004122FA00F00860FB
:105A900040F65801C2F200410A6080BD00000000DB
:105AA00080B500F05DF844F2184C4CF2C053C5F6D6
:105AB000020CC0F60003DCF80020C2F303229A5C5B
:105AC000DCF8001001F00F0102F01F02595CD04019
:105AD00040F65C02C2F2004201F01F0120FA01F11F
:105AE000116040F65802C2F200421060DCF8040077
:105AF000C0F30210185C00F01F0021FA00F080BD16
:105B000080B500F02DF844F2184C4CF2C053C5F6A5
:105B1000020CC0F60003DCF80020C2F303229A5CFA
:105B2000DCF8001001F00F0102F01F02595CD040B8
:105B300040F65C02C2F2004201F01F0120FA01F1BE
:105B4000116040F65802C2F200421060DCF8040016
:105B5000C0F30220185C00F01F0021FA00F080BDA5
:105B600044F20041C5F602010869C0F3C2000328EF
:105B700014D002280DD088BB0868800649F20000C6
:105B8000C0F2D03058BF70470968C1F3C101C840A6
:105B9000704743F20060C0F26E1070478B6A886AEB
:105BA000D1F82CC04A6BC0F30510E0B1C2F3CC02AF
:105BB00003F0030300EE102A9FED291AB8EE400A05
:105BC00020EE010A9FED271ADFE803F0021F0F1FE6
:105BD0000A6892060CD49FED251A16E040F60010D4
:105BE000C0F23D007047002070479FED1F1A0CE087
:105BF0000A6849F20003C0F2D033C2F3C10223FAAB
:105C000002F201EE102AB8EE411A0A6B9FED183A23
:105C10006FF35F2202EE102A5FEACC7203FE000AE5
:105C200003EE100A086BB8EE422AC0F34620B8EE25
:105C3000433A013030EE020AB7EE002A81EE031A31
:105C400030EE020A21EE000A01EE100AB8EE411A07
:105C500080EE010ABCEEC00A10EE100A704700BFC9
:105C6000000000390024744A001BB74B0024744C18
:105C700000000000000000002DE9F04381B0002882
:105C800000F097818046007844F20049C007C5F6CD
:105C9000020954D0D9F8100000F03801D9F82800D2
:105CA000102905D018290CD100F00300022808D1D2
:105CB000D9F8000080033ED5D8F80400D8BB0127EE
:105CC0002CE0D8F80450D9F800002DB1B5F5A02F7C
:105CD0000BD0B5F5803F0ED020F48030C9F800001D
:105CE000D9F8000020F4802007E040F48020C9F8B3
:105CF0000000D9F8000040F48030C9F80000FDF73A
:105D000077FF002D054612D0D9F80000800312D489
:105D1000FDF76EFF401B6428F6D90327002070B9F9
:105D20008CE100BFFDF764FF401B6428F5D8D9F86B
:105D300000008003F6D40120002800F07F8198F84D
:105D4000000080076AD5D9F8100010F03801D9F8A2
:105D500028001DD0182908BF5FEA807018D0D8F835
:105D60000C00D9F80010002840D021F01901084398
:105D7000C9F80000FDF73CFF054600BFD9F8000058
:105D8000400727D4FDF734FF401B0228F6D91EE058
:105D9000D9F80000400704D5D8F80C00002800F01E
:105DA000AC81D9F80000D8F80C1020F01900084395
:105DB000C9F80000FDF71CFF054600BFD9F8000038
:105DC000400707D4FDF714FF401B0228F6D903272C
:105DD000002420E0D9F80400D8F8101020F0FE408C
:105DE000012440EA0160C9F8040014E021F0010038
:105DF000C9F80000FDF7FCFE05460126D9F80000B1
:105E000010F0040086EA900405D0FDF7F1FE401B77
:105E10000228F3D90327002C00F0108198F8000025
:105E2000C00656D5D9F8100000F03801D9F828007E
:105E3000082905D0182917D100F00300012813D133
:105E4000D9F80000C00503D5D8F81C0080283BD144
:105E5000D9F80C00D8F8201020F07C50012440EA3A
:105E60000160C9F80C0031E0D8F81C000028D9F80E
:105E7000000012D040F08000C9F80000FDF7B8FE25
:105E8000054600BFD9F80000C005E1D4FDF7B0FE1B
:105E9000401B0228F6D9032717E020F08000C9F83C
:105EA0000000FDF7A5FE0546012600BFD9F8000059
:105EB00010F4807086EA102408D0FDF799FE401B8C
:105EC0000228F3D9032701E001270024002C00F069
:105ED000B58098F8000000076DD498F8000080069F
:105EE00000F1818098F80000400700F19480D8F814
:105EF0002440002C5BD0D9F8100000F0380018289E
:105F000040F0D980012CD9F82810D9F8300050D0B1
:105F100001F00302D8F828309A424AD1C1F30511A2
:105F2000D8F82C20914244D10146D8F830206FF3A4
:105F30005F21013A91423CD1C0F34622D8F8341097
:105F400001398A4235D1C0F30642D8F838100139F8
:105F50008A422ED1C0F30660D8F83C10013988423D
:105F600027D1D9F83400D8F84810C0F3CC008142CA
:105F70001DD0D9F82C0020F00100C9F82C00FDF745
:105F800037FE0546FDF734FEA842FBD0D9F83400B1
:105F90004FF6F871D8F84820884340EAC200C9F8A3
:105FA0003400D9F82C0040F00100C9F82C0000277B
:105FB00044E0012742E0D8F814000028D9F8740022
:105FC00040D040F00100C9F87400FDF711FE05460D
:105FD000D9F8740080073FF580AFFDF709FE401B3C
:105FE0000228F5D929E0D8F818000028D9F80000CF
:105FF0004DD040F48050C9F80000FDF7F9FD05468A
:10600000D9F8000080043FF56DAFFDF7F1FD401BAE
:106010000228F5D911E0D9F8000440F48070C9F8DD
:106020000004FDF7E5FD0546D9F80004C0051CD4C1
:10603000FDF7DEFD401B6428F6D90327F8B201B056
:10604000BDE8F08320F00100C9F87400FDF7D0FD31
:1060500005460327D9F8740080077FF53EAFFDF7AA
:10606000C7FD401B0228F5D9E8E7D8F80850D9F851
:1060700070001DB1052D42D0012D46D020F0010049
:10608000C9F87000D9F8700020F004003FE020F457
:106090008050C9F80000FDF7ABFD0546032700BF9F
:1060A000D9F8000080047FF51DAFFDF7A1FD401B6E
:1060B0000228F5D9C2E7D9F8000020F08070C9F8AD
:1060C0000000FDF795FD022C05464FF0030709D1AE
:1060D000D9F8000080013CD5FDF78AFD401B02285D
:1060E000F6D9ABE7D9F8000080017FF560AFFDF786
:1060F0007FFD401B0228F5D9A0E7012768E640F0A4
:106100000400C9F87000D9F8700040F00100C9F827
:106110007000FDF76DFD002D054641F288344FF00B
:10612000030711D0D9F8700080073FF5E0AEFDF706
:106130005FFD401BA042F5D980E700BFFDF758FD89
:10614000401BA0423FF67AAFD9F870008007F5D423
:10615000CDE608F12807D9F8280040F2F33188434A
:106160008ECF0843591E40EA02104FF47E426FF36F
:106170005F21C9F8280002EB47204FF4FE0280B2ED
:10618000D8F83C300844D8F8381002EB01414FF001
:10619000FE4201F4FE0102EB0362084402F0FE41FC
:1061A0000844C9F83000D9F82C004FF6F87120F0F7
:1061B0000100C9F82C00D9F83400D8F848208843E9
:1061C00040EAC200C9F83400D9F82C00D8F84010D1
:1061D00020F00C000843C9F82C00D9F82C00D8F89E
:1061E000441020F002000843C9F82C00D9F82C0014
:1061F00040F48030C9F82C00D9F82C0040F400306D
:10620000C9F82C00D9F82C0040F48020C9F82C00E3
:10621000D9F82C0040F00100C9F82C00D9F8000092
:1062200040F08070C9F80000FDF7E2FC0446032747
:10623000D9F8000080013FF5BAAEFDF7D9FC001B8C
:106240000228F5D9FAE60000F0B581B0C8B10446DD
:10625000D0F888001E4615460F4628B9002084F85D
:106260008400204601F084FA2420C4F888002068C5
:10627000016821F001010160204602F015FD0128AE
:1062800002D1012001B0F0BDA06A10B1204602F099
:1062900033FC2068816841F480418160816821F489
:1062A0000041394381603104026841EA45516FF38E
:1062B000194211430160016841F00101016020466B
:1062C00001B0BDE8F04002F087BC00000000000013
:1062D00070470000000000002DE9F0410446066808
:1062E00030697169B76894F881800A050BD510F0A0
:1062F000080208D0B06940F40060B0612046BDE8F3
:10630000F04100F095BA01EA000505F064000428A8
:1063100007D1616F20468847216F204688470120BA
:1063200000E0002005F04501012903D1216F20463E
:106330008847012005F02601022903D1616F20461C
:106340008847012008B1BDE8F081280753D415F42F
:10635000587FF8D0680600F19F80A80500F1AA8058
:10636000E80500F1B580A8060AD52068D4F88410A5
:1063700041F08001C4F88410816941F020018161FD
:10638000D4F884000028DED0206807F4404240F2B0
:106390006B33B2F5404F016821F0010101600169E2
:1063A00021EA0301016140F0A280816848F2917501
:1063B00021F440418160E06FC0F6000548B10565F9
:1063C000FBF77AFA28B1D4F8840040F04000C4F812
:1063D0008400A06F0028B6D00565FBF76DFA002891
:1063E00008BFBDE8F081D4F8840040F04000C4F854
:1063F0008400BDE8F0812068816941F00801816175
:10640000816941F010018161816941F4006181611C
:10641000016921F008010161806810F4404F24D027
:10642000204602F051F9012084F88100D4F884005C
:1064300000285FD1B8F1030F66D0B8F1040F5ED029
:10644000B8F1050F7FF47FAF2046BDE8F04100F0C2
:10645000F7B900BF2068616E006B41F8040B6166FC
:10646000B4F86A000138A4F86A00B4F86A00002899
:10647000D6D0E0681028EDD2082804D3308E616EA3
:1064800021F8020BEBE7206890F83000616E08708D
:10649000606E01306066E3E72068D4F8841041F054
:1064A0000401C4F88410816941F040018161A805AC
:1064B0007FF556AF2068D4F8841041F00101C4F88C
:1064C0008410816941F400718161E8057FF54BAF6B
:1064D0002068D4F8841041F00801C4F88410816960
:1064E00041F480718161A8063FF53FAF48E7012084
:1064F00084F881002046BDE8F041FFF7E9BE204660
:10650000BDE8F04100F090B92046BDE8F04100F050
:1065100093B9000000000000002863D02DE9F04787
:1065200043F600040168C4F2000443F2000E43F68F
:10653000004CA142C4F2010EC4F2000C4FF0000264
:10654000826204D0614518BF714540F0B480C26BCF
:106550000125C368A14203F1080305EB52124FEA7B
:10656000D30303FB02F218BF714540F09280102A5A
:1065700000F2A58090F8811031B9002180F88010D8
:10658000044600F0A1F82046022180F8811001683D
:10659000D0F818E00A68BEF1806F22F001020A60AC
:1065A0008B680FD144682CB1B4F5800F0AD1826B8F
:1065B00022B13CB9826BB2F1805F03D10A6842F428
:1065C00080520A60D0F8049003F4F8135FEA492C73
:1065D0000AD5C268072A07D30A68056D22F48072BB
:1065E0002A4304E0012070470A6822F480720A609E
:1065F000B9F1000FC269856A42EA0302C36B42EA3D
:10660000050242EA0302D0E90285D0E9046A42EABF
:1066100005028A60426B876B456A42EA0502056A99
:1066200042EA070242EA060242EA0A02D0E91243BB
:1066300042EA050242EA0302836D42EA080242EAA4
:10664000040242EA030242EA0E0242EA0902CA6076
:1066500009D18A68012363F3CC228A608A68022305
:1066600063F34A228A600A6DBCF1000F22F0010236
:106670000A6505D5CA68436D22F000421A43CA6014
:106680000021C0F88410012180F881100020BDE8AD
:10669000F087614518BF082A11D8A14218BF71457B
:1066A0003FF465AF61457FF465AF102A84BF0120D8
:1066B000BDE8F0875EE7C2680F2A7FF648AF012089
:1066C000BDE8F087000000002DE9F04FB5B00446AA
:1066D00002A8B8210025CDE93355CDE931553095D3
:1066E000F9F748FE43F600012068C4F20001884231
:1066F00002D035B0BDE8F08F4FF48050029002A870
:1067000003951995FEF79CFB08B1FAF75DFD44F27D
:10671000E04040F20045C5F60200C5F6020530AE85
:1067200040F210088168C4F2020841F4804181609F
:1067300081684FF0020901F48041019101990168DB
:1067400041F0040101600168002701F0040101919A
:106750000199016841F0020101600068314600F0D2
:106760000200019001980620309005F58060CDF878
:10677000C4904FF0030A32974FF0050BCDF8CCA030
:10678000CDF8D0B0FDF758F94FF400503146CDE9BF
:10679000300932A880E8800C2846FDF74DF942F612
:1067A00084252720C2F200454FF48066C5E9010721
:1067B0004FF44030C5F80080C5E908072846EF606F
:1067C000C5E90467C5E90677FBF702FF08B1FAF7E8
:1067D000FBFCE56708F11800AC6342F6FC25C2F249
:1067E00000452860282068604020C5E902074FF472
:1067F0000030C5E908072846C5E90467C5E90677FA
:10680000FBF7E6FE08B1FAF7DFFC242005210022A1
:10681000A567AC63FDF7B8FA2420FDF7A1FA35B0FF
:10682000BDE8F08F0000000070470000000000008D
:1068300070470000000000007047000000000000EA
:1068400070470000000000007047000000000000DA
:1068500070470000000000007047000000000000CA
:1068600090F83C20012A4FF0020269D0B0B5012314
:1068700080F83C3080F83D2040F2004C0268C4F2C1
:10688000010C42F4806363455368D2F808E002BF0C
:1068900023F470034C6823434DF6FF740D68C4F273
:1068A000000423F07003A24243EA0503536014DCA2
:1068B00040F2FF73C4F200039A4222DD40F6000367
:1068C000C4F200039A422ED040F60043C4F2000303
:1068D0009A4228D041F6000321E04FF6FF73C4F23C
:1068E00000039A4213DD0023C4F201039A421AD036
:1068F00044F20003C4F201039A4214D0624512D05C
:1069000016E0B2F1804F0ED040F2004307E04EF2A5
:106910000003C4F200039A4205D04EF20043C4F2D1
:1069200000039A4204D12EF08003896819439160D4
:106930000022012180F83D1080F83C20BDE8B040E5
:10694000104670470000000060B310B5044690F890
:106950003D0028B9002084F83C00204600F024F8CF
:10696000022084F83D002068211D02F011F801206A
:1069700084F8480084F83E0084F83F0084F8400022
:1069800084F8410084F8420084F8430084F844000D
:1069900084F8450084F8460084F8470084F83D00F8
:1069A000002010BD0120704770470000000000006B
:1069B00090F83D10012922D1022180F83D10016894
:1069C0004DF6FF70C4F200008142C86840F001003B
:1069D000C86016DC40F2FF70C4F20000814228DD7E
:1069E00040F60000C4F20000814234D040F600407E
:1069F000C4F2000081422ED041F6000027E00120C1
:106A000070474FF6FF70C4F20000814217DD00208E
:106A1000C4F2010081421ED044F20000C4F2010021
:106A2000814218D040F20040C4F20100814212D0ED
:106A30001DE0B1F1804F0ED040F2004007E04EF271
:106A40000000C4F20000814205D04EF20040C4F2C2
:106A5000000081420BD107228868C0F20102024087
:106A60000020062A18BFB2F5803F00D170470868A1
:106A700040F00100086000207047000000000000A6
:106A8000704700000000000010B50446006801696E
:106A9000890744BFC1685FEA817147D420680169F2
:106AA000490744BFC1685FEA41714BD4206801695E
:106AB000090744BFC1685FEA017150D420680169C9
:106AC000C90644BFC1685FEAC16154D42068016946
:106AD000C9071CBFC1685FEAC17159D1206801694B
:106AE000090644BFC1685FEA016158D420680169A2
:106AF000C90544BFC1685FEA016157D420680169D4
:106B0000490644BFC1685FEA416156D42068016903
:106B1000890646BFC1685FEA816110BD6FF0200140
:106B200001612046BDE81040FFF796BE6FF00201FC
:106B30000161012121778069800745D02046FFF758
:106B40009FFF47E06FF00401016102212177806916
:106B500010F4407F41D02046FFF792FF43E06FF0F2
:106B60000801016104212177C06980073ED02046D9
:106B7000FFF786FF40E06FF01001016108212177E7
:106B8000C06910F4407F3AD02046FFF779FF3CE01F
:106B90006FF001010161204600F0DAFA9EE76FF024
:106BA000800101612046FFF753FE9FE76FF480717B
:106BB00001612046FFF748FEA0E76FF04001016148
:106BC000204600F0CDFAA1E7204600F021F820464B
:106BD00000F0BAFA0020207760E7204600F018F8AD
:106BE000204600F0B1FA002020775FE7204600F051
:106BF0000FF8204600F0A8FA002020775EE7204634
:106C000000F006F8204600F09FFA002020775DE7AC
:106C1000704700000000000090F83C30012B01D1CB
:106C2000022070474FEAB2030122052B80F83C2076
:106C300000F23C822DE9F041DFE803F003B7539105
:106C40002DF5036843F6FF76C4F201061A6AB342D3
:106C500022F001021A621A461C6AD3F804C024F01A
:106C6000020452F818EF8D6844EA0504D1F8008058
:106C700040F3798144F20007C4F20107BB4200F0FF
:106C80007D8144F60007C4F20107BB4200F0768123
:106C900044F200476EE1036843F6FF77C4F2010750
:106CA0001A6ABB4222F480321A621A46D3F820C014
:106CB0005C6852F8546F0D68D1F808E040F3D98051
:106CC00044F20007C4F20107BB4200F0DD8044F645
:106CD0000007C4F20107BB4200F0D68044F200472F
:106CE000CEE0036840F2004E43F48067C4F2010E28
:106CF0001A6A774522F480721A621A461C6A5D6825
:106D000024F4007452F81CCF8E6844EA062407D19C
:106D1000CE6840F2FF47360224F44064BE43344359
:106D200043F6FF76D1F80080C4F20106B34240F387
:106D3000CB8044F20007C4F20107BB4200F0CB80D5
:106D400044F60007C4F20107BB4200F0C48044F2DD
:106D50000047C4F20107BB4200F0BD80C2E00368F7
:106D600043F6FF77C4F201071A6ABB4222F480524D
:106D70001A621A46D3F820C05C6852F81C6F0D687E
:106D8000D1F808E040F3C58044F20007C4F20107DF
:106D9000BB4200F0C98044F60007C4F20107BB42C1
:106DA00000F0C28044F20047BAE0036840F2004EAF
:106DB00043F48067C4F2010E1A6A774522F010028C
:106DC0001A621A461C6A5D6824F0200452F818CF33
:106DD0008E6844EA061407D1CE686FF0400724F0AD
:106DE000C00407EA0616344343F6FF76D1F8008064
:106DF000C4F20106B34240F3D88044F20007C4F263
:106E00000107BB4200F0D88044F60007C4F2010736
:106E1000BB4200F0D18044F20047C4F20107BB42FC
:106E200000F0CA80CFE0036843F6FF77C4F20107A1
:106E30001A6ABB4222F480121A621A46D3F820C0A2
:106E40005C6852F8546F0D68D1F808E040F3FC809C
:106E500044F20007C4F20107BB4200F0008144F68F
:106E60000007C4F20107BB4200F0F98044F200477A
:106E7000F1E00027C4F20107BB4205D040F2004711
:106E8000C4F20107BB4204D14F6924F4803444EAC0
:106E900007244FF68C775C60CFF6FE7703373E40D1
:106EA0002CF4003746EA05045C654E6809699E6566
:106EB00047EA0E471F625F6D47F008075F655F6D29
:106EC00027F004075F65EBE00027C4F20107BB422F
:106ED00001D0734506D1D1E90576374325F44056F4
:106EE00046EA07154FF68C775D60CFF6FE7707EA26
:106EF0000C0747EA0807DF614F680969DF631C6216
:106F0000DF6947F00807DF61DF6927F00407DF6109
:106F1000C6E00027C4F20107BB4205D040F200479B
:106F2000C4F20107BB4204D14F6924F4804444EA0F
:106F3000871448F6FF475C60CFF6FF673E402CF4AD
:106F4000005746EA0524DC614E6809691E6447EA79
:106F50000E371F62DF6947F40067DF61DF6927F4DE
:106F60008067DF619BE00027C4F20107BB4205D0C8
:106F700040F20047C4F20107BB4205D1CF6824F0BC
:106F80000C0427F004073C43B34233DD44F200060F
:106F9000C4F20106B34238D044F60006C4F201063A
:106FA000B34232D044F200462BE00027C4F201077E
:106FB000BB4201D0734506D1D1E90576374325F4AC
:106FC000406646EA870548F6FF475D60CFF6FF67F3
:106FD00007EA0C0747EA08279F614F6809699F6322
:106FE0001C629F6947F400679F619F6927F480676F
:106FF0009F6154E00026C4F20106B34205D040F27E
:107000000046C4F20106B34206D12CF44077D1E920
:107010000565374347EA050C4FF68C75C3F804C085
:10702000CFF6FE750EEA050747EA08079F614F682D
:1070300009695F631C629F6947F008079F619F6948
:1070400027F004079F612BE00027C4F20107BB4231
:1070500005D040F20047C4F20107BB4204D14F699A
:1070600024F4802444EA872448F6FF475C60CFF686
:10707000FF6707F540773E402CF4001746EA0524E9
:107080005C654E680969DE6547EA0E571F625F6DF1
:1070900047F400675F655F6D27F480675F650902ED
:1070A0001368194311600022BDE8F041002180F807
:1070B0003C1010467047000060B310B5044690F8CD
:1070C0003D0028B9002084F83C00204600F024F858
:1070D000022084F83D002068211D01F059FC0120A8
:1070E00084F8480084F83E0084F83F0084F84000AB
:1070F00084F8410084F8420084F8430084F8440096
:1071000084F8450084F8460084F8470084F83D0080
:10711000002010BD0120704740F200410068C4F219
:107120000001884218BF704781B044F2E840C5F6BC
:107130000200016841F002010160006800F00200F5
:107140000090009801B070477047000000000000F8
:107150000068B0F1804F18BF7047FCF751BD0000C8
:10716000704700000000000090F88410012901D150
:10717000022070472421C0F8881001680A680B6853
:1071800022F0005223F001030B60002343660A60E3
:107190002021C0F8881080F884300020704700005B
:1071A00010B543F21064C2F20044A04218BF10BDF3
:1071B000D4F88000006802680368120323F001031A
:1071C000036002680CD4192942F4002202604FF0D7
:1071D0003201416017D140F20000C2F200400CE0E1
:1071E000192922F4002202604FF0320141600AD1D5
:1071F00040F20000C2F20040193040F63011C2F2F5
:10720000004101F0EDF9D4F880000068016841F018
:107210000101016010BD0000704700000000000087
:1072200090F88420012A01D102207047B0B50123D3
:1072300080F884302422C0F888200268D0F864E006
:10724000BEF1000FD2F800C0146824F001041460ED
:10725000946824F0606441EA040191601BD0916855
:107260004CF2F85E9368C0F6000E5B0F4CF20065BE
:10727000C1F34261C0F600051EF80340EB5C240137
:10728000B4FBF3F3A0F86A301EF80130695C1B010F
:10729000B3FBF1F301E0A0F86A30A0F868302021D8
:1072A000C2F800C0C0F88810002180F884100020C7
:1072B000B0BD00000000000090F88420012A01D138
:1072C00002207047B0B5012380F884302422C0F832
:1072D00088200268D0F864E0BEF1000FD2F800C048
:1072E000146824F001041460946824F0604441EAB6
:1072F000040191601BD091684CF2F85E9368C0F66F
:10730000000E5B0F4CF20065C1F34261C0F6000550
:107310001EF80340EB5C2401B4FBF3F3A0F86A30E1
:107320001EF80130695C1B01B3FBF1F301E0A0F82A
:107330006A30A0F868302021C2F800C0C0F8881078
:10734000002180F884100020B0BD00000000000083
:1073500070470000000000007047000000000000BF
:10736000704700000000000070B5046840F62F016F
:10737000E269114020292168A66805D101F02003A7
:1073800006F080555B1939D140F60F0313400DD03C
:10739000012340F22015C1F20003C0F2004506EAC5
:1073A000030C01EA050313EB0C032DD1D306C36EC6
:1073B00016D5012B14D111F0100311D01021216228
:1073C000A168490600F1FB80B0F85C10B0F85E20BF
:1073D000B0F85E30002B18BF914240F0518170BD73
:1073E000D30240F1CA8016F4800300F0C6804FF447
:1073F00080112162BDE87040FFF7AEBF416F0029E8
:10740000EDD0BDE870400847D30718BF11F4807372
:1074100007D001232362D0F8903043F00103C0F875
:107420009030930706F0010E0AD5BEF1000F07D089
:1074300002232362D0F8903043F00403C0F8903068
:1074400053070AD5BEF1000F07D004232362D0F8FA
:10745000903043F00203C0F8903013070CD501F0D0
:10746000200353EA0C0307D008232362D0F890309E
:1074700043F00803C0F8903013050BD511F080637A
:1074800008D04FF400632362D0F8903043F020031B
:10749000C0F89030D0F89030002BA0D092060AD5DA
:1074A00001F0200106F08052891804D0416F11B11B
:1074B0000446884720460168D0F89020896802F089
:1074C000280201F04001891806D10446FFF748FF61
:1074D0000020C4F8900070BD016851E8001F0268E8
:1074E00021F4907142E80013002BF5D14FF6FE71A4
:1074F000CEF6FF71026852E8022F03680A4043E8A3
:107500000226002EF6D1C16E012909D1016851E889
:10751000001F026821F0100142E80013002BF5D192
:107520002021C0F88C100021C16602684167916873
:10753000490640F1988000BF016851E8021F0268C7
:1075400021F0400142E80213002BF5D1D0F8801061
:10755000002900F0888048F6994204460846C0F6A3
:1075600000020A65FAF7A8F900283FF438AFD4F80A
:107570008000016DBDE870400847130606D501F094
:10758000800306F400069B1940F0AB8053066ED5CD
:1075900011F040036BD000BF016851E8001F026882
:1075A00021F0400142E80013002BF5D12021C0F862
:1075B000881000218167BDE8704000F021BAD0F842
:1075C00080100A68526893B2002B3FF408AFB0F8FD
:1075D0005C60B342BFF403AFA0F85E20C969B1F5A7
:1075E000807F34D0016851E8001F026821F4807167
:1075F00042E80013002BF5D1016851E8021F026830
:1076000021F0010142E80213002BF5D1016851E895
:10761000021F026821F0400142E80213002BF5D15D
:107620002021C0F88C100021C16600BF016851E81C
:10763000001F026821F0100142E80013002BF5D171
:10764000D0F8801004460846F9F7C6FE204602210D
:107650000167B0F85C10B0F85E20891A89B2BDE805
:107660007040FFF79DBDBDE87040FFF779BE130283
:107670003ED511F080433BD0BDE87040FFF768BEB7
:10768000891A00BF026852E8002F036822F4907242
:1076900043E80026002EF5D14FF6FE72CEF6FF72BB
:1076A000036853E8023F0668134046E80235002DA0
:1076B000F6D12022C0F88C200022C266426700BFAB
:1076C000026852E8002F036822F0100243E8002607
:1076D000002EF5D189B202220267BDE87040FFF7A3
:1076E0005FBD816F00293FF47AAEBDE87040084766
:1076F000D2017FF574AEB1F1FF3FC8BF70BDBDE8E8
:107700007040FFF789BD000010B5A8B10446D0F85D
:10771000880028B9002084F88400204600F028F86A
:107720002420C4F888002068016821F0010101606C
:10773000204601F0B9FA08B1012010BDA06A10B1CD
:10774000204601F0D9F92068416821F49041416058
:10775000816821F02A018160016841F00101016026
:107760002046BDE8104001F037BA000000000000DC
:107770002DE9F043B5B0044602A8B8210026CDE9B2
:107780003366CDE931663096F8F7F4FD44F20041F6
:107790002068C4F20001884200F0B68041F2000186
:1077A000C4F20101884279D045F20001C4F200011F
:1077B000884240F01F8102A8002703974FF002087B
:1077C000CDF808801F97FDF73BFB08B1F9F7FCFCEB
:1077D00044F2E04040F60045C5F60200C5F6020559
:1077E00030AE4FF00809816841F4801181608168F2
:1077F00001F4801101910199016841F004010160D7
:10780000016801F0040101910199016841F008014A
:1078100001600068314600F00800019001984FF4C3
:107820008050CDE93008A5F58060CDF8D090CDE945
:107830003277FCF701F904203146CDE930082846BB
:10784000CDF8D090CDE93277FCF7F6F842F67435F2
:107850004020C2F20045C4F2020028604120C5E980
:1078600001074FF48060EF60C5E904074FF48070B2
:10787000C5E906704FF44030C5E908072846FAF715
:10788000A7FE08B1F9F7A0FC352005210022C4F8B5
:107890008050AC63FCF778FA3520A9E00120029013
:1078A00002A8002403942094FDF7CAFA08B1F9F75E
:1078B0008BFC44F2E040C5F60200016941F0100182
:1078C0000161016901F0100101910199016841F024
:1078D00001010160006840F6004100F001000190E4
:1078E000C5F6020101984FF4C06030900220339435
:1078F000CDE9310407203490A1F5406030A9FCF7B0
:107900009BF835B0BDE8F08302A8039602250295E6
:107910001F96FDF795FA08B1F9F756FC44F2E040DE
:1079200040F24008C5F602000026C4F20208816851
:1079300041F400318160816801F4003101910199C5
:10794000016841F008010160006830A900F00800FA
:10795000019001987020CDE930050720349040F661
:1079600000403296C5F602003396FCF765F842F601
:10797000EC3508F11800C2F200454FF480694FF46D
:10798000003728602B20C5E901064FF48070EE60B7
:10799000C5E906602846C5E90496C5E90876FAF700
:1079A00017FE08B1F9F710FCC4F8805008F1300058
:1079B000AC6342F66445C2F2004505F10801286057
:1079C0002C206860402081E841022846EE61C5E92C
:1079D0000566C5E90876FAF7FBFD08B1F9F7F4FB8F
:1079E000262005210022E567AC63FCF7CDF92620AF
:1079F000FCF7B6F935B0BDE8F083000000000000E8
:107A00007047000000000000FEE7000000000000DA
:107A1000052003F0ADFBFBE780B582B044F2D8400F
:107A20000022C5F60200016841F001010160006812
:107A3000062100F00100019001980B20FCF7A4F949
:107A40000B20FCF78DF90C2006210022FCF79CF995
:107A50000C20FCF785F90D2005210022FCF794F994
:107A60000D20FCF77DF90E2005210022FCF78CF992
:107A70000E20FCF775F90F2005210022FCF784F990
:107A80000F2002B0BDE88040FCF76AB9000000009A
:107A900080B542F6DC404AF20001C2F200401D22ED
:107AA00000F11C0EC4F2000101600021C0E90211C6
:107AB000C0F80F104FF0030CC0F814C00A23836104
:107AC0008EE80C10C0E90A3203630522C0E90D22DA
:107AD000C263042202640823C0E91131C0E91331F2
:107AE000C0E91521C0E91713C0E91913FBF7E4FB3E
:107AF000002808BF80BDBDE88040F9F765BB0000E5
:107B000080B542F67C504AF20041C2F200401D228C
:107B100000F11C0EC4F2000101600021C0E9021155
:107B2000C0F80F104FF0030CC0F814C00A23836193
:107B30008EE80C10C0E90A32036340F25632426309
:107B40000522C0E90E2201640422C0E911220823A3
:107B5000C0E91331C0E91521C0E91712C0E91913B2
:107B6000FBF7AAFB002808BF80BDBDE88040F9F7FD
:107B70002BBB00000000000080B542F61C604DF2F7
:107B80000041C2F200401D2200F11C0EC4F20001AF
:107B900001600021C0E90211C0F80F104FF0030C82
:107BA000C0F814C00A2383618EE80C10C0E90A32C1
:107BB0000522026340F2AD63C263C0E90D320422C4
:107BC00002640823C0E91131C0E91321C0E915217D
:107BD000C0E91712C0E91913FBF76EFB002808BFB4
:107BE00080BDBDE88040F9F7EFBA0000000000005A
:107BF00080B594B028A028490F9141681091816800
:107C00001191C1681291006913900FA8002103F02F
:107C1000BFFA42F22451C2F20041086023A0234976
:107C20000A9141680B9181680C91C1680D910069BE
:107C30000E900AA8002103F0ABFA40F68811C2F2B8
:107C4000004108601EA01E490591416806918168A7
:107C50000791C16808910069099005A8002103F007
:107C600097FA40F67011C2F20041086019A0194954
:107C700000914168019181680291C1680391006996
:107C800004906846002103F083FA40F68C11C2F29A
:107C90000041086014B080BD2AC60008D9870008DA
:107CA00000000000000000008000000021C6000865
:107CB000117A00080300000000000000000200002C
:107CC00014C60008910D000801000000000000002B
:107CD0000004000008C60008D98500080100000063
:107CE00000000000000100002DE9F04F87B044F2D1
:107CF000E0404FF00008C5F60200CDF81880CDE94D
:107D00000488CDE90288016840F6000941F00401C9
:107D100001600168C5F6020901F0040101910199B1
:107D2000016841F0800101600168002201F08001DA
:107D300001910199016841F00101016001684FF46E
:107D4000C04701F0010101910199016841F0020170
:107D50000160016801F0020101910199016841F09F
:107D600010010160016801F01001019101990168A1
:107D700041F00801016000684FF4C04100F00800C4
:107D8000019001984846FBF72BFF09210122484644
:107D90004FF0090A0125FBF723FFA9F5006604212E
:107DA00001223046FBF71CFF09F500644FF408512F
:107DB000012220464FF4085BFBF712FFCDE9027564
:107DC00002AF48463946CDE90488FBF735FE484600
:107DD0003946CDE902A5CDF810804FF0030ACDF861
:107DE00014A0FBF729FE30463946CDE90258049528
:107DF000FBF722FE04203946CDE902053046CDE9E5
:107E0000045AFBF719FE20463946CDE902B5CDE903
:107E1000045AFBF711FE4FF4A05002904FF4881063
:107E20003946CDE903082046FBF706FE07B0BDE85A
:107E3000F08F00000000000010B543F2C83443F694
:107E40000000C2F20044C4F20000072120604FF499
:107E5000800060600020A060E1604FF0007121614F
:107E60004FF0807161614FF08061A1614FF08041FE
:107E7000C4E90710C4E90900E06204F13800616355
:107E80002421F8F777FA2046FEF746FB002808BFC2
:107E900010BDBDE81040F9F797B9000000000000E0
:107EA00070B590B043F29C4040F20045C2F20040F1
:107EB0000024CDE90844CDE90644CDE90444CDE9E8
:107EC0000244C4F200050560CDE900441721C0E971
:107ED000011442F20F71C0E9031480218161FFF7A0
:107EE000EBF808B1F9F770F943F29C4007A9C2F228
:107EF000004007940994FEF7B3FC08B1F9F764F960
:107F000043F29C446020C2F20044009069460C2277
:107F100020460026CDE901660496FEF77DFE08B1F5
:107F2000F9F752F920680F96A8420C96CDE90D6634
:107F30000B9601D010B070BD44F2E040C5F60200CF
:107F4000016841F0020101600068002100F00200B8
:107F50000A900A980220CDE90B000F9040F20040F1
:107F6000CDE90D11C5F602000BA9FBF765FD10B0B8
:107F700070BD00000000000080B543F2106045F2C3
:107F80000001C2F2004048F2A062C4F20001C0F257
:107F90000102C0E900124FF4805181604FF400519A
:107FA000C1604FF48061016104214161002181625F
:107FB000C0E90611C0E90811FFF7A6FB08B1F9F7FF
:107FC00003F943F210600021C2F20040FFF774F998
:107FD00008B1F9F7F9F843F210600021C2F200404D
:107FE000FFF71EF908B1F9F7EFF843F21060C2F29B
:107FF0000040FFF7B9F8002808BF80BDBDE8804009
:10800000F9F7E2B80000000080B543F2E84041F221
:108010000001C2F20040C4F201010C2201604FF4E1
:10802000E13141600021C0E902110161C0E905218F
:10803000C0E90711C0E90911FFF766FB08B1F9F7BC
:10804000C3F843F2E8400021C2F20040FFF734F9E0
:1080500008B1F9F7B9F843F2E8400021C2F2004054
:10806000FFF7DEF808B1F9F7AFF843F2E840C2F2E3
:108070000040FFF779F8002808BF80BDBDE88040C8
:10808000F9F7A2B80000000080B543F27C5044F23A
:108090000041C2F2004040F60012C4F20001C0F2FA
:1080A0003D02C0E9001200210C22C0E90521002296
:1080B0000023C0E902110161C0E90711C0E90911FB
:1080C000FEF7C2F808B1F9F77FF843F27C500021BF
:1080D000C2F20040FFF7F0F808B1F9F775F843F283
:1080E0007C500021C2F20040FFF79AF808B1F9F77E
:1080F0006BF843F27C50C2F20040FFF735F80028DD
:1081000008BF80BDBDE88040F9F75EB80000000000
:1081100080B542F2A87040F63801C2F20040C2F2C7
:108120000041012201F040FC08B1F9F74DF842F29C
:10813000A87040F66001C2F20040C2F2004101F0B6
:10814000B3FE08B1F9F740F842F2A87040F6FC011E
:10815000C2F20040C2F2004101F032FA08B1F9F770
:1081600033F842F2A870C2F2004001F0C9FE08B133
:10817000F9F72AF8BDE88040FCF722BD00000000B6
:10818000FEE7000000000000FEE700000000000025
:1081900042F6BC60C2F20040FBF7A2BF0000000044
:1081A000E0B380ED070A30EEC00A417890ED0F1A77
:1081B00090ED102AC0ED060A012980ED0F0A80ED2E
:1081C000101A80ED112A2CD10178012937D099BBE2
:1081D00090ED025A30EE411A90ED0A4A90ED012AD4
:1081E000A5EE004A90ED036A20EE022A90ED053AD2
:1081F00021EE060A80ED092AD0E90C21C0E90D2103
:10820000B4EE434A80ED0A4AF1EE10FA80ED0C1A02
:1082100080ED0B0A3ADD80ED0A3A40E09FED2D0A31
:10822000704710B500F11802302104461046F8F7E7
:10823000A1F82046BDE8104090ED080A7047B8EE5E
:10824000003A90ED025A30EE414A20EE055AA1EE76
:10825000030A90ED011AD0E90C2180ED0A5AC0E919
:108260000D2132EE002A24EE010A90ED031A80ED72
:10827000090A22EE013A80ED0C2A30EE051A90ED43
:10828000080A80ED0B3A31EE031A0CE0B1EE433AE6
:10829000B4EE434AF1EE10FAB8BF80ED0A3A90ED21
:1082A0000A1A32EE011A30EE010A90ED041AB4EE09
:1082B000410A80ED080AF1EE10FA06DCB1EE411A2F
:1082C000B4EE410AF1EE10FAB6DA80ED081A90ED3C
:1082D000080A704700000000002818BF002A00D1DB
:1082E00070474378CBB9B0B501701168416000F1B7
:1082F0002003516881609168C16080ED040A2821E3
:10830000C0ED050A044618461546F8F733F82A4624
:10831000204601216170BDE8B0401168416051689C
:1083200081609168C160704700000000000000009B
:10833000EFF30980BFF36F8F154B1A681EF0100F13
:1083400008BF20ED108A20E9F04F10602DE90900E8
:108350004FF0500080F31188BFF34F8FBFF36F8F42
:1083600003F0F2FA4FF0000080F31188BDE8090035
:1083700019680868B0E8F04F1EF0100F08BFB0ECA5
:10838000108A80F30988BFF36F8F704700BF00BF6A
:10839000A436002400000000F0B581B044F22C4760
:1083A000C5F6020757F8042C02F00302032A02D193
:1083B000012001B0F0BD054657F82C0C0C4620F00A
:1083C000806047F82C0CFBF713FC064657F82C0C82
:1083D000000105D5FBF70CFC801B0228F6D964E0F0
:1083E00057F8040CEE6895E80E0020F47C30012C60
:1083F00040EA0130A2F101016FF35F214FF47E42A8
:1084000002EB432247F8040C92B24FF0FE4302EB1A
:1084100001004FF4FE012A6901EB064101F4FE015F
:1084200003EB0262084402F0FE410844F860386839
:10843000696920F0C00040EA010038603868A96925
:1084400020F0200040EA0100386038684FF6F871EB
:1084500020F0100038603869EA6920EA01004FF422
:10846000001140EAC2003861386808BF4FF480113B
:1084700040F01000002C386008BF4FF4002138682D
:108480000843386057F82C0C40F0806047F82C0CFB
:10849000FBF7AEFB044600BF57F82C0C000107D4D5
:1084A000FBF7A6FB001B0328F6D3032001B0F0BDA9
:1084B000002001B0F0BD0000F0B581B044F22C47BF
:1084C000C5F6020757F8042C02F00302032A02D172
:1084D000012001B0F0BD054657F82C0C0C4620F0E9
:1084E000805047F82C0CFBF783FB064657F82C0C02
:1084F000800005D5FBF77CFB801B0228F6D964E0E1
:1085000057F8040CEE6895E80E0020F07C70012C02
:1085100040EA0150A2F101016FF35F214FF47E4266
:1085200002EB432247F8040C92B24FF0FE4302EBF9
:1085300001004FF4FE012A6901EB064101F4FE013E
:1085400003EB0262084402F0FE4108447861386897
:10855000696920F4406040EA010038603868A96920
:1085600020F4007040EA0100386038684FF6F87176
:1085700020F480703860B869EA6920EA01004FF0A1
:10858000807140EAC200B861386808BF4FF400014A
:1085900040F48070002C386008BF4FF480013868C8
:1085A0000843386057F82C0C40F0805047F82C0CEA
:1085B000FBF71EFB044600BF57F82C0C800007D4C5
:1085C000FBF716FB001B0328F6D3032001B0F0BD18
:1085D000002001B0F0BD0000012002F0C9FDFBE762
:1085E000002818BF002900D1704702780F2AFBD15C
:1085F000027E002A18BF7047F0B590F801C082785B
:1086000062F30A2CA1F800C08278C3784FEAD20E38
:1086100063F34A1EA1F802E0C278037944799B0013
:1086200043EA921264F38A228A80437984795B0850
:1086300064F3CA13CB808479C579240965F30A14DD
:108640000C81C579067A477A760046EAD51567F334
:108650004A254D81467A877AB60867F38A168E8155
:10866000867AC77AFF0047EA5616CE81067B477B9B
:10867000760967F30A260E82467B807BF60860F354
:108680004A164E82ACF212400880AEF580604880F7
:10869000A2F580608880A3F20440C880A4F58060C1
:1086A0000881A5F580604881FA2088760020087549
:1086B000BDE8F0407047000043F2C830C2F200400D
:1086C000FDF70ABE00000000016840F26F32D1F8E9
:1086D00014C08B6943F008038B618B6943F010036E
:1086E0008B610B6823F001030B600B6923EA020224
:1086F0000A618A6822F440428A6090F88120042A44
:1087000018BF1CF0200209D0D0F8842042F080026B
:10871000C0F884208A6942F020028A6190F88120A2
:10872000032A18BF1CF0400215D15FEA8C521FD4F7
:108730005FEACC5209D5D0F8842042F00802C0F894
:1087400084208A6942F480728A610021A0F8621054
:10875000A0F86A107047D0F8842042F00402C0F8F4
:1087600084208A6942F040028A615FEA8C52DFD538
:10877000D0F8842042F00102C0F884208A6942F4D3
:1087800000728A615FEACC52D5D4DEE700000000B7
:10879000806B0021A0F86A10A0F86210012180F817
:1087A0008110FDF795BD00000000000000000000F2
:1087B000074B19680868B0E8F04F80F30988BFF3E9
:1087C0006F8F4FF0000080F31188704700BF00BF2B
:1087D000A436002400000000FFF79AFC012002F0FC
:1087E000C7FCFBE70000000080B54FF0500080F3AD
:1087F0001188BFF36F8FBFF34F8F03F075FA30B15D
:108800004EF604504FF08051CEF20000016000207F
:1088100080F3118880BD0000B0B59CB044F6180408
:1088200009A84C21C5F60204F7F7A4FD0220002593
:10883000CDE90755CDE90555CDE90355CDE90155FC
:10884000FCF79AF90095206820F4404020602068E9
:1088500000F440400090009820688004FCD521205E
:1088600009904FF480300A9001200F90022114915A
:10887000CDE9121128210024CDE915100420CDE9FD
:1088800017000C20199009A8CDE91A44FDF7F4F956
:1088900018B1EFF3108072B6FEE73F20019003207D
:1088A0004FF48061CDE90204082004904020CDE916
:1088B0000500CDE9071001A80321FCF775FF20B1E1
:1088C000EFF3108072B600BFFEE71CB0B0BD000031
:1088D0004EF6885042F2000CCEF20000C5F2002C99
:1088E000026842F470020260DCF8000000F00F0041
:1088F000062806D8DCF80000072262F30300CCF853
:10890000000044F200404EF67F51C5F60200CEF65C
:10891000F621026842F0010202600022026103684F
:1089200019400160DCF80010090706D5DCF80010DA
:10893000072363F30301CCF8001040F200218261A9
:10894000C261C0F20221026281620021C0F2FF1105
:10895000C16240F28021C0F2011101634263816370
:10896000C26301644264016821F4802101600266EF
:1089700044F20000C5F2002043F2D20101607047CA
:1089800043F25040C2F20040FEF77EB80000000003
:1089900040F6FF32C4F20002904202680FDCB0F1F0
:1089A000804F1DD040F20043C4F20003984217D01C
:1089B00040F60003C4F20003984211D014E040F6E0
:1089C0000043C4F2000398420AD040F20043C4F2CC
:1089D0000103984204D00023C4F20103984203D15A
:1089E00022F070024B681A434EF2FF3343F6FF7CCD
:1089F000C4F20003C4F2010C98420FDD604522DC92
:108A00004EF20043C4F20003984238D00023C4F26F
:108A10000103984233D040F2004322E040F2FF735A
:108A2000C4F20003984221DD40F60003C4F20003C3
:108A3000984224D040F60043C4F2000398421ED06E
:108A40004EF2000317E044F20003C4F2010398421F
:108A500015D044F60003C4F2010398420FD044F24B
:108A60000043C4F20103984209D00CE0B0F1804FFA
:108A700005D040F20043C4F20003984203D122F42F
:108A80004072CB681A4310B522F08002D1F800E0A2
:108A90004C698B6822430260C3626045C0F828E0DD
:108AA000BDE810400EDD44F20002C4F20102904223
:108AB00013D044F60002C4F2010290420DD044F2F9
:108AC000004206E00022C4F20102904205D040F2CA
:108AD0000042C4F20102904201D1096901630121FF
:108AE000416170470000000043F21060C2F2004094
:108AF000FEF73ABC00000000816ACA070CD18A0761
:108B000015D44A071ED40A0727D4CA0630D48A06C9
:108B100039D44A0642D454E00268D0F82CC05368D5
:108B200023F4003343EA0C0353608A07E9D5026853
:108B3000D0F830C0536823F4803343EA0C03536009
:108B40004A07E0D50268D0F834C0536823F4802384
:108B500043EA0C0353600A07D7D50268D0F838C03F
:108B6000536823F4004343EA0C035360CA06CED58E
:108B70000268D0F83CC0936823F4805343EA0C03A6
:108B800093608A06C5D50268D0F840C0936823F484
:108B9000005343EA0C0393604A0612D50268D0F8EA
:108BA00044C0BCF5801F536823F4801343EA0C03D0
:108BB000536006D1536823F4C00C836C43EA0C0362
:108BC0005360090658BF70470168C06C4A6822F4B8
:108BD0000022104348607047B0B582B004460020C0
:108BE000C4F89000FBF704F82168054609680907F6
:108BF00018D54FF4001100226FF07E4000902046FF
:108C00002B4600F085FA68B1206850E8000F216813
:108C100020F0800041E80002002AF5D10320202145
:108C2000882230E020680068400723D54FF4800197
:108C300000226FF07E40009020462B4600F068FA3C
:108C4000C0B100BF206850E8000F216820F4907088
:108C500041E80002002AF5D1206850E8020F21689F
:108C600020F0010041E80202002AF5D10320202172
:108C70008C2208E02020C4F88800C4F88C00002171
:108C800070220020E166A150002184F8841002B017
:108C9000B0BD000000000000806B0021A0F85E1055
:108CA000A0F85610FEF75CBBF0B583B0044603682D
:108CB000806846F6F315D4E9031210436269104345
:108CC000E2691E68CCF6FF75104306EA0502104300
:108CD000186058684FF2FF4620F4405240F60040BA
:108CE00011435960C5F60000A1698342C1F2FF1625
:108CF0001CBF226A11439A6847F6FF353240C4F21E
:108D0000000511439960DA6A44F2544122F00F02DF
:108D1000666AC5F602013243AB42DA624FF0800266
:108D200018DD41F2FF76C4F20106B34227DC47F6B4
:108D30000046C4F20006B3424DD041F20006C4F230
:108D40000106B34231D041F20046C4F20106B342FB
:108D50002BD04DE044F6FF36C4F20006B3422EDDC0
:108D600044F60046C4F20006B34234D045F2000691
:108D7000C4F20006B3422ED047F6000627E041F6C3
:108D80000006C4F20106B3420FD041F60046C4F219
:108D90000106B34209D083422AD14A6802F0070291
:108DA000062A24D20FF260331EE00A68C2F3C20220
:108DB000062A1CD24CF2BA53C0F6000314E044F267
:108DC0000046C4F20006B34205D044F60006C4F2E1
:108DD0000006B3420CD10A6802F00702062A06D246
:108DE0004CF2B453C0F600031A44127800E080221B
:108DF0002368834240F60010C0F23D0000F04F802F
:108E0000E369B3F5004F40F06480402A00F2FC8033
:108E10000027DFE812F041002101F900F9002701E5
:108E2000F900F900F9002F01F900F900F900F90043
:108E3000F900F900F900FF00F900F900F900F90064
:108E4000F900F900F900F900F900F900F900F9005A
:108E5000F900F900F9003401F900F900F900F9000E
:108E6000F900F900F900F900F900F900F900F9003A
:108E7000F900F900F900F900F900F900F900F9002A
:108E8000F900F900F900F900F900F900F900F9001A
:108E9000F900F900F9001B01FCF702FEEFE0931E58
:108EA0001E2B00F260800027DFE803F0106374637C
:108EB000636378636363636363636663636363636A
:108EC000636363636363636363637D00FBF784FED3
:108ED00069E0402A00F29B800027DFE812F04100A1
:108EE000C00098009800C700980098009800ED0016
:108EF0009800980098009800980098009800A900A1
:108F000098009800980098009800980098009800A1
:108F10009800980098009800980098009800F20037
:108F20009800980098009800980098009800980081
:108F30009800980098009800980098009800980071
:108F40009800980098009800980098009800980061
:108F50009800980098009800980098009800BA002F
:108F6000FCF79EFDADE0402A03D14FF400400027FE
:108F700019E00020012716E051F8540C800649F250
:108F80000000C0F2D0300ED551F8541CC1F3C1011D
:108F9000C84008E06846FBF733FE02E06846FBF78E
:108FA000BFFE00270198002800F0A280616A4CF201
:108FB000D052C0F60002656832F8112005EB450179
:108FC000B0FBF2F38B424FF00101C0F094802E030E
:108FD000B34200F2908000210023F7F793F90902D1
:108FE000002341EA10612A46000210EB550041F1CE
:108FF0000001F7F787F94FF60052A0F54071C0F273
:109000000F02914272D375E00020012737E0002063
:10901000012756E051F8540C800649F20000C0F2D6
:10902000D0302CD551F8541CC1F3C101C84026E002
:1090300051F8540C800649F20000C0F2D03040D5FF
:1090400051F8541CC1F3C101C8403AE04FF400404C
:1090500015E04FF4004034E0FCF752FD0FE0FCF760
:109060004FFD2EE06846FBF7CBFD06E06846FBF7B8
:10907000C7FD24E06846FBF753FE00270198B8B30C
:10908000616A4CF2D052C0F6000232F811106268E8
:10909000B0FBF1F0510801EB4000B0FBF2F0A0F1A1
:1090A00010014FF6EF72914224D84FF6F071014053
:1090B000C0F34200084419E06846FBF731FE002780
:1090C0000198A8B1616A4CF2D052C0F6000232F8A1
:1090D00011106268B0FBF1F000EB5200B0FBF2F04F
:1090E000A0F110014FF6EF72914203D82168C860D9
:1090F000394600E001214FF00110A0660020C4E9CC
:109100001D00084603B0F0BD020408102040000016
:109110002DE9F04381B004460068C0690840401A58
:10912000B0FA80F04009824253D1DDF820800D462C
:109130001646994608F1010709E000BF2068C0699A
:109140002840401BB0FA80F04009864241D1002FF0
:10915000F4D0FAF74DFDB8F1000F01464FF00300CF
:1091600038D0A1EB0901414534D82068016849078E
:10917000E4D5C169090730D4C1690905DED54FF4CA
:1091800000610162206850E8000F216820F49070AF
:1091900041E80002002AF5D14FF6FE70CEF6FF70CE
:1091A000216851E8021F2268014042E80213002BA7
:1091B000F6D1E06E012809D1206850E8000F21683F
:1091C00020F0100041E80002002AF5D10320202100
:1091D0002CE0002001B0BDE8F0830821016200BF4F
:1091E000206850E8000F216820F4907041E80002E8
:1091F000002AF5D14FF6FE70CEF6FF70216851E8D7
:10920000021F2268014042E80213002BF6D1E06EF3
:10921000012809D1206850E8000F216820F01000D3
:1092200041E80002002AF5D1012008212022C4F8DB
:109230008C200022E2666267C4F8901084F88420D3
:1092400001B0BDE8F083000043F27C50C2F2004060
:10925000FEF78AB800000000D0F8D42200EB820CA0
:10926000DCF8C0223AB3B0B501F00F0404EB84037C
:1092700000EB830E5EF8183F5BB1D0F8C85204EBE8
:10928000C40405EB8404646CB3FBF4F505FB1433F0
:109290009BB10020C2F81402DCF8C4321B69002B19
:1092A00008BFB0BD02F5047CD2F808020A46614648
:1092B00098470020B0BD0320704700220023CEF85D
:1092C000002000F0D1FD0020B0BD00000000000033
:1092D000B0B5D0F8D42200EB8202D2F8C05295B1DA
:1092E000044600F045FCD4F8D412C5F80C02D5F8B9
:1092F000040204EB8101D1F8C42205F50371D268A0
:1093000090470020B0BD0320B0BD00000000000069
:1093100070B58121044600F06FFB01212046002535
:10932000258700F069FB82212046A4F8785100F0DF
:1093300063FBD4F8D40204F53076E56456F82010C7
:1093400089B104EB8000D0F8C40240688047D4F8AB
:10935000D40256F8200001F06BF8D4F8D40246F895
:109360002050C4F8BC52002070BD00000000000076
:1093700010B5D0F8D41200EB8100D0F8C04284B10F
:10938000D0F8C41259B194F80002FF2807D094F81D
:1093900001228B6821469847FF2084F800020020B4
:1093A00010BD032010BD000040F6DC010A22C2F20D
:1093B0000041028008467047F0B581B040F698073A
:1093C0000446C2F200478221384600F0F5F905460E
:1093D0000121384600F0F0F906468121384600F0B8
:1093E000EBF9002D1CBF1021A971002E1CBF4021DC
:1093F000B18000281CBF4021818040F698004321A5
:10940000C2F20040218001B0F0BD00000000000069
:10941000F0B581B040F698070446C2F200478221B9
:10942000384600F0C9F905460121384600F0C4F974
:1094300006468121384600F0BFF9002D1CBF1021DF
:10944000A971002E1CBF4FF40071B18000281CBF11
:109450004FF40071818040F698004321C2F2004031
:10946000218001B0F0BD0000F0B581B040F6980752
:109470000446C2F200478221384600F09DF90546B5
:109480000121384600F098F906468121384600F05F
:1094900093F9002D1CBF1021A971002E1CBF402183
:1094A000B18000281CBF4021818040F698004321F4
:1094B000C2F20040218001B0F0BD000000000000B9
:1094C0002DE9F04104464FF4077000F0B5FF002885
:1094D00049D04FF407710546F6F74CFFD4F8D40293
:1094E000217C4027022204EB800000294FF08101FB
:1094F0004FF00206C0F8C0522046C4F8BC5208BF64
:109500004FF400773B4600F0BBFB012102222046CE
:109510003B464FF00108A4F8388000F0B1FB102062
:10952000A4F84E008221032208232046A4F8788163
:1095300000F0A6FBD4F8D4020027C5F8047204EBAF
:109540008000A4F84C80D0F8C40200688047C5F8B9
:109550001472C5F81872D5F80422A2B1207C01213A
:1095600058B140230BE0D4F8D402002104EB800072
:10957000C0F8C0120220BDE8F0814FF4007320460D
:1095800000F092FB00263046BDE8F08100000000AC
:10959000D0F8D41200EB8101D1F8C01271B180B5BE
:1095A000027C4023002AD1F804224FF0010108BFB9
:1095B0004FF4007300F078FB002080BD032070475B
:1095C00039B1D0F8D42200EB8200C0F8C4120020D8
:1095D0007047032070470000D0F8D42200EB8200CF
:1095E000D0F8C00218B1C0F8041200207047032060
:1095F0007047000000000000D0F8D43200EB830078
:10960000D0F8C00228B1C0F80812C0F8102200201B
:109610007047032070470000F0B581B0D0F8D42225
:1096200000EB820300228DF80320D3F8C042ADF88E
:109630000020002C54D00D7815F0600214D0202AA0
:109640004CD1CA881AB36DB2B5F1FF3F27DD497816
:10965000402A84F80012214628BF402284F80122C3
:1096600000F072F800243CE04A780B2A36D8002437
:10967000DFE802F0063734343434343434342530FF
:1096800090F89C22032A29D1694602221EE0D3F8D1
:10969000C4224878002493680022984721E0D3F838
:1096A000C4524B7806460F46AD6818462146A84777
:1096B000FA8830462146072A28BF072206E090F89C
:1096C0009C22032A0AD10DF10301012200F058F86F
:1096D000002406E090F89C22032A02D000F028F82B
:1096E0000324204601B0F0BD80B5D0F8B8225268FE
:1096F0009047002818BF032080BD00000000000034
:1097000000207047000000000020704700000000AB
:1097100080B513460A46002100F0C6FA002080BD3D
:1097200080B513460A46002100F09EFB002080BD54
:1097300010B58021044600F05FFB00212046BDE803
:10974000104000F059BB000080B50323C0F89432EC
:109750001346C0F858210A460021C0F85C3100F0D9
:10976000A3FA002080BD000080B50521C0F8941246
:1097700000210022002300F097FA002080BD0000A5
:1097800080B50223C0F89432134682610A46002154
:10979000C36100F069FB002080BD000000000000F4
:1097A00080B50421C0F8941200210022002300F0AB
:1097B0005BFB002080BD0000B0F802C003789C4530
:1097C00010D980B504E000BF73449AB262450BD251
:1097D00090F800E070444278052AF5D182788A42F8
:1097E000F2D180BD00207047002080BD0000000045
:1097F000002808BF704710B5037863B1A0F1010ECF
:109800004FF0000C9EF802300CF1010C0EF1010E2D
:10981000002BF7D101E04FF0000C5FFA8CFC022323
:1098200003EB4C0313800B7003224A70027882B161
:10983000013802234FF0000C5FFA83FE51FA83F4E3
:10984000023301F80E2084F801C082780130002A2A
:10985000F2D1BDE81040704710B540F60C240A461E
:10986000C2F2004402A02146FFF7C2FF204610BD0D
:1098700043444320436F6E666967000000000000A8
:1098800040F6E8001222C2F200400A807047000051
:1098900010B540F60C240A46C2F2004402A021464C
:1098A000FFF7A6FF204610BD43444320496E746570
:1098B000726661636500000040F610100422C2F277
:1098C00000400A807047000010B540F60C240A469C
:1098D000C2F2004402A02146FFF78AFF204610BDD5
:1098E00053544D6963726F656C656374726F6E6912
:1098F000637300000000000010B540F60C240A4617
:10990000C2F2004402A02146FFF772FF204610BDBC
:1099100053544D3332205669727475616C20436F15
:109920006D506F727400000070B54EF60000C1F605
:10993000F17002688368D2184FF01A030B802ED0A2
:1099400040F6141C40686FF00101C2F2004C4FF069
:10995000370E0023140F0CEB01050EEB1276B2F15B
:10996000204F38BF04F13006023112010E292E714A
:109970006B71EFD10CF1100104224FF0370C002372
:10998000060FB0F1204F0CEB107538BF06F1300513
:10999000013A4FEA001001F8025F4B70F0D140F637
:1099A0001410C2F2004070BD80B10023C0F8B8327C
:1099B000C0F8C4320029C0F8D03218BFC0F8B412C1
:1099C000012180F89C12027000F0D6B80320704785
:1099D00080B5D0F8C802FAF7A3FA40F20032C1000D
:1099E000C0F20132032822FA01F188BF0321C8B274
:1099F00080BD00000000000080B5D0F8C802FAF772
:109A000067FA40F20032C100C0F20132032822FAA4
:109A100001F188BF0321C8B280BD00000000000032
:109A2000B0B581B190F89C22032A4FD1D0F8B8226A
:109A30005269002A4AD00023C0F8D4329047002847
:109A400008BF0020B0BDD0F89412022938D1D0E967
:109A500007318B420DD95B1A11461A46C361044681
:109A6000FFF75EFE002100220023204600F01CF9D3
:109A700025E00FD182698A420CD3D0F898128A422D
:109A800008D20021002200250446FFF749FEC4F851
:109A90009852E7E790F89C12032909D1D0F8B81240
:109AA000C96829B10022C0F8D4220446884720465C
:109AB0008021044600F0A0F92046FFF755FE20461D
:109AC00090F8A01211B1002180F8A0120020B0BDC2
:109AD00010B589B190F89C22032A08D1D0F8B82299
:109AE000002392691AB1C0F8D432904700E00020F8
:109AF000002808BF002010BDD0F8941203291FD100
:109B0000D0E9571399420BD9C91AC0F85C11994290
:109B100038BF0B4611461A46FFF7FAFD002010BD6C
:109B200090F89C12032909D1D0F8B812096929B11B
:109B30000022C0F8D422044688472046FFF730FEB2
:109B4000002010BD00000000002070470000000051
:109B5000012180F89C12D0F8B8223AB180B5017981
:109B600052689047002818BF032080BD002070472E
:109B7000D0F8C802FAF704BA0178012935D110B536
:109B800042F6BC610922C2F20041C0F8C812C1F815
:109B900008050020C4F20400C1E9000202200022EE
:109BA000C1E90320C1E9060208464A63C1E9082267
:109BB000C1E90B22FAF788FE08B1F7F705FB42F678
:109BC000BC644FF40071C2F200442046FAF734F945
:109BD000002180222046FAF733F901214FF4BA72AE
:109BE0002046FAF72DF9BDE810400020704700002C
:109BF00001F07F02D0F8C80201EBC10349B202EBC9
:109C0000C202002900EB820200EB830000F27E20FA
:109C100048BF02F13E0000787047000000000000DD
:109C2000D0F8D42200EB8202D2F8B8225AB190F8D0
:109C30009C32032B05D1126A1AB180B590470020DF
:109C400080BD002070470320704700000000000026
:109C5000D0F8D42200EB8202D2F8B8225AB190F8A0
:109C60009C32032B05D1526A1AB180B5904700206F
:109C700080BD0020704703207047000000000000F6
:109C800080B59446D0F8C8021A466346FAF784F9BC
:109C900040F20032C100C0F20132032822FA01F181
:109CA00088BF0321C8B280BD80B5D0F8C802FAF7DA
:109CB000A3F940F20032C100C0F20132032822FAB7
:109CC00001F188BF0321C8B280BD00000000000080
:109CD000F0B581B0012680F89C620025C0F894524E
:109CE00004464560D0F8B802C4F8A45284F8A052E3
:109CF00040B1426832B10021204690470546002815
:109D000018BF032500210022402320464027FFF7EB
:109D1000B7FF8021002240232046A4F86461C4F8E4
:109D20006071FFF7ADFFA6842846276201B0F0BD41
:109D300090F89C12042903D190F89D1280F89C128F
:109D4000002070470000000090F89C12032908D101
:109D5000D0F8B81229B1C96919B180B58847BDE8F2
:109D600080400020704700000246002011747047B8
:109D700080B5D0F8C802FAF7A3FE40F20032C10065
:109D8000C0F20132032822FA01F188BF0321C8B2D0
:109D900080BD000000000000B0B500F2AA24054616
:109DA000204600F075F80121C5F8941295F8AA1222
:109DB000B5F8B03201F01F02C5F89832022A0ED071
:109DC000012A06D08AB928462146BDE8B04000F0F5
:109DD0009BB828462146BDE8B04000F0EDBA2846C1
:109DE0002146BDE8B04000F043BA01F080012846AA
:109DF000BDE8B040AFF3008080B5D0F8C802FAF7F4
:109E000017F940F20032C100C0F20132032822FAF1
:109E100001F188BF0321C8B280BD0000000000002E
:109E200080B5D0F8C802FAF76BFE40F20032C100EC
:109E3000C0F20132032822FA01F188BF0321C8B21F
:109E400080BD000000000000014690F89C0204283C
:109E500003D091F89C0281F89D020020042281F831
:109E60009C2270470000000080B5D0F8C802FAF7C5
:109E700017F940F20032C100C0F20132032822FA81
:109E800001F188BF0321C8B280BD000000000000BE
:109E90000A7802704A7842704A8842808A888280B2
:109EA000C988C1807047000010B582B004464FF0E9
:109EB0000000ADF80600B1B1D4F8D40204F52E725A
:109EC000C4F8B81252F82000C16A21B10DF10600A1
:109ED0008847C4F8D002D4F8D8020130C4F8D802B8
:109EE000002002B010BD032002B010BD0000000031
:109EF000D0F8B8220AB1126810470020704700005D
:109F0000FFF78EBF000000000A78C2F34112531E13
:109F1000022B07D2D0F8D42200EB8202D2F8B8226A
:109F200092681047F0B581B0002A40F0BF804A78AF
:109F3000092A00F2BB80DFE802F0052CB94FB958BE
:109F400074B91A3C90F89C22013A022A00F2AE80C1
:109F5000C988022940F0AA80D0F8A412032200295F
:109F6000014608BF012241F80C2F022238E1C988BE
:109F7000012940F09B8090F89C124A1E022A80F032
:109F8000908001460122002441F8084FFFF7F8FBBA
:109F900095E090F89C22013A022A00F287804988D5
:109FA0000024012940F08B80C0F8A442FFF7F8FBA1
:109FB00085E0498840F60825C2F2004511F0FE0F01
:109FC000297049D080210446FFF716FF0021204662
:109FD000FFF712FF032472E04A88022A5AD0012AAE
:109FE00064D10121C0F8A41257E08A88002A5DD10B
:109FF000CA88002A5AD14D887F2D57D890F89C12D4
:10A00000032953D0E9B280F89E520446FFF7B0FE10
:10A0100020462646FFF7C4FB002D00F021810220D8
:10A020001FE14A884FF0FF330027ADF8027003EBC1
:10A0300012230E2B53D8DFE803F008604552526F0D
:10A040007A5252525252525254000F46D0F8B41221
:10A050000446007C0A684BE090F89C22032A00F03A
:10A060007580022A40F096800A0616D001F001029F
:10A070004260C9B20546FFF73BFF0446002800F0E6
:10A08000CF8080212846FFF7B7FE00212846FFF742
:10A09000B3FE7BE0497980F8A012FFF781FB002432
:10A0A0000DE0032902D1011D012299E0802105461E
:10A0B000FFF7A2FE002128460024FFF79DFE204660
:10A0C00001B0F0BDD2B2052A09D8DFE802F003BF23
:10A0D000B5BAB0C40F46D0F8B4124A6805E00F46CE
:10A0E00028E00F46D0F8B412CA691AB30446007CBF
:10A0F0000DF102019047054664E00F46017C0446DD
:10A10000D0F8B80200290CBF816AC16A0DF10200C3
:10A1100088470546022054E00F46017C51B90446A9
:10A12000D0F8B802416B0DF102008847E3E70F4613
:10A13000017CE9B380210646FFF75EFE0021304630
:10A1400000253446FFF758FE00203CE00A065AD0AE
:10A1500001F00102416891429FD0C9B20446FFF765
:10A16000C3FA2978204661602546FFF7C1FE044600
:10A17000002851D080212846FFF73EFE00212846C6
:10A18000FFF73AFE29792846FFF7AEFA022085F854
:10A190009C0294E780210446FFF72EFE0021204612
:10A1A000FFF72AFE29782046FFF79EFA032486E768
:10A1B0000446D0F8B802016B0DF10200884705464D
:10A1C00007206870012090B1FA886AB1BDF80210CA
:10A1D00079B19142204638BF0A462946ADF802209F
:10A1E000FFF7CEFA00246AE72046FFF7D9FA0024E9
:10A1F00065E780212046FFF7FFFD00212046FFF79D
:10A20000FBFD00245BE7C9B2022280F89C220024F7
:10A2100044600546FFF768FA2846FFF7C1FA4EE7A3
:10A220002846FFF7BDFA032085F89C0247E70F4652
:10A23000D0F8B4124A6958E70F46D0F8B412CA6889
:10A2400053E70F46D0F8B4120A694EE70F46D0F82C
:10A25000B4128A6849E70F46D0F8B4128A6944E715
:10A26000012086F89C02002429E70000000000007D
:10A2700070B50D4609780446C1F341122979531E81
:10A28000022B05D22046FFF73BFAD8B1002070BD63
:10A29000DABB687880B3012821D0032835D194F83F
:10A2A0009C0203281FD1688838B911F07F0004D0C0
:10A2B000E88810B92046FFF79FFD2046FFF770FAA7
:10A2C000002070BDD4F8B80282680020002AC4F8CB
:10A2D000D402DBD020462946BDE87040104794F8F0
:10A2E0009C0203281BD002280FD148060DD020461F
:10A2F000FFF782FD80210DE094F89C0203281ED018
:10A30000022808BF5FEA416040D080212046FFF765
:10A3100073FD00212046FFF76FFD002070BD6888A7
:10A320000028B3D10E46480603D020463146FFF739
:10A330004FFB2046FFF734FA20463146A3E701F0F1
:10A340000F00802900EB800004EB800002D2B0F8FF
:10A35000640100E0808C0028D7D001F07F0001EB81
:10A360008102802900EB800004EB800000F11405DD
:10A3700004EB820038BF00F5AA75480612D02046CB
:10A38000FFF736FC002818BF01200CE008064FF04C
:10A39000140058BF4FF4AA70002221182250022244
:10A3A000204604E000202860022220462946FFF7CC
:10A3B000E7F9002070BD000070B50A7802F0600275
:10A3C000602A08D090F89C22013A022A03D88A8891
:10A3D00012F0FE0F0AD080210546FFF70DFD002187
:10A3E00028460024FFF708FD204670BD0E460546AE
:10A3F000D1B2FFF789F910B1032431460EE0D5F848
:10A40000B8128A6842B128460021C5F8D4123146F4
:10A4100090473146044601E031460324C8880028AD
:10A4200008BF002CE0D12846FFF7BAF9204670BDDE
:10A43000704700000000000040F60C40C2F20040EF
:10A44000704700000000000010B50C784A78D0F882
:10A450001CC804F00F034FEA441E012A18D1012240
:10A460009A4000EB0E0342EA0C02C0F81C28D3F815
:10A470000009000429D403F510600A7989686FF394
:10A48000DF21036841EA824143EA8452114317E025
:10A490004FF4803202FA03F300EB0E0243EA0C039E
:10A4A000C0F81C38D2F8000B00040ED40B7902F56A
:10A4B000306089686FF3DF21026841EA834111430C
:10A4C00041F0805141F400410160002010BD0000C6
:10A4D0000146D0F8000940F2FF729043C1F800092C
:10A4E000D1F80428002042F48072C1F80428704793
:10A4F00080B582B00699012940F64051C0F20301AF
:10A5000039D1826BDDF834C022F4803282634FF699
:10A51000BF72D0F80CE0CFF6BD72BCF1010F02EAB9
:10A520000E02C260C26822F44012C26003D1C26847
:10A5300042F48012C2600022009200BF009A0132F1
:10A540000092009A8A423AD80269B2F1FF3FF5DCE4
:10A5500000220092026942F001020261009A013277
:10A560000092009A8A422AD80269D207F6D10021C5
:10A57000012B46D134E0DDF828C0C26842F0400229
:10A58000C2600022019200BF019A01320192019A39
:10A590008A4218D80269B2F1FF3FF5DC002201922D
:10A5A000026942F001020261019A01320192019AAC
:10A5B0008A4208D80269D207F6D1002104E00321BB
:10A5C000012B1ED10CE00321BCF1000F826B02D0E5
:10A5D00022F4803201E042F480328263012B10D1F8
:10A5E000C26D92B2C265C26D42F0007242F0F77263
:10A5F000C265826842F006028260826842F02002F0
:10A600008260084602B080BD80B50A7847F6000C2B
:10A610004B78CEF6334C5101012B014425D1D1F8B2
:10A6200000394FF0010EB3F1FF3F01F5106307DC75
:10A63000196841F000611960196841F080411960A2
:10A6400002F00F01D0F83C280EFA01F18A43C0F85D
:10A650003C28D0F81C2822EA0101C0F81C1819680F
:10A66000002001EA0C01196080BDD1F800EB01F572
:10A670003063BEF1FF3F0CF1707C4FF4803EDFDCB5
:10A68000D6E70000000000000146D0F8000E20F0E0
:10A690000300C1F8000E0020D1F8042822F00202C5
:10A6A000C1F80428704700000146D0F8000E20F0E1
:10A6B0000300C1F8000E0020D1F8042842F0020285
:10A6C000C1F80428704700002DE9F04F82B0DDF892
:10A6D00048E00B9ADDE90D4C4125002640F8256045
:10A6E0000135502DFAD1BEF1000F04D000F138052C
:10A6F0004FF400160FE0D0F80458802645F002050C
:10A70000C0F80458856B25F400158563056845F08D
:10A710004005056005462F68012C46EA07062E60B5
:10A720004FF00005C0F8005ED0F80048C0F80048BF
:10A7300006D1D0F80048002A18BF44F0010403E015
:10A74000D0F8002842F0030440F64055C0F8004815
:10A75000C0F2030500220092009A01320092009A92
:10A76000AA4218D80269B2F1FF3FF5DC002200923C
:10A770004FF48462026100BF009A4FF0000A013278
:10A780000092009AAA4288BF4FF0010A05D80469D6
:10A79000A406F1D401E04FF0010A0024019400BFA7
:10A7A000019C01340194019CAC4215D80469B4F1B8
:10A7B000FF3FF5DC0024019410240461019C013466
:10A7C0000194019CAC424FF0000488BF012404D8DE
:10A7D0000669F606F2D400E001244FF00008C0F844
:10A7E0001088C0F81488C0F81C8891B300F5106672
:10A7F0004FF67F39002500BF4FF09047002D08BF6E
:10A800004FF000673268013507EAE2723260C6F83D
:10A810001080A942C6F8089006F12006ECD100F598
:10A8200030664FF000094FF67F3B00274FF0904213
:10A83000002F08BF4FF000623568013702EAE57269
:10A840003260C6F81090B942C6F808B006F120068A
:10A85000ECD1D0F8101821F48071C0F81018C0F8AD
:10A8600018806FF0804141611BB9816941F010018E
:10A87000816143F600028169C8F23C02BCF1000F1D
:10A8800041EA0201816103D0816941F008018161DF
:10A89000BEF1010F05D1816941F0804141F0040111
:10A8A00081614AEA040002B0BDE8F08F00000000B8
:10A8B00001468268002022F001028A607047000091
:10A8C00043F20B03D0F840C0C4F654739C4503D345
:10A8D000D0F8003B002B1ED40023C0F8103BD0F86A
:10A8E000103B012943F40023C0F8103BD0F8103B83
:10A8F00043F01803C0F8103BD0F8103B43F0C041C0
:10A90000C0F8101B07D1C0F8142BD0F8001B41F081
:10A910008021C0F8001B00207047000000000000EC
:10A920004A780B78012A4FEA431210440DD1D0F82F
:10A93000002922F40012C0F80029097901F0FE0173
:10A94000022913D100F510600CE0D0F8002B22F49E
:10A950000012C0F8002B097901F0FE01022905D18F
:10A9600000F53060016841F08051016000207047BF
:10A970000A784B785101012B084406D1D0F8001910
:10A98000002900F5106106D50BE0D0F8001B002966
:10A9900000F5306105D4002A1EBF086820F0804011
:10A9A00008600A68002042F400120A607047000044
:10A9B000F0B54B78002491F800C04FF6FF75012BDD
:10A9C000CFF6F874CEF207051ED100EB4C1E0E69CF
:10A9D000002E0EF51063DEF8107942D03C401C6169
:10A9E0001C69BCF1000F04EA05041C618C684AD0A4
:10A9F0003519013DB5FBF4F40025C1F6F87505EAFB
:10AA0000C4441D692C4344E000EB4C134FF6FF7E19
:10AA1000C0F2070EBCF1000FD3F8107B07EA040761
:10AA2000C3F8107BD3F8104B04EA0504C3F8104BAD
:10AA300003F530630E691DD0002E8D6879D077192B
:10AA4000013FB7FBF5F7BEB26E4300250E62C1F6BB
:10AA5000F87505EAC7471D6906EA0E062F431F6110
:10AA60006EE03D401D611D6945F400251D611D69B5
:10AA70002C401FE0002E1CBF8F680F618F680F6293
:10AA800007EA0E0757E0A64288BF0C611C6944F430
:10AA900000241C610C691D696FF3DF442C431C61A9
:10AAA0000C79012C07D11C6924F0C0441C611C697D
:10AAB00044F000541C61012A15D1CA69002A18BF4C
:10AAC000CEF814290979012952D1D0F80808C00517
:10AAD0004FF0805058BF4FF00050DEF80019084387
:10AAE000CEF8000944E000F510634FEA4C169F5978
:10AAF00047F004479F510F79012F0FD1D0F8087804
:10AB0000FF054FF0805758BF4FF00057F558002A07
:10AB100045EA0702F25032D00020F0BD0969002951
:10AB2000FAD00CF00F01012202FA01F100F6340311
:10AB300020E005EA0E071E6937431F614FF4002627
:10AB40001F69012A47EA06021A6103D1CA68002A6E
:10AB500018BF5A61097901290AD1D0F80808C0053F
:10AB60004FF0805058BF4FF00050196808431860EC
:10AB70004FF004411868084318600020F0BD0A8AAD
:10AB8000002AC9D0CB68D11C890800F580504FEA53
:10AB90000C32043B013953F8047F1750FAD1BBE75C
:10ABA00081B0002200924A780978012A4FEA4111C7
:10ABB0001BD100F510604258B2F1FF3F2FDC0A585C
:10ABC00042F000620A500A5842F080420A5042F2B3
:10ABD000107200BF009B01330093009B934221D869
:10ABE0004358B3F1FF3FF5DD19E000F530604258FE
:10ABF000B2F1FF3F13DC0A5842F000620A500A58D3
:10AC000042F080420A5042F2107200BF009B0133B2
:10AC10000093009B934205D84358002BF6D40020A4
:10AC200001B07047012001B0704700000000000033
:10AC300001468268002042F001028A6070470000ED
:10AC400081B040F640520023C0F20302009300BFDF
:10AC5000009B01330093009B934215D80369B3F125
:10AC6000FF3FF5DC8901002300932031016100BF23
:10AC70000099013100910099914205D80169890636
:10AC8000F6D4002001B07047032001B070470000E7
:10AC9000D0F8081888074FF0020001F0060158BFED
:10ACA0000F20002908BF0846704700000000000080
:10ACB000406900F001007047D0F81818D0F81C085F
:10ACC000084080B270470000D0F81818D0F81C086F
:10ACD0000840000C70470000D0F810C8D0F8343895
:10ACE00001F00F0200EB411023FA02F2D201D0F87A
:10ACF0000809D1B241EA0C01084070470000000089
:10AD000000EB4111D1F8081BD0F814080840704737
:10AD1000416980690840704780B5930802F0030ECE
:10AD200009D004394FF4805C013B50F80C2041F805
:10AD3000042FF9D10431BEF1000F0ED04FF4805230
:10AD400000238058AEF1010E20FA03F201F8012B26
:10AD50005FEA0E4203F10803F4D1084680BD00000B
:10AD600010B540F62C6040F23202C2F20040C2F24E
:10AD7000004202F5806142F2A8740368C2F2004406
:10AD80008B4208BF114601602046FEF725FC204695
:10AD9000BDE81040FEF7FCBBB0B50446C06820F02B
:10ADA000C040E06091B1012926D1E068002540F063
:10ADB0000050E0600120F7F72BFF6069C00705F144
:10ADC000010014D1312D0546F4D310E0E0680025D0
:10ADD00040F08040E06000BF0120F7F719FF606994
:10ADE000C00705F1010002D0312D0546F4D33238F9
:10ADF000B0FA80F04009B0BD0120B0BD00000000F5
:10AE00000246D0F8000820F4FE6001F07F01C2F88D
:10AE100000080020D2F8003843EA0111C2F80018F7
:10AE20007047000000000000022A02465CD145F293
:10AE3000403043F20053CFF62770C0F20C030844B1
:10AE4000984202D24FF4705150E041F6406044F213
:10AE50004023CFF61B70C0F20F030844984202D281
:10AE60004FF4605142E0A1F5740044F68073A0F500
:10AE70001050C0F21203984202D24FF4505135E004
:10AE8000A1F183704DF22063A0F5E740C0F21303F7
:10AE9000984202D24FF4405128E04BF260604EF2EB
:10AEA0006033CFF6E560C0F216030844984202D240
:10AEB0004FF430511AE04DF2003047F24073CFF6B4
:10AEC000CE60C0F21B030844984202D24FF42051D6
:10AED0000CE045F6C03049F2C013CFF6B360C0F2C3
:10AEE0002103084498420AD24FF41051D06820F44C
:10AEF0007050D060D36800201943D1607047A1F131
:10AF0000B77047F22053A0F55850C0F2380398426A
:10AF100002D24FF40051E9E745F2E04049F6E04340
:10AF2000CFF65960C0F2410308444FF4C051984233
:10AF300038BF4FF4E051D9E7DDF800C0BCF1000F95
:10AF40000CD15BB1033300F5805C9B08043912031C
:10AF5000013B51F8040F42F80C00F9D10020704772
:10AF6000FEE700000000000080B58AB0082B0191C8
:10AF70004FF000010291039102D81904049111E0ED
:10AF8000A3F10C014FEAB1010D290BD81FFA81FC86
:10AF900042F20F2323FA0CF3DB0703D007A353F885
:10AFA0002110EBE700210991CDE90711CDE9051149
:10AFB00001A9F7F77DFE00200AB080BD000009005E
:10AFC00000000A0000000B0000000C000000090057
:10AFD000000009000000090000000900000009004D
:10AFE00000000E0000000900000009000000090038
:10AFF00000000F00000000002DE9F04784B042F28D
:10B00000145502AFC2F2004539462846F5F714FA46
:10B01000E94628464946F5F7A3FD41F6346842F271
:10B02000F43AC2F20048023F08F554760024C2F216
:10B03000004A00BF0AEB040537F9020FB5F9A41066
:10B0400001EE100A421A0B4612F5805FF8EEC10AB3
:10B05000B8BFA3F50053B2F5805FA6F14800C8BFA2
:10B0600001F5005319B200EE101AB8EEC00AFDF750
:10B0700097F8B5F9A200F6EEC00A01EE100A3046C4
:10B08000B8EEC11AB0EE410AFDF78AF8BDEEC00A6B
:10B090002434902C06F1B80610EE100AA5F89E0094
:10B0A000C8D142F6DC410022C2F200415046F5F719
:10B0B0006FFF08F17006AAF124046FF0010500BFCC
:10B0C00009EB0500B4F93610B0F9020000EE101AD1
:10B0D00001EE100A3046B8EEC00AF8EEC10AFDF7DC
:10B0E0005FF8BDEEC00A0235062D06F1B80610EE77
:10B0F000100A608604F12404E2D142F2F43042F6F0
:10B100007C51C2F20040C2F20041002204B0BDE80E
:10B11000F047F5F715BF0000F8F782FDFDF77CFB5F
:10B12000FCF7E2FDFCF778FCFCF786FEFCF7B0FCD0
:10B13000FCF7E6FCFCF7B4FEFCF71EFDFCF71CFF79
:10B14000FCF7A2FFFCF760FFFCF7E2FF4FF4F070A2
:10B15000F5F7FAFFF5F7B8FDF6F73EF8F6F77CF8E5
:10B16000F6F7BAF8FCF744FD00F00AF8FEE7000035
:10B1700080B5012898BF012000F0AAFA002080BD08
:10B1800080B500F091FB002080BD000000000000B1
:10B1900010B584B00389D0E900CE028AB3F18404EB
:10B1A00018B20B4618BFC41C03A86146CDE9004085
:10B1B000704600F0A5FC0399012818BF002108463D
:10B1C00004B010BD000000004AF6507543F2B46AA6
:10B1D0004EF604584AF6F0774AF64C76C2F200452D
:10B1E000C2F2004ACEF200084FF08059C2F2004786
:10B1F000C2F2004615E000BF00F0A2F9F868C4688A
:10B20000201D00F039F930680138306028680138B5
:10B21000286000F0BDF9206B00F0D2F9204600F064
:10B22000CFF928680028E7D1DAF800000228F8D31F
:10B23000C8F80090BFF34F8FBFF36F8FF1E70000A6
:10B2400008480068006880F308884FF0000080F329
:10B25000148862B661B6BFF34F8FBFF36F8F00DF04
:10B2600000BF000008ED00E081B00020009040F633
:10B270006C10C2F2004000684FF0500181F3118859
:10B28000BFF36F8FBFF34F8F013001D0FEE700BFD8
:10B2900000980028FCD001B07047000000000000BA
:10B2A000F0B581B0044600F047FB43F2AC614AF6CA
:10B2B0007077C2F20041C2F20047086818B1B4F1D9
:10B2C000FF3F2DDD2FE043F241700026C2F2004027
:10B2D000430700F5F04300F1070223F0070318BF0E
:10B2E00022F007004AF6D472A3F108050D60C2F2FD
:10B2F0000042C2E9000643E902662A1A42600B686E
:10B3000003604AF6A470C2F2004002604AF69C70E4
:10B31000C2F20040026001203870B4F1FF3F02DC4D
:10B320003878002839D134B1600706D024F00700FE
:10B3300000F1100402E0002400E008344AF69C7E8C
:10B34000621EC2F2004EDEF80000824225D24AF6AA
:10B35000D473C2F200431E687068A04207D200BFD7
:10B36000326822B1334616465068A042F8D30A68C4
:10B37000964212D0001BD3F800C0112832681A6020
:10B380003FD333195A0719D04FF0500080F311887A
:10B39000BFF36F8FBFF34F8FFEE7002400F064FD13
:10B3A000600708D04FF0500080F31188BFF36F8F13
:10B3B000BFF34F8FFEE7204601B0F0BD58607460C8
:10B3C0004AF6D474C2F20044204624689C42FBD35F
:10B3D000426885189D4203D15B681A440346426067
:10B3E0005A689D18A54201D0214606E009688C42A2
:10B3F00003D0D4E9001422445A609842196018BF5F
:10B4000003604AF6A4707168C2F20040DEF80020C2
:10B41000511ACEF8001002680CF10804914238BFAE
:10B4200001603878716800284FF0000018BF41F0C3
:10B430000041C6E900014AF6B070C2F2004001685E
:10B4400001310160AAE700004BF2692321F00101FC
:10B4500040F8081C4FF0807140F8041CA0F1440132
:10B46000C0F6000340F80C3C6FF0020340E90932DB
:10B470000846704700000000D0E9013201699A6077
:10B48000D0F808C04A6882424FF00002CCF804307D
:10B4900008BFC1F804C00261086801380860086884
:10B4A000704700000000000002464FF0FF3142F8F4
:10B4B000081F00214260C0E90322016070470000BC
:10B4C000002101617047000080B5D1F800C01CF177
:10B4D000010207D000F108039E465B681A686245C6
:10B4E000FAD901E0D0F810E0DEF804204A60CEF886
:10B4F00004109160C1F808E0086101680131016041
:10B5000080BD000000000000D0F800C043684B6020
:10B510009A688A609A689960086151600CF101012B
:10B520000160704700000000DFF80C00016841F482
:10B53000700101607047000088ED00E0000000002D
:10B540004FF0500080F31188BFF36F8FBFF34F8F20
:10B5500040F66C10C2F200400168002901F10101BF
:10B56000016000D070474EF60450CEF20000006833
:10B57000000608BF70474FF0500080F31188BFF3FA
:10B580006F8FBFF34F8F00BFFEE700000000000089
:10B5900040F66C10C2F20040016839B10139016017
:10B5A00018BF7047002080F3118870474FF050009B
:10B5B00080F31188BFF36F8FBFF34F8FFEE700005A
:10B5C000B0B5002808BFB0BD4AF67071C2F20041A4
:10B5D0000978002918BF4FF0004150F8042C11429F
:10B5E0000DD0A0F1080423689BB14FF0500080F308
:10B5F0001188BFF36F8FBFF34F8F00BFFEE74FF08F
:10B60000500080F31188BFF36F8FBFF34F8F00BFDF
:10B61000FEE722EA010140F8041C054600F08CF91F
:10B620004AF69C7055F8041CC2F200402A46036892
:10B63000194401604AF6D471C2F200410846096813
:10B64000A142FBD34368C518A54204D152F8042C8B
:10B6500004461A4442606368E2188A4201D00A46EE
:10B660000AE043F2AC62C2F200421268914203D097
:10B67000D1E9002119446160A042226018BF046032
:10B680004AF6B470C2F20040016801310160BDE8C1
:10B69000B04000F0E9BB00004EF210000021CEF2F5
:10B6A000000044F6D352C1F262020160816040F6AC
:10B6B0005801C2F200410968A1FB02124FF0FF31AC
:10B6C00001EB92114160072101607047000000000A
:10B6D00070B5002852D04AF65471C2F200410A688F
:10B6E0004AB14FF0500080F31188BFF36F8FBFF362
:10B6F0004F8F00BFFEE705460868013008604BF237
:10B70000040043F2A464C2F20040C2F2004406689E
:10B7100020680430FFF7B0FE60B920684AF65C721A
:10B72000C2F200420121C06A01FA00F0116821EA68
:10B73000000010602068AD19456009D343F2B06085
:10B74000C2F20040006821680431FFF7BDFE10E03E
:10B7500043F2A860C2F20040006821680431FFF79C
:10B76000B3FE4AF6A870C2F2004001688D4238BFAD
:10B77000056000F079FB002818BF70BD4EF604503C
:10B780004FF08051CEF200000160BFF34F8FBFF346
:10B790006F8F70BD0000000070B580B1C9B14AF66E
:10B7A0005472C2F200421368EBB14FF0500080F3C4
:10B7B0001188BFF36F8FBFF34F8F00BFFEE74FF0CD
:10B7C000500080F31188BFF36F8FBFF34F8F00BF1E
:10B7D000FEE74FF0500080F31188BFF36F8FBFF387
:10B7E0004F8F00BFFEE71368013313604BF2040371
:10B7F000C2F200431A680668B242314402D2B14232
:10B8000002D32AE0B14201D3914226D943F2A46483
:10B810000160C2F200441D688E1A20680430FFF7F0
:10B820002BFE60B920684AF65C72C2F20042012128
:10B83000C06A01FA00F0116821EA00001060206877
:10B84000AD1945600BD343F2B060C2F2004000680E
:10B8500021680431FFF738FE12E0016010E043F286
:10B86000A860C2F20040006821680431FFF72CFE96
:10B870004AF6A870C2F2004001688D4238BF0560E8
:10B8800000F0F2FA002818BF70BD4EF604504FF0D9
:10B890008051CEF200000160BFF34F8FBFF36F8F76
:10B8A00070BD00000000000080B582B04BF2C910EE
:10B8B0004AF6A07CC0F600001DA180220023C2F23F
:10B8C000004C4FF0000ECDE900EC00F019F9411CDE
:10B8D00021D0012829D14FF0500080F31188BFF307
:10B8E0006F8FBFF34F8F4AF6A870C2F200404FF03F
:10B8F000FF3101604AF6D070C2F2004001210160C0
:10B900004BF20400C2F200400021016002B0BDE829
:10B91000804000F05DB84FF0500080F31188BFF315
:10B920006F8FBFF34F8F00BFFEE702B080BD00BF37
:10B9300049444C45000000004AF65470C2F20040F1
:10B9400001680131016070474AF65470C2F200404C
:10B95000006830B14BF208000121C2F200400160E2
:10B9600070474BF208000021C2F2004001604AF625
:10B970005C70C2F2004043F2B461C2F20041006860
:10B98000B0FA80F0C0B2C0F11F0000EB800051F8A7
:10B99000202092B101EB800000F108024168496863
:10B9A0004160914201D14968416043F2A46140681D
:10B9B000C2F20041C068086070474FF0500080F349
:10B9C0001188BFF36F8FBFF34F8F00BFFEE70000FA
:10B9D000B0B584B04EF200404CF27021CEF20000BF
:10B9E000C4F20F114B1CD0F800299A4209D14FF034
:10B9F000500080F31188BFF36F8FBFF34F8F00BFEC
:10BA0000FEE7D0F800298A4209D14FF0500080F3B8
:10BA10001188BFF36F8FBFF34F8F00BFFEE7017830
:10BA20004AF641720291FF210170C2F20042017890
:10BA30008DF807109DF8071001F0500111704AF6BB
:10BA400044710722C2F200410A609DF90720B2F159
:10BA5000FF3F0CDC062200BF0A60013A9DF8073068
:10BA60005B008DF807309DF90730002BF4D40A688D
:10BA7000032A3BD14FF440720A6002990170D0F85A
:10BA8000201941F47001C0F82019D0F8201941F0B4
:10BA90007041C0F82019FFF7FFFD40F66C14002537
:10BAA000C2F200442560FFF73FFD4EF63470CEF23F
:10BAB0000000016841F040410160FFF7C1FBFFF762
:10BAC00043FF039520684FF0500181F31188BFF3C5
:10BAD0006F8FBFF34F8F013002D000BFFEE700BF72
:10BAE00003980028FCD0002004B0B0BD4FF05000F7
:10BAF00080F31188BFF36F8FBFF34F8FFEE7000015
:10BB00002DE9F04F81B081469000984616460D46CB
:10BB1000FFF7C6FB68B107465420FFF7C1FB28B109
:10BB20000446076344B94FF0FF36D0E03846FFF7CC
:10BB300047FD0024002CF6D0206BDDE90A7A00EBEB
:10BB400086004FF00001A0F1040020F0070604F188
:10BB500034005DB16A5C42546A5C1AB10F2901F18C
:10BB60000101F7D1002084F8430000E00170062FA6
:10BB700004F1040B28BF062758460025C4E91175B7
:10BB8000E762FFF79DFC04F11800FFF799FC87F0CE
:10BB90000700A06130464946424624616462E5647C
:10BBA00084F85050FFF750FCBAF1000F206018BF26
:10BBB000CAF80040FFF7C4FC4AF64C7043F2A46A8E
:10BBC000C2F20040C2F2004A4AF6D07943F2B467AA
:10BBD0000168C2F2004901310160DAF80010C2F2D6
:10BBE000004761B1D9F80000002840D1DAF8000020
:10BBF000E16AC06A884298BFCAF8004037E0CAF8D4
:10BC000000400068012832D1002600BFB819FFF7B4
:10BC10004BFC14368C2EF9D14AF67478C2F20048E7
:10BC20004046FFF741FC4AF68876C2F200463046AD
:10BC3000FFF73AFC4AF6BC70C2F20040FFF734FC52
:10BC40004AF6F070C2F20040FFF72EFC4AF6DC70B4
:10BC5000C2F20040FFF728FC43F2A860C2F20040A5
:10BC6000C0F8008043F2B060C2F2004006604AF6BD
:10BC700058704AF65C72C2F200400126C2F20042DD
:10BC8000016801310160E06A136806FA00F100EB17
:10BC9000800019431160594607EB8000FFF734FC20
:10BCA000FFF776FCD9F8000088B1DAF80000E16A05
:10BCB000C06A88420AD24EF604504FF08051CEF24C
:10BCC00000000160BFF34F8FBFF36F8F0126304636
:10BCD00001B0BDE8F08F00004BF20400C2F200405A
:10BCE00000687047000000002DE9F04F81B04AF66F
:10BCF0005470C2F20040006840B14AF6B8700024A7
:10BD0000C2F20040016801310160A9E04BF2040079
:10BD1000C2F2004001684E1C06602ED343F2A860B8
:10BD2000C2F200400168096849B14FF0500080F349
:10BD30001188BFF36F8FBFF34F8F00BFFEE743F251
:10BD4000B0620168C2F200421368036011604AF6F3
:10BD5000AC71C2F200410A6801320A6001680968E8
:10BD600021B10068C068C068406801E04FF0FF3052
:10BD70004AF6A871C2F2004108604AF6A87143F27F
:10BD8000A46AC2F20041C2F2004A0868864201D2A7
:10BD900000244FE043F2A86B0024C2F2004BDBF812
:10BDA00000000068E0B34AF65C790127C2F200495E
:10BDB00020E000BFD8F82C00D9F8002007FA00F1E5
:10BDC00000EB80001143C9F8001043F2B461C2F2E5
:10BDD000004101EB80002946FFF796FBD8F82C00C4
:10BDE000DAF80010C96ADBF800208842106828BF22
:10BDF0003C46C0B1DBF80000C068D0F80C80454676
:10BE000055F8040F864210D32846FFF735FBD8F8C3
:10BE100028000028CED008F11800FFF72DFBC9E755
:10BE20004FF0FF3005E04FF0FF304AF6A871C2F244
:10BE300000410860DAF8000043F2B461C2F2004148
:10BE4000C06A00EB800051F8200001284BF2080086
:10BE5000C2F2004088BF01240068002818BF0124F6
:10BE6000204601B0BDE8F08F2DE9F04F81B04AF6D1
:10BE70005474C2F20044206868B1FFF761FB206887
:10BE800001382060206880B10024FFF781FB204644
:10BE900001B0BDE8F08F4FF0500080F31188BFF380
:10BEA0006F8FBFF34F8F00BFFEE74AF64C70C2F2B0
:10BEB000004000680028E7D04AF6BC764BF208083C
:10BEC000C2F20046C2F200483068002844D04AF668
:10BED0005C7543F2B46943F2A46A4FF0010BC2F2FD
:10BEE0000045C2F20049C2F2004A00BFF068C768CC
:10BEF00007F11800FFF7C0FA3C1D2046FFF7BCFA17
:10BF0000F86A2A680BFA00F100EB800011432960FF
:10BF1000214609EB8000FFF7F7FAF86ADAF800101B
:10BF2000C96A884228BFC8F800B030680028DDD14F
:10BF300097B143F2A860C2F200400168096821B1DC
:10BF40000068C068C068406801E04FF0FF304AF602
:10BF5000A871C2F2004108604AF6B874C2F2004407
:10BF600025685DB1012600BFFFF7BEFE002818BF9F
:10BF7000C8F80060013DF7D100202060D8F800002B
:10BF800000283FF481AF4EF604504FF08051CEF2BE
:10BF9000000001240160BFF34F8FBFF36F8F74E780
:10BFA00003B401984100009850EAC12018BF042052
:10BFB0004A0D18BF40F0010040F2FF72B2EB515F32
:10BFC00008BF40F00200012808BF052002B07047FA
:10BFD00070B565482DED020B2DED048B059D25F008
:10BFE0000044A04218DC6148844202DC0AD1049873
:10BFF00040B19DED040BBDEC048B02B0BDE8704078
:10C0000000F021BA002DCCBF9FED590B9FED5A0BCC
:10C01000BDEC048B02B070BD5948A04215DD5948F3
:10C02000A042D8BF4FF0FF3455DD9DED040B51EC1D
:10C03000100BFFF7B5FF042808BF00F00DFA9DEDC7
:10C04000040BBDEC048B02B070BD9DED040B51ECF4
:10C05000100B00F02BFACDE904014B48B7EE000BB2
:10C06000A0421CDD4948A0420BDD9DED042B0024BD
:10C07000B0EE001B12EE010B32EE011B80EE012B25
:10C0800027E09DED041B012431EE401B9DED042BA8
:10C0900032EE000B81EE002B8DED042B1BE03C48B3
:10C0A000A0420FDD9DED042B0224B7EE081B32EEFB
:10C0B000412B9DED043B03EE010B82EE001B8DED49
:10C0C000041B08E09DED040B0324BFEE001B81EE72
:10C0D000002B8DED042B9DED040B20EE009B29EE33
:10C0E000098BB0EE480B2B480621784400F073F919
:10C0F00020EE099BB0EE480B27480521784400F05C
:10C100006AF920EE080B002C0BDA39EE001B9DEDCE
:10C11000040B9DED042B02EE410BBDEC048B02B031
:10C1200070BD1E48784400EBC40090ED001B39EE52
:10C13000000B9DED042B12EE001B9DED040B31EE68
:10C14000400B1748784400EBC40090ED001B31EE23
:10C15000400B002DB8BFB1EE400BBDEC048B02B01C
:10C1600070BD000000000000000010440000F07FDF
:10C17000182D4454FB21F93F182D4454FB21F9BFDD
:10C180000000DC3F0000203E0000F33F0000E63FDF
:10C19000008003404204000008040000C0030000C7
:10C1A000800300000000000070B5614E2DED040B0F
:10C1B0002DED028B82B0DDF81CC0DDE905235C4269
:10C1C0002CF000411C4341EAD474049D22F000404D
:10C1D000B44205D86C422C4340EAD474B4420BD923
:10C1E0009DED061B9DED040B02B0BDEC028B04B06F
:10C1F000BDE8704000F02AB9ACF14054A4F17F646E
:10C200001C430BD0022404EAAC7444EAD274054304
:10C210009FED498B9FED4A2B0DD016E09DED040B51
:10C2200051EC100B00F03AF941EC100B02B0BDECF0
:10C23000028B04B070BD002C14BF012C9DED040BCB
:10C24000F4D0022C2ED0032C2FD00B439FED3E1B9D
:10C250009FED3F0B0AD0B1421DD1B04209D121F070
:10C26000804120F080400791059014E0002ADDDA3B
:10C2700015E0394B7B44002C08BF93ED000BD5D063
:10C28000012C04BF93ED000BB1EE400BCED0022C7D
:10C2900008D0032C09D0B0420AD1002AC6DAB0EE89
:10C2A000410BC3E7B0EE480BC0E7B0EE420BBDE771
:10C2B000401A00153C28C8BF8DED000B17DCBCF1FF
:10C2C000000FBEBF10F13C0F9FED250B8DED000B55
:10C2D0000DDB9DED041B9DED062B81EE020B51EC59
:10C2E000100B00F0E3F800F0D9F8CDE9000194B1AB
:10C2F000012C0CD09DED001B9FED1B0B022C31EE91
:10C30000400B0CBF38EE400B30EE480B8EE7019827
:10C3100080F0004001909DED000BB5EEC00BF1EEFA
:10C3200010FA04BF022000F0B3F89DED000B7DE78A
:10C330000000F07F00000000182D4454FB2109404C
:10C34000182D4454FB2109C0182D4454FB21F9BF7A
:10C35000182D4454FB21F93FE802000000000000C2
:10C360000000000000000000075C143326A6A13C7A
:10C3700000B52DED028B83B0B1EEC08B18EE100A24
:10C3800018EE901A8DED008B002818BF012008438D
:10C3900020F00040C0F17F6000F1E040C00F14D0F9
:10C3A00010EE101A10EE900A8DED000B002918BF48
:10C3B0000121084320F00040C0F17F6000F1E0401F
:10C3C000C00F04BF012000F063F8B0EE480B03B0CB
:10C3D000BDEC028B00BDB0EE401B491E00EBC1025C
:10C3E00092ED000B31F006020DD0491E00EBC102A8
:10C3F00092ED002BB0EE403BB0EE420B03EE010B92
:10C4000031F00602F1D1022914D004290AD00629FC
:10C4100018BF704790ED0A2B00EE012B90ED080B32
:10C4200002EE010B90ED062B00EE012B90ED040BBC
:10C4300002EE010B90ED022B00EE012B90ED000BB4
:10C4400002EE010B704730EE000B704730EE010B2F
:10C4500070470000000000009FED030B20EE000B72
:10C460007047000000000000000000000000001005
:10C4700002E008C8121F08C1002AFAD170477047AD
:10C48000002001E001C1121F002AFBD1704700000B
:10C4900001490860704700003408002410B541ECE1
:10C4A000100BFFF795FD51EC100B10BD82B0CDE9DC
:10C4B000000121F0004001909DED000B02B051EC15
:10C4C000100B7047000000004FBB610567ACDD3FFB
:10C4D000182D4454FB21E93F9BF681D20B73EF3FAB
:10C4E000182D4454FB21F93FE2652F227F2B7A3C23
:10C4F000075C143326A6813CBDCBF07A8807703CDC
:10C50000075C143326A6913CC4EB98999999C9BF4E
:10C51000711623FEC671BCBF6D9A74AFF2B0B3BF83
:10C520009AFDDE522DDEADBF2F6C6A2C44B4A2BF43
:10C530000D5555555555D53FFF8300922449C23FAF
:10C540006E204CC5CD45B73F513DD0A0660DB13FE3
:10C55000EB0D76244B7BA93F11DA22E33AAD903FF5
:10C5600000000000000000000000000000000000CB
:10C5700000000000000000000000000001000000BA
:10C5800002000000030000000400000000000000A2
:10C590000500000000000000000000000000000096
:10C5A0000600000000000000000000000000000085
:10C5B000070000000004081020400104081020407B
:10C5C0000000000001020304010203040607080939
:10C5D000010002000400060008000A000C00100020
:10C5E000200040008000000100010203040506074E
:10C5F000080C10141820304001010103070100004D
:10C60000080402040801010152454D4F54455F548E
:10C6100041534B00434841535349535F5441534B9B
:10C6200000494E535F5441534B0064656661756C1D
:10C63000745461736B00000058C6000800000024A9
:10C6400070090000F803000840C7000870090024C2
:10C65000A0AE000080C4000801FF01FF01FF01FF40
:10C6600001FF01FF01FF01FF01492F81980008B977
:10C67000980008C9980008F9986E08299900085987
:10C68000980008919800082E90D0030090D003C124
:10C690009400081193560819960008DD719300085C
:10C6A00059920008D19200082F11940008B9930004
:10C6B0000869940008A9933D08090243000201009B
:10C6C000C03209042E0102020100052400100105F8
:10C6D00024012901042402020524064F01070582D2
:10C6E0000308001009040100020A36070501024090
:10C6F000460705810240450A0600024340012D120B
:10C700000100020202004083044057360201020386
:10C71000012F490D0008410D0008390D0008790D61
:10C720000C2F08890D0008040309041A0362010292
:10C7300016FA460101010101421015AAAAAAAA008F
:04000005080002CD20
:00000001FF
