:020000040800F2
:10000000B0B60024E1020008B9830008E17B0008D3
:1000100059820008990B0008F1B1000800000000A7
:10002000000000000000000000000000418A0008FD
:100030009113000800000000E1850008798A00089B
:10004000FB020008FB020008FB020008FB0200089C
:10005000FB020008FB020008FB020008FB0200088C
:10006000FB020008FB020008FB020008D910000890
:10007000E9100008F910000809110008191100081A
:10008000FB020008FB020008FB02000849140008FC
:10009000C9140008FB020008FB020008FB0200086C
:1000A000FB020008FB020008FB020008FB0200083C
:1000B000118C0008FB020008FB020008FB0200088C
:1000C000FB020008FB020008FB020008FB0200081C
:1000D00049890008FB020008D9940008FB020008C7
:1000E000FB020008FB02000800000000FB02000801
:1000F000FB020008FB020008FB020008FB020008EC
:10010000FB020008FB020008FB020008FB020008DB
:10011000FB020008798D0008FB020008FB020008C2
:10012000FB020008FB020008FB020008FB020008BB
:10013000FB020008FB020008FB020008FB020008AB
:1001400000000000000000000000000000000000AF
:10015000FB020008FB020008FB020008FB0200088B
:10016000FB020008FB020008FB020008FB0200087B
:10017000FB020008C1830008FB0200080000000029
:10018000FB020008FB020008FB020008FB0200085B
:10019000FB020008FB020008FB020008FB0200084B
:1001A000FB020008FB020008FB0200080000000040
:1001B000FB020008FB020008FB020008FB0200082B
:1001C000FB020008FB020008000000000000000025
:1001D0000000000000000000FB020008000000001A
:1001E000000000000000000000000000000000000F
:1001F0000000000000000000FB020008FB020008F5
:10020000FB020008FB02000800000000FB020008DF
:10021000FB020008FB020008FB020008FB020008CA
:10022000FB02000800000000FB02000800000000C4
:10023000FB020008FB02000800000000FB020008AF
:10024000FB020008FB020008FB020008FB0200089A
:10025000FB020008FB020008FB020008FB0200088A
:10026000FB020008FB020008FB020008FB0200087A
:10027000FB020008FB020008FB020008000000006F
:10028000FB020008FB020008FB020008FB0200085A
:1002900000000000FB020008FB0200080000000054
:1002A00000000000FB020008FB020008FB0200083F
:1002B000FB020008FB020008FB02000849150008C9
:1002C000FB020008FB020008FB020008DFF80CD06C
:1002D00000F07AF80048004789B20008B0B6002460
:1002E0000648804706480047FEE7FEE7FEE7FEE7D0
:1002F000FEE7FEE7FEE7FEE7FEE7FEE7618B0008AC
:10030000CD0200082DE9F05F0546002092469B468D
:1003100088460646814640241BE02846414647461B
:10032000224600F041F853465A46C01A914110D374
:1003300011461846224600F028F82D1A67EB0108EE
:100340004F4622460120002100F01FF817EB00095C
:100350004E41201EA4F10104DFDC484631462A4606
:100360004346BDE8F09FD2B201E000F8012B491EE0
:10037000FBD270470022F6E710B513460A46044642
:100380001946FFF7F0FF204610BD202A04DB203A73
:1003900000FA02F1002070479140C2F1200320FAD8
:1003A00003F3194390407047202A04DB203A21FAD6
:1003B00002F00021704721FA02F3D040C2F120027E
:1003C00091400843194670471CB5094800900948F8
:1003D00001900546009C06E0E06840F0010394E8C7
:1003E000070098471034AC42F6D3FFF773FF0000C4
:1003F0007CC800089CC8000830B58C1810F8012B88
:1004000012F00F0301D110F8013B120906D110F8C8
:10041000012B03E010F8015B01F8015B5B1EF9D1D1
:1004200001E001F8013B521EFBD1A142E6D30020BE
:1004300030BD0000000000002DE9F04F81B02DED2F
:100440000A8B86B040F64C6040F62804C2F20040A9
:1004500042F6EC3842F68C494FF0000A4FF0010B9F
:10046000C2F200449FED5D8A00F5F07500F5147648
:1004700000F52677C2F20048C2F2004900F12801D7
:10048000059100F17001049100F1E001039100F584
:100490009471029100F5CC71019100BF40F2DD50E2
:1004A000F0EE480A82454FF0000038BF012094ED7D
:1004B000090A00210BEA000B05980AF1010A07F06E
:1004C00087FFF0EE400A94ED0A0A0121049807F034
:1004D0007FFFF0EE480AB0EE409A94ED190A002131
:1004E000039807F075FFF0EE400A94ED1A0A012117
:1004F000029807F06DFFF0EE480AB0EE40AA94EDC6
:10050000290A0021019807F063FFF0EE400A94EDFC
:100510002A0A0121284607F05BFFF0EE480AB0EEF8
:1005200040BA94ED390A0021304607F051FFF0EE51
:10053000400A94ED3A0A0121384607F049FFB0EE2F
:1005400040CAB0EE480AF0EE480AB0EE481AF0EEA3
:10055000481AB0EE492AA188002240460AF0C4FE9B
:10056000B0EE480AF0EE480AB0EE481AF0EE481A2B
:10057000B0EE4A2AB4F84410002248460AF0B4FE0D
:10058000B0EE480AF0EE480AB0EE481AF0EE481A0B
:10059000B0EE4B2AB4F88410002248460AF0A4FEBC
:1005A000B0EE480AF0EE480AB0EE481AF0EE481AEB
:1005B000B0EE4C2AB4F8C410002240460AF094FE73
:1005C00001200AF009FFBBF1000F7FF467AF06B00E
:1005D000BDEC0A8B01B0BDE8F08F00BF0000000049
:1005E00082B007F03DFE42F6EC340121C2F2004435
:1005F0000022012320464FF000094FF0010800F0CF
:10060000CBFE42F68C450221C2F2004500220123B6
:10061000284600F0C1FE032100220123284600F0F5
:10062000BBFE042100220123204600F0B5FE4AF65D
:100630000065C2F20045C5E90099C5E902990BF0D1
:100640007FFC43F2BC5740F6103640F65C2AC2F2FB
:100650000047C2F200469FED1D8AC2F2004A9FED9C
:100660001C9A01AC019025E0B6F90400B6F900200F
:10067000B6F9061000EE100A02EE102A01EE101A6A
:10068000DAF80000B8EEC00AB8EEC11AB8EEC22A15
:1006900080EE080A81EE081A80ED000A82EE090A4F
:1006A00080ED011A80ED020A00F0A6FA052120462D
:1006B0000BF0A6F938780028D6D1FFF7BDFEC5E9C2
:1006C0000099C5E9029987F80080CDE7000025432D
:1006D000000025C3000000002DE9F04381B02DED9E
:1006E0000E8B82B090ED00CA0546B5EE40CA884632
:1006F000F1EE10FA0DD195ED010AB5EE400AF1EEDA
:1007000010FA06D195ED020AB5EE400AF1EE10FAA4
:1007100041D095ED01AAB0EE4C0AB0EE4A1A95ED23
:1007200002DA9FED76EA9FED76BAADEE4E0AADEEB7
:100730004B1AB7EEC08AB7EEC19AB0EE480BB0EED6
:10074000491B0BF065FEADEE0BAAB0EE40BBB0EE60
:10075000480BB7EECAAAB0EE4A1B0BF059FEB0EE3A
:100760004A1BADEE0ECAB7EECC8AB0EE40CBB0EE6F
:10077000480B0BF04DFEB0EE40ABB0EE480BB0EEC8
:10078000491B0BF045FEB7EECB3BB7EECC2BB7EEDB
:10079000CA1BB7EEC00B4AF6F0569FED5A8AC2F25A
:1007A00000463046371D86ED030AB0EE480A86ED56
:1007B000003A06F1080486ED012A06F10C0986EDDF
:1007C000021A00F08DF9B0EE480A384600F088F9B8
:1007D000B0EE480A204600F083F9B0EE480A4846D9
:1007E00000F07EF940F628009FED478AC2F20040F3
:1007F000B0EE480A406A019001A800F071F99DED41
:10080000010A96ED001AB6EEC00A30EE411A9FEDCD
:100810003F0AB0EEC12A38EE423AB4EE402A9FEDCC
:100820003C2AF1EE10FA33FE011AB0EEC11AB4EE12
:10083000421AF1EE10FA0EDD311F042091ED011A7B
:100840000A1D31EE001A013881ED011A1146F5D169
:100850004FF0FF3001E04FF0013040F644319FEDA2
:100860002A8AC2F20041B0EE480A0860304600F021
:1008700037F9B0EE480A384600F032F9B0EE480ACF
:10088000204600F02DF9B0EE480A484600F028F95D
:1008900095ED000AB5EE400AF1EE10FA1DD195ED86
:1008A000010AB5EE400AF1EE10FA16D195ED020AF2
:1008B000B5EE400AF1EE10FA0FD14AF60060A8F149
:1008C0000401C2F200400422043800BF013A50F88B
:1008D000043F41F8043FF9D10AE0301FA8F10401B8
:1008E000042200BF013A50F8043F41F8043FF9D117
:1008F00002B0BDEC0E8B01B0BDE8F0833D0A973E1F
:10090000AE47A13EC3F5C840560EC940560E4940F9
:10091000560EC93F00000000B0B52DED0C8B82B023
:1009200090ED000A90ED011AB7EEC00AB7EEC11AB9
:1009300020EE000B01EE010BB1EEC01BB4EE411B2B
:10094000F1EE10FA80F19680B7EEC10B4AF6106214
:100950009FED5D1AC2F20042B4EE410A82ED000A38
:10096000F1EE10FA02DA0022C0E9002290ED01AAAD
:1009700090ED009AB0EE4A1AB0EE492A90ED02BA14
:100980009FED520AABEE001A9FED510AABEE002A22
:10099000B7EEC10AB7EEC21A20EE00DB21EE018BE2
:1009A0003DEE081BB1EEC10BB4EE400BF1EE10FAB8
:1009B00069D69FED481AABEE019AB7EEC91A9FEDC2
:1009C000409B21EE01CB20EE092B3DEE0C1BBDEE32
:1009D000C22BB1EEC10B12EE100AB4EE400BADF813
:1009E0000000F1EE10FA55D620EE092B9FED3A1AD1
:1009F000ABEE01AABDEEC22B12EE100AB7EECA1A78
:100A0000ADF8020021EE01AB3AEE0C1BB1EEC10BCA
:100A1000B4EE400BF1EE10FA43D620EE092B3AEE7D
:100A2000081BBDEEC22BB1EEC10B12EE100AB4EEE4
:100A3000400BADF80400F1EE10FA39D620EE090BA8
:100A400040F64432C2F200426B46BDEEC00B10EEDF
:100A5000100AADF806000020155633F81040654323
:100A60006D4221F8105001300428F5D102B0BDECE0
:100A70000C8BB0BD0C4605460BF0AEFDB0EE401B36
:100A80002846214660E7B0EE410B0C460BF0A4FD72
:100A900021468EE7B0EE410B0C460BF09DFD214642
:100AA000A2E7B0EE410B0C460BF096FD2146B4E7F1
:100AB000B0EE410B0C460BF08FFD2146BEE700BFA8
:100AC000000000207BD1A240CDCCCC3DAE47A1BEE2
:100AD0003D0A97BE3D0A973EAE47A13E000000008A
:100AE000B6EE002A90ED001A20EE423A20EE022ADD
:100AF000B4EE431AF1EE10FA05DBB4EE421AF1EE51
:100B000010FA00DC7047B4EE431AF1EE10FA04DA82
:100B100030EE010A80ED000A7047B4EE421AF1EEA1
:100B200010FAD8BF704731EE400A80ED000A7047D6
:100B300043F28C400121C2F200402422C1660168C8
:100B4000A0F85C20D0F880008A6842F040028A60F9
:100B50000A6842F010020A60006800BF026822F0D2
:100B6000010202600268D207F8D12431816040F2AC
:100B70000001C2F20041C1601231016112214160E5
:100B8000016841F480210160016841F001010160C8
:100B90007047000000000000FEE7000000000000B9
:100BA0000020704700000000002070470000000097
:100BB00010B542F2B86441F6D051C2F20044C2F21C
:100BC00000410022204608F05FFE41F2D05120464D
:100BD000C2F2004108F048FE002010BD00000000F5
:100BE00080B508880AF004FA002080BD00000000EB
:100BF00000207047000000002DE9F04381B02DED8A
:100C0000088B84B040F65C2042F2D855C2F2004016
:100C1000C2F2004501AC006881680391016801914E
:100C20004068029020462946FFF756FD42F2D05612
:100C30002046C2F200463146FFF76EFEB6F90000CC
:100C400040F66C37B6F90210B6F9042000EE100A2F
:100C5000C2F20047B6F9063040F66024C2F2004402
:100C600040F64C66F8EEC00A00EE101AB4F9121005
:100C7000C2F200462868C7ED050AB8EEC00A306027
:100C800087ED330A00EE102A6868C6F8B800A86835
:100C9000C6F87001B8EEC00AE86887ED610A00EE98
:100CA000103AC6F8280207F17000B8EEC00A87EDC6
:100CB0008F0A00EE101A0121B8EEC00A07F088FB77
:100CC000B4F93E00BDEEC01AD7ED330A012100EEA3
:100CD000100A11EE100AB8EEC00AE08107F5947010
:100CE00007F076FBB4F96A00BDEEC01AD7ED610AD1
:100CF000012100EE100A11EE100AB8EEC00A60875A
:100D000007F5F07007F064FBB4F99600BDEEC01A69
:100D1000D7ED8F0A012100EE100A11EE100AB8EE8D
:100D2000C00AA4F8660007F5267007F051FBBDEE77
:100D3000C00A40F62807C2F20047D6ED000A00219B
:100D400010EE100A97ED090AA4F8920006F12800A7
:100D500007F03EFBF0EE400A97ED0A0A06F170003C
:100D6000012107F035FB43F2C058D6ED2E0AC2F23E
:100D7000004806F1E000002188ED000A97ED190A0D
:100D800007F026FBF0EE400A97ED1A0A06F594707C
:100D9000012107F01DFB43F2C459D6ED5C0AC2F2F3
:100DA000004906F5CC70002189ED000A97ED290A6B
:100DB00007F00EFBF0EE400A97ED2A0A06F5F070F8
:100DC000012107F005FB43F2C855D6ED8A0AC2F2AD
:100DD000004506F51470002185ED000A97ED390AEB
:100DE00007F0F6FAF0EE400A97ED3A0A06F526709B
:100DF000012107F0EDFA43F2CC509FED339AC2F295
:100E00000040B0EE408A95ED00BA42F6EC3580ED38
:100E1000000AB0EE490AF0EE490AB0EE491AF0EEC7
:100E2000491AB988C2F2004598ED002A00222846E6
:100E300099ED00AA0AF058FA42F68C46B0EE490A3B
:100E4000F0EE490AB0EE491AF0EE491AB0EE4A2A1D
:100E5000B7F84410C2F20046002230460AF044FAC5
:100E6000B0EE490AF0EE490AB0EE491AF0EE491A1E
:100E7000B0EE4B2AB7F88410002230460AF034FA5C
:100E8000B0EE490AF0EE490AB0EE491AF0EE491AFE
:100E9000B0EE482AB7F8C410002228460AF024FA17
:100EA00001200AF099FA01222046294600F0E4F8D0
:100EB00001222046314604B0BDEC088B01B0BDE8EC
:100EC000F04300F0D9B800BF0000000000000000AF
:100ED000B2F5002F40F0C2808A7902770A8812BAF0
:100EE000120C82824A8812BA120C42828A880178D5
:100EF000022912BA4FEA1242028228D0012914D0E4
:100F0000002918BF7047017B29B9818AC18200215D
:100F1000816101210173B0F91410B0F916209142DA
:100F200027DA8B1A03F5005327E0017B29B9818A60
:100F3000C1820021816101210173B0F91410B0F95F
:100F4000162091421EDA8B1A03F500531EE0017B36
:100F500029B9818AC1820021816101210173B0F91F
:100F60001410B0F91620914215DA8B1A03F50053CC
:100F700015E019DD8B1AA3F5005300EE103AB8EE18
:100F8000C00A13E02DDD8B1AA3F5005300EE103AD2
:100F9000B8EEC00A27E03FDD8B1AA3F5005300EE40
:100FA000103AB8EEC00A39E09FED2D0A8A1AC182C4
:100FB00001EE102AB8EEC12AB0EEC01AB0EEC23A65
:100FC000B4EE431A90ED061AF1EE10FA04DD9FED2F
:100FD000280A22EE000A3BE09FED252A20EE020AB5
:100FE00036E09FED1F0A8A1AC18201EE102AB8EE80
:100FF000C12AB0EEC01AB0EEC23AB4EE431A90ED78
:10100000061AF1EE10FA04DD9FED180A82EE000ACE
:101010001EE09FED162A19E09FED110A8A1AC1827F
:1010200001EE102AB8EEC12AB0EEC01AB0EEC23AF4
:10103000B4EE431A90ED061AF1EE10FA04DD9FEDBE
:10104000090A82EE000A03E09FED062A80EE020AFA
:101050009FED052AA0EE021A80ED061A704700BF28
:1010600000000000000090480000B4430000184851
:101070000000003900000000B0B582B004780346DB
:101080001546084624B1012C05D14FF4007101E04A
:1010900040F2FF115960D9895A8FB3F8664009BAF6
:1010A00012BA090CADF80010110CADF8021022BAFA
:1010B000B3F89210120CADF804200ABA9988120CF9
:1010C000ADF806206A4608230AF096F828460AF08A
:1010D00083F902B0B0BD000042F69410C2F20040A5
:1010E00000F036BE0000000042F60C20C2F20040C4
:1010F00000F02EBE0000000042F68420C2F2004044
:1011000000F026BE0000000042F6FC20C2F20040C3
:1011100000F01EBE0000000042F67430C2F2004033
:1011200000F016BE0000000040F20F42D0F800C0F0
:10113000C4F20202944510DC6F22C4F2020294450C
:1011400020DC3F22C4F20202944536DC1022C4F2B5
:101150000202944554D028224EE040F26F42C4F27D
:10116000020294451ADC40F23F42C4F20202944566
:101170002ADC40F21042C4F20202944540D040F210
:10118000284239E09F22C4F20202944525DC7022F5
:10119000C4F20202944533D088222DE040F29F42EF
:1011A000C4F2020294451FDC40F27042C4F2020213
:1011B000944525D040F288421EE04022C4F202024B
:1011C00094451DD0582217E040F24042C4F202027A
:1011D000944515D040F258420EE0A022C4F202021B
:1011E00094450DD0B82207E040F2B842C4F20202A2
:1011F000944505D040F2A042C4F20202944517D1B2
:101200000CF0F8024AF6AB23103ACAF6AA23A2FB66
:10121000033109A35F2AC1F302115B5C40F2FF3185
:101220002CEA0101C36588BF043181650846704717
:101230002CF0FF01F9E700BF00061016000610169B
:10124000B2F5002F18BF704780B50A789FED2E1AAF
:101250009FED2F2ABBEE0E4A02F00F0282810A7820
:101260001209C281B1F8012052BA0261CB7891F81B
:1012700004C000EE102A1B0143EA1C1EC0F814E053
:1012800091F804C0B8EE400A4A790CF00F0320EE42
:10129000010A9FED1E1A42EA03228261CEEB0E1371
:1012A0009B0080EE010A01EE103A02EB82039B00E4
:1012B00003EE103A30EE020AB8EE411A9FED152AFD
:1012C00080ED090AB8EE433A81EE021A83EE022A53
:1012D000BAEE043A31EE040A80ED0A0A32EE030A4D
:1012E00080ED0B0A8A7900EE102AB8EE400A80EDF4
:1012F0000E0AC97900EE101AB8EE400A80ED0F0A06
:10130000BDE88040704700BFC3F5484100FF7F47FC
:10131000C3F5C8C000F07F454EF6FC51CEF2000187
:101320000A6842F080720A6041F200010022CEF2A7
:1013300000014A600B6843F001030B6044F2402156
:10134000C0F20F01484340F65831C2F20041086034
:1013500044F6D351C1F26201A0FB01134DF6836143
:10136000C4F21B31A0FB010140F65C30C2F2004028
:101370009B090360880C40F66031C2F200410860AE
:1013800040F66430C2F20040026070470000000086
:10139000704700000000000010B582B011441C46E8
:1013A0004FF0FF33CDF803300093FC2289B28DF863
:1013B00007206A46082309F01FFF20460AF00CF8B0
:1013C000012002B010BD0000EFF3108072B600BF24
:1013D000FEE700000000000010B58AB000240220E3
:1013E00004900120CDE9050442F6EC3002A9C2F2D6
:1013F00000400794CDE9024401F096FD08B1FFF7E3
:10140000E3FF42F6EC300221C2F200400222002348
:10141000009401F0CDFD08B1FFF7D6FF42F6EC30A5
:101420000121C2F20040002201F006FD08B1FFF7E1
:10143000CBFF42F6EC30C2F2004002F0E5FB08B10F
:10144000FFF7C2FF0AB010BD42F6EC30C2F2004016
:1014500001F09EBE0000000010B58AB0012003908C
:10146000022002A9CDE9040042F68C400024C2F219
:1014700000400294CDE9064401F056FD08B1FFF7A3
:10148000A3FF42F68C400221C2F200400222002358
:10149000009401F08DFD08B1FFF796FF42F68C40F5
:1014A0001021C2F20040002201F0C6FC08B1FFF793
:1014B0008BFF42F68C40C2F2004002F0A5FB08B15F
:1014C000FFF782FF0AB010BD42F68C40C2F2004026
:1014D00001F05EBE0000000010B58AB000240220BA
:1014E000CDE90300012002A9CDE9050442F62C5004
:1014F0000294C2F20040079401F016FD08B1FFF714
:1015000063FF42F62C500221C2F200400222002367
:10151000009401F04DFD08B1FFF756FF42F62C5044
:101520001021C2F20040002201F086FC08B1FFF752
:101530004BFF42F62C50C2F2004002F065FB08B1AE
:10154000FFF742FF0AB010BD42F62C50C2F2004035
:1015500001F01EBE00000000F0B5D1E900C4D1F8D2
:1015600008E00D692CB14EEA0C04254345F0804C8F
:1015700003E045EA8C4444EA0E0C856ED0F8847092
:10158000D1E907466B438D6944EA0660D1F814E05F
:101590000543CC6807EB830045EA0E0647F823C0F5
:1015A00046EA04034360CB68B3F5803F38BFF0BD23
:1015B0004CF6500C083001320023C0F6000C00BF7E
:1015C000D71857F8017CC750CF8904331CF807702F
:1015D000BB42F5D3F0BD00002DE9F041044602F016
:1015E00033FC14B3054694F83500022820D140F2AC
:1015F0000F472668C4F2020740F26F48BE426FF000
:101600000E00C4F2020817DC6F21C4F202018E4200
:1016100023DC3F21C4F202018E4239DC1021C4F2E6
:1016200002018E4258D0282151E00120BDE8F0810E
:1016300080206065012037E246451ADC40F23F41D8
:10164000C4F202018E422ADC40F21041C4F20201CF
:101650008E4241D040F2284139E09F21C4F202017C
:101660008E4225DC7021C4F202018E4234D08821E2
:101670002DE040F29F41C4F202018E421FDC40F295
:101680007041C4F202018E4226D040F288411EE031
:101690004021C4F202018E421ED0582117E040F2D0
:1016A0004041C4F202018E4216D040F258410EE091
:1016B000A021C4F202018E420ED0B82107E040F210
:1016C000B841C4F202018E4206D040F2A041C4F2F9
:1016D00002018E42314607D13146306820F01E00AB
:1016E00041F8140B6FF080000A68464500EA0200DA
:1016F000086019DC9F20C4F20200864231DC5720CA
:10170000C4F20200864256DC1020C4F20200864277
:1017100000F091802820C4F20200864200F08B8005
:101720004020C4F2020084E045F22F40C5F60200DA
:1017300086422BDC40F2B740C4F20200864248DC0D
:1017400040F27040C4F20200864274D040F28840F9
:10175000C4F2020086426ED040F2A040C4F2020001
:1017600067E040F22740C4F20200864240DCA0203D
:10177000C4F2020086425ED0B820C4F20200864263
:1017800059D040F21040C4F2020052E045F26B40E2
:10179000C5F6020086423CDC45F23040C5F6020048
:1017A000864248D045F24440C5F60200864242D007
:1017B00045F258403BE05820C4F2020086423AD03D
:1017C0007020C4F20200864235D08820C4F20200A4
:1017D0002FE040F2B840C4F2020086422BD045F21E
:1017E0000840C5F60200864225D045F21C401EE0A6
:1017F00040F22840C4F2020086421CD040F2404031
:10180000C4F20200864216D040F25840C4F20200F0
:101810000FE045F26C40C5F6020086420BD045F25F
:101820009440C5F60200864205D045F28040C5F6D8
:101830000200864204D1206E016821F480710160AB
:10184000306820F0010030603068C0070BD002F033
:10185000FBFA401B0628F7D320206065032084F89C
:101860003500012020E120680821B8424FF03F02F6
:1018700010DC6F23C4F2020398421CDC3F23C4F245
:101880000203984232DC1023C4F20203984251D082
:1018900028234AE040451ADC40F23F43C4F20203E9
:1018A00098422ADC40F21043C4F20203984241D02D
:1018B00040F2284339E09F23C4F20203984225DC1A
:1018C0007023C4F20203984234D088232DE040F202
:1018D0009F43C4F2020398421FDC40F27043C4F2FB
:1018E0000203984226D040F288431EE04023C4F20F
:1018F000020398421ED0582317E040F24043C4F23E
:101900000203984216D040F258430EE0A023C4F2DE
:10191000020398420ED0B82307E040F2A043C4F27D
:101920000203984206D040F2B843C4F20203984240
:1019300040F0BF80D4E9163707F01F07404502FA90
:1019400007F25A5019DC9F21C4F20201884231DCAF
:101950005721C4F20201884256DC1021C4F2020170
:10196000884200F091802821C4F20201884200F0F0
:101970008B804021C4F2020184E045F22F41C5F67C
:10198000020188422BDC40F2B741C4F202018842D6
:1019900048DC40F27041C4F20201884274D040F247
:1019A0008841C4F2020188426ED040F2A041C4F2E4
:1019B000020167E040F22741C4F20201884240DCA4
:1019C000A021C4F2020188425ED0B821C4F2020113
:1019D000884259D040F21041C4F2020152E045F26F
:1019E0006B41C5F6020188423CDC45F23041C5F648
:1019F0000201884248D045F24441C5F602018842BE
:101A000042D045F258413BE05821C4F202018842DD
:101A10003AD07021C4F20201884235D08821C4F244
:101A200002012FE040F2B841C4F2020188422BD0FB
:101A300045F20841C5F60201884225D045F21C4115
:101A40001EE040F22841C4F2020188421CD040F25C
:101A50004041C4F20201884216D040F25841C4F21B
:101A600002010FE045F26C41C5F6020188420BD03D
:101A700045F29441C5F60201884205D045F2804105
:101A8000C5F6020188420BD1616EA26EE06E4A601B
:101A900030B1016821F480710160D4E91C0141601A
:101AA000012084F835000020002184F83410BDE8BE
:101AB000F081042101223DE7F0B190F835100229B0
:101AC00018D180B540F20F420168C4F2020291427F
:101AD00014DC6F23C4F20203994224DC3F23C4F2D6
:101AE000020399423ADC1023C4F20203994258D00F
:101AF000282352E0802141650120704740F26F4366
:101B0000C4F2020399421ADC40F23F43C4F20203DA
:101B100099422ADC40F21043C4F20203994240D0B9
:101B200040F2284339E09F23C4F20203994225DCA6
:101B30007023C4F20203994233D088232DE040F28F
:101B40009F43C4F2020399421FDC40F27043C4F287
:101B50000203994225D040F288431EE04023C4F29C
:101B6000020399421DD0582317E040F24043C4F2CB
:101B70000203994215D040F258430EE0A023C4F26C
:101B8000020399420DD0B82307E040F2B843C4F2F3
:101B90000203994205D040F2A043C4F202039942E5
:101BA0006ED191424FF0040280F8352010DC6F2096
:101BB000C4F20200814220DC3F20C4F202008142D4
:101BC00036DC1020C4F20200814253D028204EE0BF
:101BD00040F26F40C4F2020081421ADC40F23F4002
:101BE000C4F2020081422ADC40F21040C4F202003A
:101BF00081423FD040F2284039E09F20C4F20200E9
:101C0000814225DC7020C4F20200814232D088205B
:101C10002DE040F29F40C4F2020081421FDC40F2FE
:101C20007040C4F20200814224D040F288401EE09D
:101C30004020C4F2020081421CD0582017E040F23C
:101C40004040C4F20200814214D040F258400EE0FD
:101C5000A020C4F2020081420CD0B82007E040F27C
:101C6000B840C4F20200814204D040F2A040C4F265
:101C700002008142086820F001000860002080BD59
:101C80000A6822F00E020A6045F25742C5F60202C7
:101C900091420A6822F001020A600EDC45F22F42EE
:101CA000C5F60202914217DC45F20842C5F602026F
:101CB000914226D045F21C421FE045F27F42C5F614
:101CC0000202914211DC45F25842C5F602029142ED
:101CD00017D045F26C4210E045F23042C5F60202E0
:101CE00091420ED045F2444207E045F29442C5F6D7
:101CF0000202914205D045F28042C5F602029142AD
:101D00001AD1D0E9181CD0E916E30A6822F48072CF
:101D10000A6003F01F01012202FA01F1CEF804105B
:101D2000816ECCF80410C16E31B10A6822F4807261
:101D30000A60D0E91C124A60012180F83510016D5B
:101D40000022002980F8342098D08847002080BDE8
:101D50002DE9F04381B00021009140F6841148F252
:101D6000B513C2F20041C1F64E33856D40F26F49A2
:101D70000A680168C4F202092E68A2FB03284945DB
:101D80002B6815DC9F22C4F2020291422BDC572201
:101D9000C4F2020291424FDC1022C4F202029142CC
:101DA00078D02822C4F20202914273D040226CE023
:101DB00045F22F42C5F60202914227DC40F2B742BB
:101DC000C4F20202914243DC40F27042C4F20202C9
:101DD00091425FD040F28842C4F20202914259D04F
:101DE00040F2A04251E040F22742C4F20202914286
:101DF0003DDCA022C4F2020291424BD0B822C4F2D0
:101E00000202914246D040F210423EE045F26B425F
:101E1000C5F60202914275DC45F23042C5F6020277
:101E2000914200F0828045F24442C5F6020291429E
:101E30007BD045F2584273E05822C4F2020291422C
:101E400028D07022C4F20202914223D088221CE0E2
:101E500040F2B842C4F2020291421BD045F208425D
:101E6000C5F60202914260D045F21C4258E040F2B1
:101E70002842C4F2020291420CD040F24042C4F225
:101E80000202914206D040F25842C4F2020291424C
:101E900040F02D84C26D082302F01F0293403342AC
:101EA00000F0168140F20F44C4F20204A1424FF048
:101EB000040413DC6F27C4F20207B94200F39180D7
:101EC0003F27C4F20207B94200F3D2801027C4F2C0
:101ED0000207B94200F0F0802827E8E0494500F306
:101EE0008C8040F23F47C4F20207B94200F3C7803A
:101EF00040F21047C4F20207B94200F0DD8040F220
:101F00002847D4E045F26C42C5F6020291420CD05B
:101F100045F28042C5F60202914206D045F2944253
:101F2000C5F60202914240F0E2830E68C26D02F0F3
:101F30001F02042707FA02F41C4218BF16F0040718
:101F40002CD1022707FA02F41C4218BF16F0020730
:101F500062D1D3401B0740F1CA8316F0080300F09A
:101F6000C68340F20F43C4F2020399426FF01C0390
:101F700000F318836F27C4F20207B94200F35483B9
:101F80003F27C4F20207B94200F3B4831027C4F21A
:101F90000207B94200F0D3832827CAE332046C60F9
:101FA0005ED4B20600F1A18340F20F42C4F20202F5
:101FB00091426FF0080200F3E3826F23C4F2020340
:101FC000994200F302833F23C4F20203994200F3D3
:101FD00047831023C4F20203994200F0838328232D
:101FE0007AE39F27C4F20207B94251DC7027C4F29A
:101FF0000207B94260D0882759E040F29F47C4F2F7
:102000000207B9424BDC40F27047C4F20207B94202
:1020100052D040F288474AE032046C6000F19C8262
:10202000B20600F1CF8340F20F42C4F202029142A5
:102030006FF0140200F3D6826F23C4F202039942B8
:1020400000F315833F23C4F20203994200F38C830B
:102050001023C4F20203994200F0AB832823A2E3C9
:10206000F10300F14283816C002940F079833EE363
:102070004027C4F20207B9421ED0582717E040F2A9
:102080004047C4F20207B94216D040F258470EE06A
:10209000A027C4F20207B9420ED0B82707E040F2E9
:1020A000A047C4F20207B94206D040F2B847C4F2D2
:1020B0000207B94218BF08240F68274208D00F68EA
:1020C00027F004070F60AB60436D43F001034365E5
:1020D0000123934033426FD040F20F47C4F202070E
:1020E000B94210DC6F27C4F20207B9421CDC3F275B
:1020F000C4F20207B94232DC1027C4F20207B94227
:1021000051D028274AE049451ADC40F23F47C4F243
:102110000207B9422ADC40F21047C4F20207B94272
:1021200041D040F2284739E09F27C4F20207B94264
:1021300025DC7027C4F20207B94234D088272DE08D
:1021400040F29F47C4F20207B9421FDC40F27047D9
:10215000C4F20207B94226D040F288471EE0402769
:10216000C4F20207B9421ED0582717E040F2404798
:10217000C4F20207B94216D040F258470EE0A02739
:10218000C4F20207B9420ED0B82707E040F2B847C0
:10219000C4F20207B94206D040F2A047C4F20207D7
:1021A000B94240F0E1814F6907F0800424B1AB608F
:1021B000436D43F0020343650423934033426FD0E1
:1021C00040F20F47C4F20207B94210DC6F27C4F295
:1021D0000207B9421CDC3F27C4F20207B94232DCD5
:1021E0001027C4F20207B94251D028274AE04945D6
:1021F0001ADC40F23F47C4F20207B9422ADC40F23F
:102200001047C4F20207B94241D040F2284739E0F2
:102210009F27C4F20207B94225DC7027C4F20207E7
:10222000B94234D088272DE040F29F47C4F202071C
:10223000B9421FDC40F27047C4F20207B94226D00F
:1022400040F288471EE04027C4F20207B9421ED080
:10225000582717E040F24047C4F20207B94216D0AF
:1022600040F258470EE0A027C4F20207B9420ED050
:10227000B82707E040F2B847C4F20207B94206D0D7
:1022800040F2A047C4F20207B94240F073810F68E0
:1022900007F0020424B1AB60436D43F004034365CF
:1022A000102303FA02F232427ED040F20F43C4F20E
:1022B000020399424FF0080310DC6F27C4F20207B3
:1022C000B9421CDC3F27C4F20207B94232DC1027B6
:1022D000C4F20207B94251D028274AE049451ADC26
:1022E00040F23F47C4F20207B9422ADC40F21047ED
:1022F000C4F20207B94241D040F2284739E09F2793
:10230000C4F20207B94225DC7027C4F20207B942C1
:1023100034D088272DE040F29F47C4F20207B9422B
:102320001FDC40F27047C4F20207B94226D040F2E7
:1023300088471EE04027C4F20207B9421ED0582742
:1023400017E040F24047C4F20207B94216D040F20B
:1023500058470EE0A027C4F20207B9420ED0B827B2
:1023600007E040F2A047C4F20207B94206D040F2AB
:10237000B847C4F20207B94218BF04230F681F42CE
:1023800012D0AA600A6852030A6806D4D20506D49D
:102390000A6822F008020A6001E0110352D4016CBD
:1023A00011B1044688472046C16D01F01F0220216B
:1023B00001FA02F3334200F0A68040F20F470168B1
:1023C000C4F202071026B94210DC6F27C4F20207DC
:1023D000B9421CDC3F27C4F20207B94236DC1027A1
:1023E000C4F20207B94255D028274EE049451ADC0D
:1023F00040F23F47C4F20207B9422EDC40F21047D8
:10240000C4F20207B94245D040F228473DE09F2779
:10241000C4F20207B94229DC7027C4F20207B942AC
:1024200038D0882731E040F29F47C4F20207B94212
:1024300023DC40F27047C4F20207B9422AD040F2CE
:10244000884722E0816C0029ABD1ADE74027C4F278
:102450000207B9421ED0582717E040F24047C4F2A5
:102460000207B94216D040F258470EE0A027C4F246
:102470000207B9420ED0B82707E040F2A047C4F2E5
:102480000207B94206D040F2B847C4F20207B94287
:1024900018BF02260F68374235D0AB6090F8353050
:1024A000042B0B6816D123F016030B604B6923F045
:1024B00080034B61036C0BB9836C1BB10B6823F079
:1024C00008030B603F219140A960012180F835107D
:1024D000016D3FE15A030A680CD4D2050ED40A6894
:1024E00022F010020A60012180F83510002180F8E6
:1024F000341003E0110301D4416C00E0C16B11B151
:10250000044688472046416D002900F0F080416D67
:10251000C9071CD0042180F8351001684FEA9822C1
:102520000B6823F001030B60009B0133009393427F
:1025300002D80B68DB07F7D10968C9074FF0030120
:1025400008BF012180F83510002180F83410C16CDB
:10255000002940F00581CAE0F10300F13381416CAC
:10256000002940F0FD80C2E000240F68002C7FF4B9
:102570001EAE21E600240F68002C7FF48CAE8FE69F
:10258000494542DC40F23F43C4F2020399427CDCFD
:1025900040F21043C4F20203994200F0A38040F2DB
:1025A000284399E049454CDC40F23F47C4F202071A
:1025B000B94200F3A68040F21047C4F20207B942C4
:1025C00000F0BD8040F22847B3E09F23C4F202032D
:1025D000994263DC7023C4F20203994200F08280C6
:1025E000882379E0494560DC40F23F43C4F20203AE
:1025F000994200F3C08040F21043C4F202039942B2
:1026000000F0D78040F22843CDE040F29F43C4F26F
:102610000203994258DC40F27043C4F2020399422B
:1026200060D040F2884357E09F27C4F20207B942C6
:1026300070DC7027C4F20207B94200F0808088275E
:1026400077E040F29F47C4F20207B94269DC40F2EA
:102650007047C4F20207B94271D040F2884768E07F
:102660004023C4F2020399423CD0582334E09F2314
:10267000C4F20203994200F387807023C4F202037C
:10268000994200F0968088238DE040F24043C4F2E6
:102690000203994226D040F258431DE0A023C4F221
:1026A000020399421ED0B82316E040F29F43C4F2C1
:1026B000020399426FDC40F27043C4F20203994274
:1026C00077D040F288436EE040F2A043C4F20203A8
:1026D000994207D040F2B843C4F20203994218BFAE
:1026E0006FF004020B681A400A60016CC1BB01B0B4
:1026F000BDE8F0834027C4F20207B9421FD0582733
:1027000017E040F24047C4F20207B94217D040F246
:1027100058470EE0A027C4F20207B9420FD0B827ED
:1027200007E040F2A047C4F20207B94207D040F2E6
:10273000B847C4F20207B94218BF6FF00E030F6822
:102740003B400B60012101FA02F26A60416580F8AA
:102750003510C16C00294FF0000280F83420C6D03B
:1027600001B0BDE8F04308474023C4F20203994298
:102770001FD0582317E040F24043C4F202039942AD
:1027800017D040F258430EE0A023C4F2020399424E
:102790000FD0B82307E040F2A043C4F202039942ED
:1027A00007D040F2B843C4F20203994218BF6FF059
:1027B0000A020B681A400A60012180F835100021D6
:1027C00080F83410C16B0029CAD190E700000000E6
:1027D0002DE9F041044601F037FBECB140F26F48BF
:1027E00005462068C4F20208404518DC9F21C4F267
:1027F000020188422EDC5721C4F20201884254DCD7
:102800001021C4F2020188427ED02821C4F20201C4
:10281000884279D0402172E00120BDE8F08145F284
:102820002F41C5F60201884227DC40F2B741C4F2CD
:102830000201884245DC40F27041C4F20201884244
:1028400062D040F28841C4F2020188425CD040F27A
:10285000A04154E040F22741C4F20201884240DC2A
:10286000A021C4F2020188424ED0B821C4F2020174
:10287000884249D040F2104141E045F26B41C5F633
:102880000201884200F3B88045F23041C5F60201EA
:10289000884200F0C38045F24441C5F602018842F7
:1028A00000F0BC8045F25841B4E05821C4F2020166
:1028B000884229D07021C4F20201884224D08821A4
:1028C0001DE040F2B841C4F2020188421CD045F23A
:1028D0000841C5F60201884200F0A08045F21C4183
:1028E00098E040F22841C4F2020188420CD040F244
:1028F0004041C4F20201884206D040F25841C4F27D
:102900000201884240F0CE80022184F83510002177
:1029100084F83410016821F0010101602068016829
:10292000C9070CD001F090FA401B0628F6D32020EE
:102930006065032084F835000120BDE8F08148F28D
:102940003F0204F108070168CFF610621140666982
:102950008CCF1143D4F818C01943E3693943276A6F
:102960000E43616A3343042943EA070343EA0C0335
:1029700003D1D4E90B7637433B436568A5F12906BB
:10298000292E00F2A1800127DFE806F015151515A4
:1029900015159E9E9E9E9E9E9E9E9E9E9E9E9E9E69
:1029A0009E9E151515159E9E9E9E15159E9E9E9E7D
:1029B0009E9E15151515002F18BF43F4801304298A
:1029C0000360426922F0070241EA020140F0908070
:1029D000D4E90A53002B41EA050100F08980BCF5D7
:1029E000005F61D0BCF1000F6AD1022D74D0012DBF
:1029F00060D0002D70D072E045F26C41C5F6020146
:102A000088420BD045F28041C5F60201884205D0CC
:102A100045F29441C5F60201884243D104F1080E03
:102A2000022184F83510002184F834100168A3696C
:102A30009EE80450A2F18005E769B5FA85F566695C
:102A40006D09402A4FEA853543EA07026FF31011FA
:102A500042EA060208BF102541EADC0142EA0E0202
:102A60002943236A41EAD2014AF6F832CAF2FD72DA
:102A70004CF6CD470244CCF6CC4741EA1311A2FBF9
:102A8000072301606FF0030000EA9300E065204631
:102A9000FEF74AFBE16D012201F01F0102FA01F18C
:102AA000416030E0402043E7032D18D8DFE805F00F
:102AB0000A140A02A3F1C072B2FA82F252090FE0BC
:102AC000032D08D201220BE025F00302743AB2FA7A
:102AD00082F257096FE702D1C3F3006200E00022DF
:102AE00032B140206065012084F83500BDE8F081F6
:102AF00041612046FEF718FBE16D3F2201F01F0106
:102B000002FA01F181602068404519DC9F21C4F27E
:102B10000201884231DC5721C4F20201884256DCAE
:102B20001021C4F20201884200F092802821C4F2F0
:102B30000201884200F08C804021C4F2020184E04E
:102B400045F22F41C5F6020188422BDC40F2B74125
:102B5000C4F20201884248DC40F27041C4F2020132
:102B6000884275D040F28841C4F2020188426FD099
:102B700040F2A041C4F2020167E040F22741C4F2F2
:102B80000201884240DCA021C4F2020188425FD0E9
:102B9000B821C4F2020188425AD040F21041C4F276
:102BA000020152E045F26B41C5F6020188423CDC6D
:102BB00045F23041C5F60201884249D045F2444110
:102BC000C5F60201884243D045F258413BE0582106
:102BD000C4F2020188423BD07021C4F20201884253
:102BE00036D08821C4F202012FE040F2B841C4F28D
:102BF000020188422CD045F20841C5F60201884204
:102C000026D045F21C411EE040F22841C4F20201E8
:102C100088421DD040F24041C4F20201884217D0E0
:102C200040F25841C4F202010FE045F26C41C5F692
:102C3000020188420CD045F29441C5F60201884257
:102C400006D045F28041C5F60201884240F0D080AE
:102C500045F2574C45F6FC0EC5F6020CC5F6020EC1
:102C600060450EDC45F22F43C5F60203984217DC9F
:102C700045F20843C5F60203984226D045F21C43AC
:102C80001FE045F27F43C5F60203984211DC45F28E
:102C90005843C5F60203984217D045F26C4310E042
:102CA00045F23043C5F6020398420ED045F2444344
:102CB00007E045F29443C5F60203984205D045F279
:102CC0008043C5F60203984250D100F0FC034CF655
:102CD000CD47083BCCF6CC47A3FB0737AEF1FC054C
:102CE000AEF17C063B0905EB83022266A26803F085
:102CF0001F030127802A666607FA03F2A26601D144
:102D0000002262606368A56ED4E91826DFB2591EFE
:102D100007291760756015D87E1E072E62D860459A
:102D20000EF1440213DC45F22F41C5F60201884240
:102D30003CDC45F20841C5F6020188424BD045F221
:102D40001C4144E000206067C4E91B0050E045F2EC
:102D50007F41C5F60201884231DC45F25841C5F693
:102D60000201884237D045F26C4130E000F0F803B0
:102D70004AF6AB27103BCAF6AA27A3FB073740F257
:102D80000F43C4F2020308253E09984203F1AA0248
:102D9000334688BF05EB171340F600059042C4F296
:102DA000020528BF334605F180069CE745F2304115
:102DB000C5F6020188420ED045F2444107E045F2D3
:102DC0008041C5F60201884205D045F29441C5F61E
:102DD0000201884213D10EEB8300E06601202267D6
:102DE000B040606704F16C02002307CA03604A60C8
:102DF00000206065012184F83510BDE8F08140F6BF
:102E00000000C4F2020000F1FC0E00F5A072E2E73F
:102E1000B0B5044601F018F840F648310546C2F254
:102E20000041621C097818BF0C4400BF01F00CF887
:102E3000401BA042FAD3B0BD90F89830013B012B63
:102E40000BD80068836D0B420CD0836D0B408B4216
:102E50000CD1C36D43F0020309E000F19C01012095
:102E6000022221E0C36D43F0010300E00323C365A8
:102E70008B0504D5D0F8E0301343C0F8E0304B05A3
:102E800004D5D0F8E4301A43C0F8E4204FF6FF72BE
:102E9000436DC3F6CF720A401A4342658A0F4AF661
:102EA00014010020C4F200010B681A430A60704745
:102EB00090F89830022B1BD1B0B50368D3F8C050FE
:102EC00015F07C5F1CD0D3F8C450AD021DD4D3F8EC
:102ED000C4300546C3F304442346FEF73DFB28688F
:102EE0000121A140C0F8D0100020C5F89410B0BD59
:102EF000D0F89C1041F00801C0F89C1001207047E8
:102F0000D0F89C1041F0200103E0D0F89C1041F46F
:102F10000071C0F89C100120B0BD0000000000004E
:102F2000704700000000000090F89820013A012A44
:102F30000BD880B50A68002ACA680ED00B69072A28
:102F400043EA427E16D18B6919E0D0F89C1041F01B
:102F50000201C0F89C1001207047072A18D10A69A5
:102F6000D1E906C3120442EA032242EA0C0242F00B
:102F7000605217E0D1F808C04B6943EA8C73006FC8
:102F8000496800EBC10240F831E05360002080BD89
:102F90008B68D1E904CE9B0743EAC26242EA0C4245
:102FA00042EA0E024968C06E40F82120002080BD30
:102FB00090F898C0BCF1010F0DD19200006842EA70
:102FC0000111DDF800C041EA430141EA0C01C0F8FB
:102FD000801000207047D0F89C1041F00401C0F828
:102FE0009C100120704700007047000000000000A6
:102FF000704700000000000070B590F89850022D56
:103000001CD140291FD10568D5F8A04014F4FE0F4B
:1030100000F08F80D5F8A440640600F09680D5F8C3
:10302000A440E40148BFD5F8A040D5F8A45000F171
:103030007404C5F3052E456CF44629E0D0F89C10C5
:1030400041F0080185E0412918D10568D5F8B04064
:1030500014F4FE0F6DD0D5F8B440640675D0D5F8E1
:10306000B440E40148BFD5F8B040D5F8B45000F101
:103070007804C5F3052EC56CF44609E0056DA94238
:1030800057D200F17C04D0F854E04FF0000C0D460C
:1030900005FB0EF6246854F8265015F0804555605F
:1030A00054F826E02EF0604508BFCEF38A4504EBC5
:1030B000860E156054F8265005F00055956054F8BA
:1030C000264004F000441461BEF80440D461DEF8E8
:1030D000044004F47024D460DEF80450B4F5803F5A
:1030E00005F480155561DEF8045005F4001595616E
:1030F0009EF8075005F07F051562DEF804504FEA90
:10310000D57454620ED30EF108054CF6500E00240F
:10311000C0F6000E2E5D1E550134D6891EF80660DD
:10312000B442F7D3402909D10068C0F8A8C00020F4
:1031300070BDD0F89C1041F020010AE041290CD16B
:103140000068C0F8B8C0002070BDD0F89C1041F4F1
:103150008071C0F89C10012070BD1F2907D800683D
:10316000012202FA01F1C0F89810002070BD006839
:1031700001F01F01012202FA01F1C0F89C100020A9
:1031800070BD00000000000070470000000000005B
:103190002DE9F04F87B004464AF61000C4F2000053
:1031A00001684AF61400C4F20000026820680A4070
:1031B000D0F850B0D0F85490056D466D036D029371
:1031C000436D0193036D0693436D0593036D049363
:1031D000436D0393D0F854A0D0F850805FEACA53EF
:1031E00010D518F480710DD04FF4807101654AF646
:1031F00010010020C4F20001174608602046FFF7C6
:10320000C3FF3A460BEA090B4AF610095FEA4A5037
:10321000C4F200094FEA82771AD518F4806017D0FB
:1032200020689146D0F8DC10D0F8E42011404FF42B
:10323000806202654AF61002C4F2000200201060AB
:10324000204600F015FD4A464AF61009C4F200096E
:1032500005EA06050BF4704657B1206800210165A8
:1032600002F00300C9F8000020463946FFF758FE77
:10327000DDE9011000EA010705F00F0546B12068FD
:10328000314606650020C9F80000204600F0F8FC31
:1032900007F0F00645B12068294605650020C9F809
:1032A0000000204600F0E4FB46B120683146066588
:1032B0000020C9F80000204600F04AFC5FEA0A50EE
:1032C0000CD518F4006009D020684FF40061016546
:1032D0000020C9F80000204600F0D6FC5FEA8A50C2
:1032E00011D518F400700ED02068D0F8D810D0F89E
:1032F000E02011404FF4007202650020C9F8000080
:10330000204600F0B9FC5FEA0A300CD518F4002022
:1033100009D020684FF4002101650020C9F80000A1
:10332000204600F0A1FB5FEACA300CD518F48030CB
:1033300009D020684FF4803101650020C9F80000F1
:10334000204600F091FC5FEA4A30DDE9031000EA14
:1033500001050CD518F4802009D020684FF4802195
:1033600001650020C9F80000204600F079FC5FEA02
:103370008A30DDE9051000EA010005F060710FD523
:1033800018F400320CD022684FF400331365002289
:10339000C9F80020D4F89C2042F08002C4F89C2098
:1033A00000F0715539B1206801650020C9F80000AE
:1033B0002046FFF71DFE4DB1206805650020C9F8C5
:1033C0000000D4F89C002843C4F89C002068A9F5AC
:1033D0000161884209D0D4F89C00002868D02046BA
:1033E00007B0BDE8F04FFFF7FFBD6068816889074F
:1033F000F1D0016A426A036A476A114003EA070290
:1034000002F03005D0F82080D0F82490D0F820B019
:10341000466A026A069211F00F01426A0592D0F8DC
:1034200024A0026A049203D00162204600F00CFC42
:1034300008EA09072DB1606829460562204600F0B8
:103440000BFC5FEA4A6006EA0B0607F4C0750ED56E
:10345000049810F040000AD060684023C16BC26B32
:10346000090C02F03F020362204600F0F1FBDDE9A7
:10347000051000EA010706F4FC462DB160682946F4
:103480000562204600F0DCFB07F4F02036B16168ED
:103490000E62D4F89C103143C4F89C1000289AD0D6
:1034A00061680862D4F89C100843C4F89C0092E755
:1034B00007B0BDE8F08F000040B32DE9F04F83B0B6
:1034C0004AF200080446C4F200080068404502D1F0
:1034D00008F58070606094F8980028B9002084F89E
:1034E0009900204600F0CCF92068816921F0100194
:1034F000816100F0A9FC054620688169090707D5AC
:1035000000F0A2FC401B0B28F6D312E0012070470C
:10351000816941F00101816100F096FC054600BF20
:1035200020688169C90711D100F08EFC401B0B286F
:10353000F6D30120D4F89C100843C4F89C00032063
:1035400084F89800012003B0BDE8F08F816941F054
:1035500002018161217C826922F04002012918BFA9
:1035600040328261617C826922F48042012908BF75
:1035700002F580428261A17C826922F48052012995
:1035800018BF02F580528261816921F44073D4E949
:1035900002120B438361836923F0A40383610369EF
:1035A00023F0100303619AB1012A0DD0022A09D039
:1035B0008369032A43F080038361036943F01002A7
:1035C000026105D1202200E0042283691A4382614E
:1035D000D4E90572E369561E6FF0FF02256A02EB1B
:1035E0000323B1F5407F43EA4663A5F1010646EAAD
:1035F000030640F20003CFF6FF7303EB074746EAEA
:103600000701C16110D1D4E90B65D4E90917013F65
:1036100002EB06226FF00F063A4306EB05173A431A
:1036200003EB01411143C160236E2BB1616ED0F8F1
:10363000C0201143C0F8C010E16DCDE90113D9429B
:103640004CF2D071C0F6000109D0D0F8C820A36EAA
:1036500022F0070251F823301A43C0F8C820D4F8EA
:1036600040C0BCF1000F09D0D0F8BC20636C22F040
:10367000070251F823301A43C0F8BC20D4F848B0F0
:10368000BBF1000F0AD0D0F8BC20E36C22F070022E
:1036900051F8233042EA0312C0F8BC20D4F850A0FD
:1036A000BAF1000F0AD0D0F8BC20636D22F4E062BA
:1036B00051F8231042EA0121C0F8BC10404504D162
:1036C00061688A6822F003028A600021C4F89410BD
:1036D000C4F89C10012184F8981004F13409D0F842
:1036E00084104FF6FC729143656C99E80C020095CA
:1036F00041EA8201C0F88410D0F8841021F47F01DF
:1037000041EA0341C0F884109918D0F888306FF36B
:103710008F0343EA8103C0F88830D0F8883023F45F
:10372000FE0343EA0943C0F8883001EB4903D0F8AF
:10373000A0606FF38F0646EA8306C0F8A060D0F859
:10374000A06026F4FE0646EA0C46C0F8A06005FB21
:103750000C36D0F8B0306FF38F0343EA8603C0F81D
:10376000B030D0F8B03023F4FE0343EA0B43C0F886
:10377000B030E36CD0F8AC506FF38F0503FB0B66F1
:1037800045EA8605C0F8AC50D4F8548008FB0A65B9
:10379000D0F8F0606FF38F0646EA8506C0F8F06057
:1037A000D0F8F0E0A66D2EF47C1747EA0647C0F883
:1037B000F070F70007EB8507D0F8C0506FF38F0566
:1037C0002F43C0F8C070D0F8C070009DDDF804E051
:1037D00027F47C1705FB0CFC4AF2000547EA0E476C
:1037E000C0F8C070C4F2000503FB0BC305F54067C9
:1037F000D0F8C05007EB820207EB810125F07C571F
:10380000029D47EA0567C0F8C07001EBC90008FBDC
:103810000A372167A16E00EB8C0C606700EB830315
:10382000E266C4E91EC30EFB01F300EB87006943A7
:10383000C4F8800000EBC600C4F8840000EB8300ED
:10384000C4F8880000EB81004DF2FC31C4F20001A5
:10385000C4F89000884201D920206BE6824208D249
:10386000002000BF42F8040BD4F890108A42F9D32C
:1038700069E6002003B0BDE8F08F00000000000002
:10388000B0B5B6B0044602A8B8210025CDE934553C
:10389000CDE932553195FCF76DFD4DF200412068C0
:1038A000C4F20001884200F095804AF20041C4F25F
:1038B0000001884249D04AF20001C4F20001884266
:1038C00040F0CF80002003904FF4004002904FF072
:1038D00080501D9002A801F0DFFB08B1FDF774FDD8
:1038E00041F22C1144F2E040C2F20041C5F6020060
:1038F0000A68002A02F101020A6008D1C16841F495
:103900008071C160C16801F4807101910199016801
:1039100041F008010160006831A900F00800019041
:10392000019803203190022032900020CDE933002D
:103930000920359040F60040C5F6020000F0A8F9D5
:10394000132006210022132486E0002003904FF468
:10395000004002904FF080501D9002A801F09CFBA7
:1039600008B1FDF731FD41F22C1144F2E040C2F202
:103970000041C5F602000A68002A02F101020A604D
:1039800008D1C16841F48071C160C16801F48071DF
:1039900001910199016841F002010160006840F65F
:1039A000004100F002000190C5F60201019860207C
:1039B0003190022032900020CDE93300092035906B
:1039C000A1F5006031A900F063F91420052100225F
:1039D000142441E04FF4004002904FF080501D90BD
:1039E00002A8039501F058FB08B1FDF7EDFC41F288
:1039F0002C1144F2E040C2F20041C5F602000A6810
:103A0000002A02F101020A6008D1C16841F4807104
:103A1000C160C16801F4807101910199016841F0B0
:103A200008010160006831A900F0080001900198C8
:103A30004FF440503190022032900020CDE9330005
:103A40000520359040F60040C5F6020000F020F950
:103A50009F20052100229F2400F0C2FA204600F09A
:103A6000ABFA36B0B0BD00007047000000000000A7
:103A700070B5C9072ED04DF200420168C4F20002B1
:103A8000914228D04AF20002C4F20002914221D1B0
:103A900042F2F8554021C2F2004506462846FCF79E
:103AA00069FC41F230144021C2F200443046224603
:103AB0002B46FFF7A1FA2068B0F5007F1FDC112824
:103AC0002CD0142806D140F62800E268C2F200404B
:103AD000C03028E070BD42F278644021C2F2004458
:103AE00005462046FCF746FC41F280124021C2F216
:103AF000004228462346BDE87040FFF77DBA40F2F9
:103B00000121884217D0B0F5017F18BF70BD40F683
:103B10006020E268C2F20040843011E040F62800E4
:103B2000E268C2F2004042F2F851C2F20041BDE840
:103B30007040FDF785BB40F66020E268C2F20040AD
:103B400042F2F851C2F20041BDE87040FDF7C0B941
:103B500070B5C90606D54AF200420168C4F20002F7
:103B6000914200D070BD42F238654021C2F200455A
:103B700006462846FCF7FEFB41F258144121C2F2EA
:103B80000044304622462B46FFF736FA206840F2C2
:103B9000012188420ADC122818D01328E2D140F60D
:103BA0002800E268C2F20040803015E040F20221B5
:103BB000884219D040F20321884218BF70BD40F6F8
:103BC0006020E268C2F20040583013E040F628005E
:103BD000E268C2F20040403042F23861C2F2004175
:103BE000BDE87040FDF72CBB40F66020E268C2F2F1
:103BF00000402C3042F23861C2F20041BDE8704012
:103C0000FDF766B90000000090F8981001290CD16A
:103C1000022180F8981001688A6922F001028A6105
:103C20000021C0F89C1000207047D0F89C1041F093
:103C30000401C0F89C100120704700000000000043
:103C40007047000000000000704700000000000006
:103C500070470000000000007047000000000000F6
:103C600070470000000000007047000000000000E6
:103C700070470000000000007047000000000000D6
:103C800070470000000000007047000000000000C6
:103C90002DE9F04F83B00E68002E00F0C78000F1D0
:103CA000264742F2004507F1FF77C5F602050A22D2
:103CB000A8424FEAB72500F1200308BF092200936C
:103CC000082D38BF4FEAB722002400274FF0000A22
:103CD00001920AE00AF1010A0E6836FA0AF207F1C7
:103CE000020704F1040400F0A180012202FA0AFB99
:103CF00016EA0B08EED0D1F80490032209F0030E67
:103D0000AEF10106012E02FA07F610D8D0F808C06D
:103D1000CD682CEA0602BD402A438260C9F3001533
:103D2000426822EA0B0205FA0AF52A434260BEF114
:103D3000030F1FD0C2688D68B243BD40BEF1020FB1
:103D400042EA0502C26015D16FF00302009D02EA4B
:103D50005A0B04F01C030F2255F80BC002FA03FEA5
:103D6000D1F810902CEA0E0C09FA03F343EA0C0385
:103D700045F80B3002684B68B24303F00306BE40BF
:103D800013F4403F42EA06020260A3D044F2F44337
:103D900040F2084CC5F60203C5F6000C0F251A6860
:103DA00042F002021A601A6802F0020202922AF03D
:103DB0000302029B04F00C0352F80C609D40AE43DA
:103DC000019D05FA03F3334342F80C304FF0B04C39
:103DD000DCF800204B6842EA0806DD0258BF22EA00
:103DE00008069D02CCF8006040F2040CC5F6000CF9
:103DF000DCF8002042EA080658BF22EA08069D03C4
:103E0000CCF80060DCF8802042EA080658BF22EABD
:103E10000806DB03CCF88060DCF87C2042EA080668
:103E200058BF22EA0806CCF87C6053E703B0BDE82F
:103E3000F08F000000000000002A08BF0904816123
:103E400070470000000000004AF6D850C2F200405F
:103E5000006870470000000040F648304AF6D8512C
:103E6000C2F20040C2F2004100780A6810440860C3
:103E7000704700000000000080B5032000F0E0F86B
:103E800001F09AFF44F218414CF62803C5F60201EE
:103E9000C0F600030A68C2F303229A5C096801F0C5
:103EA0000F0102F01F02595CD04040F68812C2F2A6
:103EB000004201F01F0120FA01F1116040F6841167
:103EC000C2F2004108600F2000F00AF800281CBF71
:103ED000012080BD00F058F8002080BD00000000E7
:103EE0000F2845D8B0B58AB004461C2000222146D0
:103EF000002500F075F81C2000F05EF840F64C300C
:103F0000C2F20040046044F2E840C5F602000168D5
:103F100041F001010160006801A900F00100029078
:103F2000029802A801F094FE079C002C18BF0124FF
:103F300001F0E2FE4DF68361A040C4F21B314FF068
:103F4000FF32A0FB010143F26030C2F200404FF0AB
:103F50008043036002EB9141C0E9011540F2E73173
:103F6000C0E9031502F01CFE20B101200AB0B0BD6B
:103F70000120704743F26030C2F2004002F044FE7C
:103F80000AB0B0BD0000000081B044F2F44000224D
:103F9000C5F60200016841F00201016000680F21CE
:103FA00000F0020000906FF00100009B01B000F0F3
:103FB00017B8000000000000002848BF704700F05C
:103FC0001F01012202FA01F14EF20012C0F34A1061
:103FD000CEF2000242F820107047000000000000FE
:103FE00070B54EF60C5C4FF0FF36CEF2000C00F1CF
:103FF000604505F56445DCF80030C3F3022E8EF011
:104000000703042B28BF0423BEF1030406FA03F3BD
:1040100021EA030100F00F0338BF0024043B00280D
:10402000634406FA04F048BF03F10C05A14022EAFC
:10403000000008430001287070BD0000000000006F
:104040004EF60C514FF6FF03CEF200010A681A40FB
:1040500060F30A2242F0806040F0FD700860704713
:1040600001680122C0F80025002280F8F424886944
:1040700040F000608861486D40F08052002042F0BE
:1040800003024A657047000070470000000000000E
:104090000268002051627047B0B5D0F800E0DEF849
:1040A0002400D1B1DEF82830B1F1010C00EB13434C
:1040B0000BD05FFA8CF10EF58070002450F8045F8D
:1040C00001348C4203EB1543F8D30EEB8C0043EA2A
:1040D0000241C0F804110020B0BD40EA0240CEF811
:1040E00028000020B0BD0000D0F8080505F074BE1F
:1040F00001EBC10200EB8202D0F80805926C05F0DA
:10410000D7BD00000000000001EBC10200EB8202FD
:10411000D0F80805D2F8882205F022BE0000000081
:10412000D0F8080505F05CBE10B54FFA81FC0A46D0
:1041300001F00F0E4FF41F71BCF1000F4FEAD212C5
:1041400048BF3C210EEBCE0C90F8BC44431803EB67
:104150008C01012C03F82CE04A7001D1022010BD23
:10416000012280F8BC2402680446104606F094FB45
:10417000002084F8BC0410BDB0B501F00F03426804
:104180009A4201D20120B0BD4AB24FF41F74002AF6
:1041900003EBC30E48BF3C24C909021990F8BC4484
:1041A00002EB8E0C012C4FF000048CF801108CF8FF
:1041B000024002F82E3001D10220B0BD012180F86A
:1041C000BC14016805460846614606F0F1FC20462D
:1041D00085F8BC44B0BD000001F00F0101EBC10146
:1041E00000EB8100D0F89002704700000000000052
:1041F00070B58C464FF41F7449B20CF00F0E0029B5
:1042000048BF3C240EEBCE0604445FEADC1504EB09
:10421000860104F826E04D708A600B7118BFA1F882
:104220001AE0022B01D100224A7190F8BC24012A25
:1042300001D1022070BD012280F8BC24026804462E
:10424000104606F049FA002084F8BC0470BD000056
:1042500080B501F00F0C0CEBCC0100EB810E0021BE
:10426000CEE9A331C3688EF87D120EF51F71CEF82A
:104270008822012B8EF87CC208BFCA61DAB20068BE
:1042800006F0DEFC002080BDB0B501F00F044268EE
:1042900094424FF001022AD84BB24FEAD11C002BB6
:1042A0004FF41F7548BF214648BF3C2590F8BCE439
:1042B00001EBC1030544BEF1010F05EB830105F8D5
:1042C000234081F801C08A7001D10220B0BD80F87E
:1042D000BC240546006806F093FC2CB9297B2868AD
:1042E00005F2C44206F034FC002285F8BC241046D6
:1042F000B0BD00000000000080B501F00F0CD0F848
:104300000CE0BEF1010F0CEBCC0100EB810101F8D8
:104310003CCF4FF0000CC1E90323C1F814C04FF0AB
:1043200001034B7008BFCA615FFA8EF2006806F0A5
:1043300087FC002080BD00002DE9F04F87B00568A4
:104340008246284606F0FCFD10B107B0BDE8F08FAC
:10435000DAF8000006F024FE0028F6D0D5F80808A8
:10436000C0F30D20CAF8FC04DAF8000006F018FECD
:10437000800705D5DAF80000416901F002014161CA
:1043800005F500600590DAF8000006F009FEC006A9
:10439000069536D5DAF80000816921F010018161B7
:1043A0002C6A04F00F0000EBC001C4F343400AEB99
:1043B0008101062801F51F7511D002281AD147F690
:1043C000F07014EA000615D03409E9680698224610
:1043D00006F0EAFDE86800EB1610E86007E00AF274
:1043E000C4410822069806F0DFFDC4F30A14686988
:1043F00020446861DAF80000816941F010018161B0
:10440000069DDAF8000006F0CBFD000340F1F280D3
:10441000DAF8000006F0A0FD002800F0EB80064668
:104420004FF4306800244FF0000B0AF2C4400490AF
:1044300009E000BF0BF1010B760808F1200804F138
:10444000240400F0D780F007F4D05FFA8BF9DAF893
:104450000000494606F09CFD0746C0075FD005EB0B
:10446000080001218160DAF8000008EB0001036C0C
:104470008A68DAF80C50012D25D1150732D495063B
:1044800000F1B08043F20B05C4F65475AB42069DB3
:1044900002D312F400422FD10AEB0402D2F89C326C
:1044A00009696FF3DF41A3EB0101C2F8901294BBDD
:1044B000D2F88C32002B00F09B80D2F8880208449E
:1044C000C2F8880227E043F20B05C4F65475FF35A5
:1044D000AB4217D11004069D0ED490061BD52020A8
:1044E000886018E043F20B00069DC4F654708342C6
:1044F00015D312F4004012D04FF400408860380702
:104500000FD437E0069D34B9DAF88C1219B90021BE
:10451000049A06F01DFB50464946FFF7F5FD3807A3
:1045200028D505EB08000821816043F20B01DAF879
:104530000000C4F65471056C40448D42816805D377
:1045400011F400411CBF4FF400418160504600F05F
:10455000FBFB43F20B00C4F654708542069D09D361
:10456000DAF80C00012805D1DAF800000121049ADC
:1045700006F0EEFAF80607D4B8070BD4B80624D430
:10458000B8047FF557AF27E005EB080010218160E4
:10459000B807F3D56869000604D50599486840F462
:1045A000806048600AEB040090F87F12012906D170
:1045B000002180F87F125046494600F0ADFA05EB25
:1045C000080002218160B806DAD505EB0800202139
:1045D0008160B8047FF52EAF05EB08004FF4005161
:1045E000816027E720208860069D380799D4C1E7BD
:1045F00001218DE7DAF8000006F0D2FC400340F11B
:10460000DC80DAF8000006F09FFC002800F0D5807E
:104610000646069800F510690AF13C0B00270AF2DD
:10462000C4400290CDE903B905E000BF760807F168
:10463000010700F0C280F007F8D0FDB2DAF8000000
:10464000294606F091FC0446C0070BD1200733D45D
:10465000E00637D460063BD4A0073FD42006E5D55A
:1046600055E000BF059B07F00F004FF0010C09EB70
:1046700047120CFA00F0596B21EA00005863C2F8A7
:1046800008C0DAF80C00012810D107EBC7000BEBCB
:104690008000D0E902121144C1603FB9006928B915
:1046A000DAF800000121029A06F052FA5046294633
:1046B000FFF71EFD2007CBD509EB471008218160CD
:1046C000E006C7D509EB4710102181606006C3D50D
:1046D00009EB471040218160A007BFD506983946F5
:1046E00006F0F6FB07EBC7000BEB800010F8031F8A
:1046F000012905D1002101705046294600F008FA31
:1047000009EB47100221816020067FF58FAF07EB90
:10471000C7000BEB8008D8E904108142FFF486AF94
:10472000DAF80040081AD8F80810884238BF014665
:1047300004EB47100331D0F8182992B2B2EB910F75
:1047400028D300F5106900BFD8E90410814221D9AF
:10475000081A9AF80C20D8E902B1584538BF8346A8
:10476000009220461FFA8BF32A4606F02DFDD8F85A
:104770000C00D8F814105844C8F80C0001EB0B00DA
:10478000C8F814000BF10300D9F8181089B2B1EB86
:10479000900FD9D2D8E904018842DDE903B93FF688
:1047A00045AF07F00F00012101FA00F0D4F83418EA
:1047B00021EA0000C4F8340838E7DAF8000006F00F
:1047C000EFFBB0F1FF3F069C19DC0599486820F02B
:1047D000010048609AF8F404012807D100208AF803
:1047E000F40400215046FFF74FFC02E0504600F071
:1047F0008BFADAF80000416901F000414161DAF812
:10480000000006F0CDFB00050CD505988068C007B8
:1048100002D0504600F0C0FADAF80000416901F415
:1048200000614161DAF8000006F0BAFB000117D51B
:10483000DAF80000416901F0006141619AF8F4146E
:1048400019B1504600F0A8FA0AE001218AF8F414E0
:10485000406DC0F38300CAF8F8045046FFF714FC1B
:10486000DAF8000006F09CFBC00452D505994868B0
:1048700020F001004860DAF80000102106F028FB63
:10488000DAF80400D8B104F510614FF67F3200BFAA
:104890008A6001380B6823F400130B60C1F808220A
:1048A000D1F8003223F40013C1F80032D1F80032FD
:1048B00043F00063C1F8003201F12001E8D1059E08
:1048C00084210B224423F06940F00110F061DAF8F2
:1048D0003000002808BF142104BF42F22B0210232D
:1048E000DAF8000077583A437250F1580AF2C4429D
:1048F00041F00B01F150316821F4FE6131609AF80A
:104900000C1006F025F9DAF80000416901F4805135
:104910004161DAF8000006F043FB80041CD5DAF8A8
:10492000000005F01DFFDAF8000006F0F9FACAF8F9
:104930001000DAF8004001F0B7F99AF810200146AB
:10494000204606F0B9FB504600F0C6F9DAF8000040
:10495000416901F400514161DAF8000006F020FBE2
:10496000000708D5504600F0D3F9DAF80000416995
:1049700001F008014161DAF8000006F011FB0006C1
:104980002AD50699886920F080008861DAF8040049
:10499000022821D30AF51F740AF13C05012640F2D2
:1049A000A32706E00136DAF80400864207F124075F
:1049B00012D21AF807000128F4D106F00F003206CF
:1049C00000EBC00005EB800158BF04EB8001DAF872
:1049D000000006F02DFAE5E7DAF8000006F0E0FA4C
:1049E000C00232D5DAF80400022828D306980AF16A
:1049F0003C0400F512650AF163064FF00108012737
:104A000009E000BF0137DAF80400874205F120050C
:104A100006F1240613D2286871780129F2D1B0F189
:104A2000FF3FEFDC07F00F0086F8008000EBC000CE
:104A300004EB8001DAF8000006F0FAF9E2E7DAF8B0
:104A40000000416901F480114161DAF8000006F0CC
:104A5000A7FA800235D5DAF80410069D02292AD378
:104A600005F5326001390AF52972012306E000BF1D
:104A7000013900F1200002F124021CD007681678E9
:104A8000012EF5D1B7F1FF3FF2DCDAF8FC6407F450
:104A9000803706F00106B742EAD102F8013CAF695F
:104AA00047F08007AF616F693F06E1D40599486818
:104AB00040F400704860DAF80000416901F4001128
:104AC0004161DAF8000006F06BFA400008D5504664
:104AD000FFF70AFBDAF80000416901F0804141610B
:104AE000DAF8000006F05CFA40077FF52EACDAF841
:104AF00000004468600702D55046FFF711FBDAF862
:104B0000000041682143416007B0BDE8F08F00001C
:104B1000D0F8080505F0CCB9D0F8080505F0E0B9E3
:104B2000002800F08B802DE9F04F8BB0044605681B
:104B300090F8BD0428B9002084F8BC04204600F099
:104B400093F8032084F8BD04E86BC00501D400206D
:104B5000E060206805F0F4FF20680A9004F1040E7C
:104B600004F11C0AD4E90C509EE80E589AE8C007DC
:104B7000CDE9085003A88DE8005880E8C0070A98DE
:104B800005F0FEFD002852D120680021002506F026
:104B90004BFA616869B304F13C004FF0010C00224C
:104BA000002300BF02EBC20200EB820700F82230B4
:104BB000DAB201337A83DAB287F801C091423D71EB
:104BC000BD60FD603D61EDD804F51F700022002539
:104BD000002300BF05EBC50700F827300133DDB225
:104BE00000EB8706A94272703271B260F2603261E6
:104BF000F0D804F1140E04F1240A2268A0680A9087
:104C0000D4E903379EE840589AE80007D4E90C50ED
:104C1000CDE9085002A8CDE9007680E8005805A843
:104C200080E8000710460A9A05F096FE40B102207F
:104C300084F8BD0401200BB0BDE8F08F012070475F
:104C4000002084F83800012084F8BD04606A01283F
:104C500002D12046FFF704FA206805F06DFE00201F
:104C60000BB0BDE8F08F000010B5B0B0044602A84C
:104C7000B821FBF77FFB00212068C4F204018842C1
:104C800001D030B010BD002003904FF4802002907E
:104C90004FF44010239002A800F0FEF908B1FCF791
:104CA00093FB00F0B9F844F2D8400022C5F60200A8
:104CB000016841F0007101600068052100F000709A
:104CC000019001984D20FFF78BF94D20FFF774F903
:104CD00030B010BD0000000010B50446006928B1D6
:104CE000022801D0FCF770FB012100E00021D4F87C
:104CF000080505F081F9D4F80805BDE8104005F075
:104D00002FB9000000000000D0F8080505F058B9E0
:104D1000D0F8080505F060B990F8BC24012A01D14B
:104D20000220704710B5012280F8BC2480F83810AA
:104D300004460268104606F0ABF9002084F8BC0473
:104D400010BD000000000000D0F8082500F2C441AA
:104D5000104605F069B9000010B5044690F8BC048F
:104D6000012801D1022010BD2068012184F8BC1463
:104D7000C16BC90506D4A16A012903D1816B41F435
:104D80008031816306F09CF8206805F0C5FD0020A5
:104D900084F8BC0410BD000010B50446D0F8080526
:104DA00005F09AF92068D0F8001E41F00101C0F822
:104DB000001E206A002808BF10BD4EF61050CEF22B
:104DC0000000016841F00601016010BD0000000014
:104DD000B0B544F60C05C5F60205296849072968EF
:104DE00005D401F00701081A18BF0120B0BD21F059
:104DF000070108432860FFF727F8044655F8080C18
:104E0000800407D4FFF720F8001BB0F57A7FF5D9AE
:104E10000120B0BD0020B0BD44F60C00C5F6020074
:104E2000016841F0807101607047000000000000DF
:104E300080B500F039FF44F220414CF62802C5F657
:104E40000201C0F600020968C1F30211515C01F0D1
:104E50001F01C84080BD000080B544F2384EC5F641
:104E6000020E5EF8103C5EF8101C5EF80C2CC1F3CC
:104E7000053CDEF80410BCF1000F18D0C9089FED06
:104E80003A1AD20601EAE27103F003026FF35F31CE
:104E900000EE101AB8EE400ADFE802F0021F0E1F03
:104EA0005EF8381C89060AD49FED311A15E00021FE
:104EB0008160C0E9001180BD9FED2C1A0DE05EF805
:104EC000381C49F20002C0F2D032C1F3C10122FA0B
:104ED00001F101EE101AB8EE411ADEF800109FED54
:104EE000253A6FF35F2102EE101ADEF80010C1F3CD
:104EF0004621B8EE422A013100EE032A00EE10CA24
:104F0000B7EE003AB8EE400A81EE000A32EE031A1C
:104F100020EE010A01EE101AB8EE411A80EE011AD5
:104F2000BCEEC11A80ED001ADEF80010C1F3064194
:104F3000013101EE101AB8EE411A80EE011ABCEEF2
:104F4000C11A80ED011ADEF80010C1F306610131CB
:104F500001EE101AB8EE411A80EE010ABCEEC00A4A
:104F600010EE101A816080BD0024744A001BB74BFC
:104F70000024744C0000003980B544F2404EC5F660
:104F8000020E5EF8183C5EF8181C5EF8142CC1F393
:104F9000055CDEF80410BCF1000F18D0C9089FEDC5
:104FA0003A1AD20501EAE27103F003026FF35F31AE
:104FB00000EE101AB8EE400ADFE802F0021F0E1FE2
:104FC0005EF8401C89060AD49FED311A15E00021D5
:104FD0008160C0E9001180BD9FED2C1A0DE05EF8E4
:104FE000401C49F20002C0F2D032C1F3C10122FAE2
:104FF00001F101EE101AB8EE411ADEF800109FED33
:10500000253A6FF35F2102EE101ADEF80010C1F3AB
:105010004621B8EE422A013100EE032A00EE10CA02
:10502000B7EE003AB8EE400A81EE000A32EE031AFB
:1050300020EE010A01EE101AB8EE411A80EE011AB4
:10504000BCEEC11A80ED001ADEF80010C1F3064173
:10505000013101EE101AB8EE411A80EE011ABCEED1
:10506000C11A80ED011ADEF80010C1F306610131AA
:1050700001EE101AB8EE411A80EE010ABCEEC00A29
:1050800010EE101A816080BD0024744A001BB74BDB
:105090000024744C000000392DE9F04381B004462F
:1050A000C07844F22C490007C5F6020901D4002556
:1050B00020E0606E4FEA3050032835D80025DFE845
:1050C00000F0020A1C22D9F8000040F40030C9F8B0
:1050D0000000D5B906E004F10800022103F0B4FA9B
:1050E000054695B9D9F82400616E20F440100843B4
:1050F000C9F824004FF0000808E004F1280002215C
:1051000003F032FB0546002DECD0A8466078C007BE
:105110001ED0A06D04283ED8DFE800F02B340A032F
:1051200003006DB1A84613E00125002DEDD1D9E7AC
:1051300004F12800002103F017FB0546002DF1D1F2
:10514000D9F82400A16D20F007000843C9F8240015
:105150006078400747D5D4F8A4004FEA705005287E
:105160002CD8DFE800F01C2F2503030395B3A846D5
:1051700039E0D9F8000040F40030C9F80000002DF3
:10518000D0D1DDE704F10800002103F05DFA054607
:10519000002DC7D1D4E70125002DC3D1D0E7D9F820
:1051A000000040F40030C9F80000002DDFD111E00C
:1051B00004F12800002103F0D7FA08E00125002DB2
:1051C000D5D107E004F10800002103F03DFA0546BF
:1051D000002DCCD1D9F82C00D4F8A41020F4600014
:1051E0000843C9F82C006078000731D5D4F8A8002E
:1051F0004FEA3060052816D8DFE800F006190F03E3
:105200000303E5B1A84623E0D9F8000040F40030DC
:10521000C9F80000002DF5D111E004F128000021AB
:1052200003F0A2FA08E00125002DEBD107E004F11C
:105230000800002103F008FA0546002DE2D1D9F854
:105240002C00D4F8A81020F0E0600843C9F82C0026
:10525000E07880071BD5E06C4FEA301003282FD888
:10526000DFE800F0020525024DB1A8460FE0D9F8AD
:10527000000040F40030C9F80000002DF5D1D9F845
:105280002000E16C20F030000843C9F8200060786D
:10529000C00629D5E06D4FEA3030042849D8DFE850
:1052A00000F0363F13030300B5B1A8461CE004F13B
:1052B0000800022103F0C8F90546002DD5D1DEE72C
:1052C0000125002DD1D1DAE704F12800002103F0F7
:1052D0004BFA0546002DE8D1D9F82400E16D20F401
:1052E000E0400843C9F824006078800639D5206E74
:1052F0004FEA3040052829D8DFE800F025031F25B4
:10530000252504F10800012103F09EF91AE0D9F8DF
:10531000000040F40030C9F80000002DC5D1DBE7E3
:1053200004F10800002103F08FF90546002DBCD1DF
:10533000D2E70125002DB8D1CEE704F128000121E4
:1053400003F012FA054625B1A8460AE00125002D12
:10535000FAD1D9F82400216E20F4E0200843C9F8DE
:1053600024006078400625D5D4F8AC004FEA3070B0
:10537000052813D8DFE800F00F03090F0F0F04F121
:105380000800012103F060F904E004F12800012184
:1053900003F0EAF9054625B1A8460BE00125002DEA
:1053A000FAD1D9F82C00D4F8AC1020F0E040084332
:1053B000C9F82C006078000620D5E06ED8B1B0F1B5
:1053C000005F12D0B0F1805F26D1D9F8000040F420
:1053D0000030C9F8000085B9D9F82400E16E20F04A
:1053E00040500843C9F8240008E004F108000121F6
:1053F00003F02AF90546002DEED0A846E078C00754
:105400001ED0A06C032800F28080DFE800F00209C3
:1054100074026DB1A84613E00125002DEDD1DBE744
:10542000D9F8000040F40030C9F80000002DF1D197
:10543000D9F82000A16C20F003000843C9F820002F
:10544000A078400644D5D9F8D40340F48070C9F858
:10545000D403FEF7F9FC0646D9F8D403C00505D4F9
:10546000FEF7F2FC801B6528F6D303257DBBD9F837
:105470004410D4F8B000414011F4407F11D0D9F865
:105480004410D9F8442042F48032C9F84420D9F8B5
:10549000442021F4407122F48032C9F84420C9F834
:1054A0004410B0F5807F0FD1FEF7CEFC064641F2E6
:1054B000893700BFD9F84400800705D4FEF7C4FC43
:1054C000801BB842F6D30325002D00F07A82A8464F
:1054D0002078C00732D0A06F4FEAF000052822D80C
:1054E000DFE800F01E03181E1E1E04F10800012153
:1054F00003F0AAF813E004F10800022103F0A4F875
:105500000546002D7FF486AF92E70125002D7FF43C
:1055100081AF8DE704F12800012103F025F905464C
:1055200025B1A8460AE00125002DFAD1D9F82800B6
:10553000A16F20F038000843C9F8280020788007C0
:1055400021D5606F052813D8DFE800F00F03090F9D
:105550000F0F04F10800012103F076F804E004F1D4
:105560002800012103F000F9054625B1A8460AE00C
:105570000125002DFAD1D9F82800616F20F007002D
:105580000843C9F828002078400723D5D4F89000B4
:10559000052813D8DFE800F00F03090F0F0F04F1FF
:1055A0000800012103F050F804E004F12800012173
:1055B00003F0DAF8054625B1A8460BE00125002DD9
:1055C000FAD1D9F82C00D4F8901020F00700084345
:1055D000C9F82C002078800625D5D4F88C004FEA35
:1055E0003070052813D8DFE800F00F03090F0F0F04
:1055F00004F10800002103F027F804E004F128007A
:10560000022103F0B1F8054625B1A8460BE00125BB
:10561000002DFAD1D9F82800D4F88C1020F0E04001
:105620000843C9F828002078400625D5D4F898000A
:105630004FEAB020052813D8DFE800F00F03090F68
:105640000F0F04F10800002102F0FEFF04E004F156
:105650002800022103F088F8054625B1A8460BE092
:105660000125002DFAD1D9F82C00D4F8981020F497
:10567000E0500843C9F82C002078000625D5D4F85E
:105680009C004FEA7030052813D8DFE800F00F03C4
:10569000090F0F0F04F10800002102F0D5FF04E00C
:1056A00004F12800022103F05FF8054625B1A84661
:1056B0000BE00125002DFAD1D9F82C00D4F89C106C
:1056C00020F460400843C9F82C002078000716D564
:1056D000D4F88000B0F5805F08D104F128000221E1
:1056E00003F042F8002818BF4FF00108D9F828004D
:1056F000D4F8801020F440500843C9F828002078DE
:10570000C00616D5D4F89400B0F5807F08D104F116
:105710002800022103F028F8002818BF4FF00108E4
:10572000D9F82C00D4F8941020F440700843C9F83C
:105730002C00A078000724D5D4F8A000B0F5003FD5
:105740001CD0B0F5803F13D0002840F0E58004F174
:105750000800002102F078FF05468DB9D9F82C0029
:10576000D4F8A01020F440300843C9F82C0008E019
:1057700004F12800022102F0F7FF0546002DEDD0CC
:10578000A846A078400725D5D4F88400B0F5401F7E
:105790001DD0B0F5001F14D0B0F5801F40F0C180BF
:1057A000D9F8000040F40030C9F800008DB9D9F8EC
:1057B0002800D4F8841020F440100843C9F82800C9
:1057C00008E004F12800012102F0CEFF0546002D7B
:1057D000EDD0A846A078C0071FD0206DB0F5803F5F
:1057E0000BD0002840F09380D9F8000040F400303E
:1057F000C9F800004DB1A8460FE004F108000221ED
:1058000002F022FF0546002DF5D1D9F82000216DC8
:1058100020F480300843C9F82000E078800608D5DD
:1058200004F12800022102F09FFF002818BF4FF06A
:105830000108D4E900108A0340F18280E26F6FF022
:10584000010303EB3223022B0AD34FEA32233BB18D
:10585000012B6BD1D9F8003043F40033C9F8003084
:10586000002D66D0CA026ED48A0277D44A0000F1B5
:105870008080CA0F40F08D80090200F19580C0073A
:1058800007D004F10800002102F0DEFE002818BF56
:1058900005462079800707D504F10800012102F0B0
:1058A000D3FE002818BF05462079400707D504F12C
:1058B0000800022102F0C8FE002818BF0546207922
:1058C000000707D504F12800002102F04DFF002851
:1058D00018BF05462079C00607D504F1280001212C
:1058E00002F042FF002818BF05462079800607D540
:1058F00004F12800022102F037FF002818BF01251B
:10590000002D18BF0125284601B0BDE8F083012510
:10591000002D7FF470AF78E70125002D7FF430AFC4
:105920001CE70125002D7FF454AF40E70125002D31
:1059300098D1D9F8283023F440731A43C9F82820A5
:105940004546CA0290D5D9F82420236F22F00042A0
:105950001A43C9F824208A027FF588AFD9F8242099
:10596000A36E22F080721A43C9F824204A007FF502
:1059700080AF59F81C2C22F4004249F81C2CD4F8B2
:10598000B42059F81C3C1A4349F81C2CCA0F3FF4A8
:1059900073AFD9F82020636D22F040521A43C9F842
:1059A000202009027FF56BAFD9F82810D4F88820A1
:1059B00021F440011143C9F82810C0077FF461AFFA
:1059C00067E74FF6CF73D4F8B00059F81C2CC0F23B
:1059D000FF0300F4407122F47C5203EA1013B1F586
:1059E000407F08BF1A436FF31F3049F81C2CD9F8C9
:1059F00044100843C9F844006AE5000000000000B4
:105A00002DE9F04381B0002800F0F88042F2000850
:105A10000446C5F200288946D8F8000000F00F00BF
:105A200081420ED9D8F8000020F00F0040EA0900AA
:105A3000C8F80000D8F8000000F00F00484540F01A
:105A4000DD80206844F218474107C5F602070AD5F1
:105A500021693A6802F07002914204D93A6822F052
:105A600070021143396001070AD561697A6802F052
:105A70007002914204D97A6822F070021143796071
:105A8000C1060AD5A1697A6802F4E062914204D99C
:105A90007A6822F4E0621143796081060AD5E169EF
:105AA000BA6802F07002914204D9BA6822F070021A
:105AB0001143B96081070AD5E1683A6802F00F0224
:105AC000914204D93A6822F00F0211433960C007AD
:105AD00040F08080206881070AD5E1683A6802F0CA
:105AE0000F02914204D23A6822F00F02114339604A
:105AF000D8F8001001F00F0189450DD2D8F8001038
:105B000021F00F0141EA0901C8F80010D8F800108F
:105B100001F00F01494571D141070AD521693A6861
:105B200002F07002914204D23A6822F070021143EE
:105B3000396001070AD561697A6802F07002914202
:105B400004D27A6822F0700211437960C1060AD546
:105B5000A1697A6802F4E062914204D27A6822F480
:105B6000E0621143796080060AD5E069B96801F006
:105B70007001884204D2B96821F070010843B8600E
:105B800000F01AF939684CF62802C0F60002C1F399
:105B90000321515C3B6803F00F0301F01F01D25C4D
:105BA00020FA01F102F01F0040F68812C2F2004212
:105BB00021FA00F0106040F64C3040F68412C2F238
:105BC0000040C2F200420068116001B0BDE8F0433D
:105BD000FEF786B9386820F47061D4E901021143F8
:105BE0003960012857F8181C0CD0032804D002286B
:105BF00028D1890302D507E0890105D4012001B02D
:105C0000BDE8F083C905F9D557F8081C21F0070154
:105C1000084347F8080CFEF717F9064641F28835A5
:105C200057F8080C616800F03800B0EBC10F3FF482
:105C300051AFFEF709F9801BA842F1D9032001B04A
:105C4000BDE8F0834907D9D5DEE700000000000079
:105C50003F22026044F21842C5F6020252F8083CA4
:105C600003F007034360136803F4706383601368F1
:105C700003F00F03C360136803F0700303615368FC
:105C800003F070034361536803F4E0638361926837
:105C900002F07002C26142F20000C5F2002000680A
:105CA00000F00F000860704780B500F085F844F2FE
:105CB00018414CF62803C5F60201C0F600030A6835
:105CC000C2F303229A5C096801F00F0102F01F027F
:105CD000595C20FA02F201F01F0040F68811C2F26E
:105CE000004122FA00F0086040F68411C2F200413F
:105CF0000A6080BD0000000080B500F05DF844F24D
:105D0000184C4CF62803C5F6020CC0F60003DCF86C
:105D10000020C2F303229A5CDCF8001001F00F01AE
:105D200002F01F02595CD04040F68812C2F20042D5
:105D300001F01F0120FA01F1116040F68412C2F255
:105D400000421060DCF80400C0F30210185C00F0A0
:105D50001F0021FA00F080BD80B500F02DF844F25C
:105D6000184C4CF62803C5F6020CC0F60003DCF80C
:105D70000020C2F303229A5CDCF8001001F00F014E
:105D800002F01F02595CD04040F68812C2F2004275
:105D900001F01F0120FA01F1116040F68412C2F2F5
:105DA00000421060DCF80400C0F30220185C00F030
:105DB0001F0021FA00F080BD44F20041C5F6020147
:105DC0000869C0F3C200032814D002280DD088BB94
:105DD0000868800649F20000C0F2D03058BF704712
:105DE0000968C1F3C101C840704743F20060C0F2C6
:105DF0006E1070478B6A886AD1F82CC04A6BC0F36A
:105E00000510E0B1C2F3CC0203F0030300EE102A48
:105E10009FED291AB8EE400A20EE010A9FED271ADD
:105E2000DFE803F0021F0F1F0A6892060CD49FEDF3
:105E3000251A16E040F60010C0F23D007047002021
:105E400070479FED1F1A0CE00A6849F20003C0F288
:105E5000D033C2F3C10223FA02F201EE102AB8EEE7
:105E6000411A0A6B9FED183A6FF35F2202EE102A77
:105E70005FEACC7203FE000A03EE100A086BB8EE6C
:105E8000422AC0F34620B8EE433A013030EE020A0F
:105E9000B7EE002A81EE031A30EE020A21EE000A64
:105EA00001EE100AB8EE411A80EE010ABCEEC00AFB
:105EB00010EE100A704700BF000000390024744A39
:105EC000001BB74B0024744C0000000000000000D1
:105ED0002DE9F04381B0002800F0978180460078DA
:105EE00044F20049C007C5F6020954D0D9F81000A1
:105EF00000F03801D9F82800102905D018290CD154
:105F000000F00300022808D1D9F8000080033ED534
:105F1000D8F80400D8BB01272CE0D8F80450D9F8F1
:105F200000002DB1B5F5A02F0BD0B5F5803F0ED0F8
:105F300020F48030C9F80000D9F8000020F4802057
:105F400007E040F48020C9F80000D9F8000040F4D0
:105F50008030C9F80000FDF777FF002D054612D00C
:105F6000D9F80000800312D4FDF76EFF401B6428AF
:105F7000F6D90327002070B98CE100BFFDF764FF5C
:105F8000401B6428F5D8D9F800008003F6D401201E
:105F9000002800F07F8198F8000080076AD5D9F8C2
:105FA000100010F03801D9F828001DD0182908BFBA
:105FB0005FEA807018D0D8F80C00D9F800100028DB
:105FC00040D021F019010843C9F80000FDF73CFF5B
:105FD000054600BFD9F80000400727D4FDF734FF7D
:105FE000401B0228F6D91EE0D9F80000400704D56E
:105FF000D8F80C00002800F0AC81D9F80000D8F8DF
:106000000C1020F019000843C9F80000FDF71CFF30
:10601000054600BFD9F80000400707D4FDF714FF7C
:10602000401B0228F6D90327002420E0D9F80400F9
:10603000D8F8101020F0FE40012440EA0160C9F8B1
:10604000040014E021F00100C9F80000FDF7FCFE97
:1060500005460126D9F8000010F0040086EA9004F5
:1060600005D0FDF7F1FE401B0228F3D90327002CD1
:1060700000F0108198F80000C00656D5D9F810003D
:1060800000F03801D9F82800082905D0182917D1BF
:1060900000F00300012813D1D9F80000C00503D592
:1060A000D8F81C0080283BD1D9F80C00D8F8201073
:1060B00020F07C50012440EA0160C9F80C0031E076
:1060C000D8F81C000028D9F8000012D040F0800059
:1060D000C9F80000FDF7B8FE054600BFD9F800007A
:1060E000C005E1D4FDF7B0FE401B0228F6D9032716
:1060F00017E020F08000C9F80000FDF7A5FE054676
:10610000012600BFD9F8000010F4807086EA102440
:1061100008D0FDF799FE401B0228F3D9032701E0C0
:1061200001270024002C00F0B58098F8000000073B
:106130006DD498F80000800600F1818098F8000086
:10614000400700F19480D8F82440002C5BD0D9F8A7
:10615000100000F03800182840F0D980012CD9F840
:106160002810D9F8300050D001F00302D8F82830B8
:106170009A424AD1C1F30511D8F82C20914244D15A
:106180000146D8F830206FF35F21013A91423CD1AB
:10619000C0F34622D8F8341001398A4235D1C0F311
:1061A0000642D8F8381001398A422ED1C0F3066071
:1061B000D8F83C100139884227D1D9F83400D8F8F2
:1061C0004810C0F3CC0081421DD0D9F82C0020F03B
:1061D0000100C9F82C00FDF737FE0546FDF734FE37
:1061E000A842FBD0D9F834004FF6F871D8F848200F
:1061F000884340EAC200C9F83400D9F82C0040F0C6
:106200000100C9F82C00002744E0012742E0D8F83B
:1062100014000028D9F8740040D040F00100C9F8FB
:106220007400FDF711FE0546D9F8740080073FF5AC
:1062300080AFFDF709FE401B0228F5D929E0D8F808
:1062400018000028D9F800004DD040F48050C9F85B
:106250000000FDF7F9FD0546D9F8000080043FF580
:106260006DAFFDF7F1FD401B0228F5D911E0D9F81B
:10627000000440F48070C9F80004FDF7E5FD054610
:10628000D9F80004C0051CD4FDF7DEFD401B6428CE
:10629000F6D90327F8B201B0BDE8F08320F0010081
:1062A000C9F87400FDF7D0FD05460327D9F874003E
:1062B00080077FF53EAFFDF7C7FD401B0228F5D9EB
:1062C000E8E7D8F80850D9F870001DB1052D42D084
:1062D000012D46D020F00100C9F87000D9F87000F7
:1062E00020F004003FE020F48050C9F80000FDF7E2
:1062F000ABFD0546032700BFD9F8000080047FF5F9
:106300001DAFFDF7A1FD401B0228F5D9C2E7D9F862
:10631000000020F08070C9F80000FDF795FD022C08
:1063200005464FF0030709D1D9F8000080013CD59C
:10633000FDF78AFD401B0228F6D9ABE7D9F800002B
:1063400080017FF560AFFDF77FFD401B0228F5D986
:10635000A0E7012768E640F00400C9F87000D9F80A
:10636000700040F00100C9F87000FDF76DFD002DD0
:10637000054641F288344FF0030711D0D9F8700078
:1063800080073FF5E0AEFDF75FFD401BA042F5D969
:1063900080E700BFFDF758FD401BA0423FF67AAFF3
:1063A000D9F870008007F5D4CDE608F12807D9F8B0
:1063B000280040F2F33188438ECF0843591E40EA4B
:1063C00002104FF47E426FF35F21C9F8280002EB00
:1063D00047204FF4FE0280B2D8F83C300844D8F889
:1063E000381002EB01414FF0FE4201F4FE0102EBD6
:1063F0000362084402F0FE410844C9F83000D9F8AD
:106400002C004FF6F87120F00100C9F82C00D9F8E3
:106410003400D8F84820884340EAC200C9F8340064
:10642000D9F82C00D8F8401020F00C000843C9F827
:106430002C00D9F82C00D8F8441020F002000843B2
:10644000C9F82C00D9F82C0040F48030C9F82C0091
:10645000D9F82C0040F40030C9F82C00D9F82C00F1
:1064600040F48020C9F82C00D9F82C0040F001003D
:10647000C9F82C00D9F8000040F08070C9F800007D
:10648000FDF7E2FC04460327D9F8000080013FF540
:10649000BAAEFDF7D9FC001B0228F5D9FAE60000D8
:1064A000F0B581B0C8B10446D0F888001E46154644
:1064B0000F4628B9002084F88400204601F084FAB1
:1064C0002420C4F888002068016821F001010160DF
:1064D000204602F031FD012802D1012001B0F0BDBB
:1064E000A06A10B1204602F04FFC2068816841F498
:1064F00080418160816821F4004139438160310429
:10650000026841EA45516FF3194211430160016885
:1065100041F001010160204601B0BDE8F04002F009
:10652000A3BC000000000000704700000000000055
:106530002DE9F0410446066830697169B76894F83E
:1065400081800A050BD510F0080208D0B06940F42C
:106550000060B0612046BDE8F04100F095BA01EA64
:10656000000505F06400042807D1616F20468847C4
:10657000216F20468847012000E0002005F04501FA
:10658000012903D1216F20468847012005F026010B
:10659000022903D1616F20468847012008B1BDE878
:1065A000F081280753D415F4587FF8D0680600F11D
:1065B0009F80A80500F1AA80E80500F1B580A80633
:1065C0000AD52068D4F8841041F08001C4F8841002
:1065D000816941F020018161D4F884000028DED077
:1065E000206807F4404240F26B33B2F5404F016837
:1065F00021F001010160016921EA0301016140F01C
:10660000A280816848F6212521F440418160E06F35
:10661000C0F6000548B10565FBF74EFA28B1D4F87D
:10662000840040F04000C4F88400A06F0028B6D079
:106630000565FBF741FA002808BFBDE8F081D4F8F2
:10664000840040F04000C4F88400BDE8F081206878
:10665000816941F008018161816941F01001816126
:10666000816941F400618161016921F008010161E2
:10667000806810F4404F24D0204602F06DF90120CC
:1066800084F88100D4F8840000285FD1B8F1030FAA
:1066900066D0B8F1040F5ED0B8F1050F7FF47FAF7C
:1066A0002046BDE8F04100F0F7B900BF2068616EF8
:1066B000006B41F8040B6166B4F86A000138A4F875
:1066C0006A00B4F86A000028D6D0E0681028EDD23D
:1066D000082804D3308E616E21F8020BEBE72068A6
:1066E00090F83000616E0870606E01306066E3E71C
:1066F0002068D4F8841041F00401C4F88410816942
:1067000041F040018161A8057FF556AF2068D4F8BB
:10671000841041F00101C4F88410816941F40071D2
:106720008161E8057FF54BAF2068D4F8841041F013
:106730000801C4F88410816941F480718161A80660
:106740003FF53FAF48E7012084F881002046BDE8CF
:10675000F041FFF7E9BE2046BDE8F04100F090B9F6
:106760002046BDE8F04100F093B9000000000000B1
:10677000002863D02DE9F04743F600040168C4F215
:10678000000443F2000E43F6004CA142C4F2010E95
:10679000C4F2000C4FF00002826204D0614518BFC1
:1067A000714540F0B480C26B0125C368A14203F17A
:1067B000080305EB52124FEAD30303FB02F218BFA2
:1067C000714540F09280102A00F2A58090F8811067
:1067D00031B9002180F88010044600F0A1F820466D
:1067E000022180F881100168D0F818E00A68BEF133
:1067F000806F22F001020A608B680FD144682CB1CF
:10680000B4F5800F0AD1826B22B13CB9826BB2F130
:10681000805F03D10A6842F480520A60D0F8049085
:1068200003F4F8135FEA492C0AD5C268072A07D394
:106830000A68056D22F480722A4304E00120704743
:106840000A6822F480720A60B9F1000FC269856A91
:1068500042EA0302C36B42EA050242EA0302D0E9BC
:106860000285D0E9046A42EA05028A60426B876BBE
:10687000456A42EA0502056A42EA070242EA06025E
:1068800042EA0A02D0E9124342EA050242EA03025E
:10689000836D42EA080242EA040242EA030242EA43
:1068A0000E0242EA0902CA6009D18A68012363F331
:1068B000CC228A608A68022363F34A228A600A6DC6
:1068C000BCF1000F22F001020A6505D5CA68436DCC
:1068D00022F000421A43CA600021C0F8841001214E
:1068E00080F881100020BDE8F087614518BF082AB4
:1068F00011D8A14218BF71453FF465AF61457FF4DF
:1069000065AF102A84BF0120BDE8F0875EE7C2684A
:106910000F2A7FF648AF0120BDE8F0870000000095
:106920002DE9F04FB5B0044602A8B8210025CDE905
:106930003355CDE931553095F9F71CFD43F600018B
:106940002068C4F20001884202D035B0BDE8F08F63
:106950004FF48050029002A803951995FEF79CFB16
:1069600008B1FAF731FD44F2E04040F20045C5F6C7
:106970000200C5F6020530AE40F210088168C4F28C
:10698000020841F48041816081684FF0020901F4FE
:10699000804101910199016841F0040101600168A1
:1069A000002701F0040101910199016841F0020101
:1069B00001600068314600F0020001900198062055
:1069C000309005F58060CDF8C4904FF0030A3297FF
:1069D0004FF0050BCDF8CCA0CDF8D0B0FDF758F9AD
:1069E0004FF400503146CDE9300932A880E8800CE0
:1069F0002846FDF74DF942F694152720C2F20045CE
:106A00004FF48066C5E901074FF44030C5F80080B7
:106A1000C5E908072846EF60C5E90467C5E90677B8
:106A2000FBF7D6FE08B1FAF7CFFCE56708F11800CE
:106A3000AC6342F60C25C2F200452860282068604D
:106A40004020C5E902074FF40030C5E90807284691
:106A5000C5E90467C5E90677FBF7BAFE08B1FAF79E
:106A6000B3FC242005210022A567AC63FDF7B8FA2A
:106A70002420FDF7A1FA35B0BDE8F08F000000003A
:106A80007047000000000000704700000000000098
:106A90007047000000000000704700000000000088
:106AA0007047000000000000704700000000000078
:106AB000704700000000000090F83C20012A4FF0D1
:106AC000020269D0B0B5012380F83C3080F83D2047
:106AD00040F2004C0268C4F2010C42F4806363454A
:106AE0005368D2F808E002BF23F470034C682343D4
:106AF0004DF6FF740D68C4F2000423F07003A24247
:106B000043EA0503536014DC40F2FF73C4F2000350
:106B10009A4222DD40F60003C4F200039A422ED0CE
:106B200040F60043C4F200039A4228D041F6000325
:106B300021E04FF6FF73C4F200039A4213DD0023F5
:106B4000C4F201039A421AD044F20003C4F20103D2
:106B50009A4214D0624512D016E0B2F1804F0ED0A6
:106B600040F2004307E04EF20003C4F200039A42F1
:106B700005D04EF20043C4F200039A4204D12EF035
:106B800080038968194391600022012180F83D103B
:106B900080F83C20BDE8B04010467047000000007F
:106BA00060B310B5044690F83D0028B9002084F881
:106BB0003C00204600F024F8022084F83D002068C4
:106BC000211D02F02DF8012084F8480084F83E00D1
:106BD00084F83F0084F8400084F8410084F84200C3
:106BE00084F8430084F8440084F8450084F84600A3
:106BF00084F8470084F83D00002010BD0120704754
:106C0000704700000000000090F83D10012922D1DB
:106C1000022180F83D1001684DF6FF70C4F20000BB
:106C20008142C86840F00100C86016DC40F2FF7085
:106C3000C4F20000814228DD40F60000C4F20000EA
:106C4000814234D040F60040C4F2000081422ED090
:106C500041F6000027E0012070474FF6FF70C4F2B4
:106C60000000814217DD0020C4F2010081421ED0E5
:106C700044F20000C4F20100814218D040F200400A
:106C8000C4F20100814212D01DE0B1F1804F0ED05C
:106C900040F2004007E04EF20000C4F200008142E2
:106CA00005D04EF20040C4F2000081420BD1072211
:106CB0008868C0F2010202400020062A18BFB2F51F
:106CC000803F00D17047086840F001000860002054
:106CD0007047000000000000704700000000000046
:106CE00010B5044600680169890744BFC1685FEABE
:106CF000817147D420680169490744BFC1685FEAD0
:106D000041714BD420680169090744BFC1685FEA3B
:106D1000017150D420680169C90644BFC1685FEAA7
:106D2000C16154D420680169C9071CBFC1685FEA0A
:106D3000C17159D120680169090644BFC1685FEA81
:106D4000016158D420680169C90544BFC1685FEA80
:106D5000016157D420680169490644BFC1685FEAF0
:106D6000416156D420680169890646BFC1685FEA5F
:106D7000816110BD6FF0200101612046BDE8104027
:106D8000FFF796BE6FF00201016101212177806952
:106D9000800745D02046FFF79FFF47E06FF00401D2
:106DA000016102212177806910F4407F41D02046A3
:106DB000FFF792FF43E06FF00801016104212177A2
:106DC000C06980073ED02046FFF786FF40E06FF0A5
:106DD0001001016108212177C06910F4407F3AD089
:106DE0002046FFF779FF3CE06FF00101016120468A
:106DF00000F0DAFA9EE76FF0800101612046FFF7AC
:106E000053FE9FE76FF4807101612046FFF748FE53
:106E1000A0E76FF040010161204600F0CDFAA1E744
:106E2000204600F021F8204600F0BAFA0020207732
:106E300060E7204600F018F8204600F0B1FA002084
:106E400020775FE7204600F00FF8204600F0A8FA10
:106E5000002020775EE7204600F006F8204600F08C
:106E60009FFA002020775DE77047000000000000D7
:106E700090F83C30012B01D1022070474FEAB20359
:106E80000122052B80F83C2000F23C822DE9F041E4
:106E9000DFE803F003B753912DF5036843F6FF765F
:106EA000C4F201061A6AB34222F001021A621A46BB
:106EB0001C6AD3F804C024F0020452F818EF8D685D
:106EC00044EA0504D1F8008040F3798144F20007D8
:106ED000C4F20107BB4200F07D8144F60007C4F212
:106EE0000107BB4200F0768144F200476EE103687F
:106EF00043F6FF77C4F201071A6ABB4222F48032DC
:106F00001A621A46D3F820C05C6852F8546F0D68B4
:106F1000D1F808E040F3D98044F20007C4F2010739
:106F2000BB4200F0DD8044F60007C4F20107BB421B
:106F300000F0D68044F20047CEE0036840F2004EF5
:106F400043F48067C4F2010E1A6A774522F4807216
:106F50001A621A461C6A5D6824F4007452F81CCF49
:106F60008E6844EA062407D1CE6840F2FF47360215
:106F700024F44064BE43344343F6FF76D1F80080E6
:106F8000C4F20106B34240F3CB8044F20007C4F2DE
:106F90000107BB4200F0CB8044F60007C4F20107B2
:106FA000BB4200F0C48044F20047C4F20107BB4278
:106FB00000F0BD80C2E0036843F6FF77C4F201072A
:106FC0001A6ABB4222F480521A621A46D3F820C0D1
:106FD0005C6852F81C6F0D68D1F808E040F3C5807A
:106FE00044F20007C4F20107BB4200F0C98044F636
:106FF0000007C4F20107BB4200F0C28044F2004720
:10700000BAE0036840F2004E43F48067C4F2010E18
:107010001A6A774522F010021A621A461C6A5D68E5
:1070200024F0200452F818CF8E6844EA061407D1E1
:10703000CE686FF0400724F0C00407EA0616344318
:1070400043F6FF76D1F80080C4F20106B34240F364
:10705000D88044F20007C4F20107BB4200F0D88098
:1070600044F60007C4F20107BB4200F0D18044F2AD
:107070000047C4F20107BB4200F0CA80CFE00368BA
:1070800043F6FF77C4F201071A6ABB4222F480126A
:107090001A621A46D3F820C05C6852F8546F0D6823
:1070A000D1F808E040F3FC8044F20007C4F2010785
:1070B000BB4200F0008144F60007C4F20107BB4266
:1070C00000F0F98044F20047F1E00027C4F2010724
:1070D000BB4205D040F20047C4F20107BB4204D1D5
:1070E0004F6924F4803444EA07244FF68C775C60BF
:1070F000CFF6FE7703373E402CF4003746EA05040E
:107100005C654E6809699E6547EA0E471F625F6DC0
:1071100047F008075F655F6D27F004075F65EBE0E8
:107120000027C4F20107BB4201D0734506D1D1E963
:107130000576374325F4405646EA07154FF68C7717
:107140005D60CFF6FE7707EA0C0747EA0807DF61C4
:107150004F680969DF631C62DF6947F00807DF6178
:10716000DF6927F00407DF61C6E00027C4F20107EA
:10717000BB4205D040F20047C4F20107BB4204D134
:107180004F6924F4804444EA871448F6FF475C6062
:10719000CFF6FF673E402CF4005746EA0524DC6139
:1071A0004E6809691E6447EA0E371F62DF6947F4BB
:1071B0000067DF61DF6927F48067DF619BE00027FC
:1071C000C4F20107BB4205D040F20047C4F20107F8
:1071D000BB4205D1CF6824F00C0427F004073C43E0
:1071E000B34233DD44F20006C4F20106B34238D0A4
:1071F00044F60006C4F20106B34232D044F200461F
:107200002BE00027C4F20107BB4201D0734506D131
:10721000D1E90576374325F4406646EA870548F606
:10722000FF475D60CFF6FF6707EA0C0747EA0827CC
:107230009F614F6809699F631C629F6947F40067FB
:107240009F619F6927F480679F6154E00026C4F224
:107250000106B34205D040F20046C4F20106B34233
:1072600006D12CF44077D1E90565374347EA050C90
:107270004FF68C75C3F804C0CFF6FE750EEA05070D
:1072800047EA08079F614F6809695F631C629F694D
:1072900047F008079F619F6927F004079F612BE073
:1072A0000027C4F20107BB4205D040F20047C4F2F8
:1072B0000107BB4204D14F6924F4802444EA8724A7
:1072C00048F6FF475C60CFF6FF6707F540773E4022
:1072D0002CF4001746EA05245C654E680969DE65F2
:1072E00047EA0E571F625F6D47F400675F655F6D89
:1072F00027F480675F650902136819431160002253
:10730000BDE8F041002180F83C10104670470000B5
:1073100060B310B5044690F83D0028B9002084F809
:107320003C00204600F024F8022084F83D0020684C
:10733000211D01F075FC012084F8480084F83E000E
:1073400084F83F0084F8400084F8410084F842004B
:1073500084F8430084F8440084F8450084F846002B
:1073600084F8470084F83D00002010BD01207047DC
:1073700040F200410068C4F20001884218BF704723
:1073800081B044F2E840C5F60200016841F0020114
:107390000160006800F002000090009801B07047A2
:1073A00070470000000000000068B0F1804F18BF77
:1073B0007047FCF751BD000070470000000000005E
:1073C00090F88410012901D1022070472421C0F8CF
:1073D000881001680A680B6822F0005223F001034C
:1073E0000B60002343660A602021C0F8881080F8F3
:1073F000843000207047000010B543F28C44C2F284
:107400000044A04218BF10BDD4F880000068026894
:107410000368120323F00103036002680CD41229ED
:1074200042F4002202604FF02401416017D140F283
:107430000000C2F200400CE0122922F40022026097
:107440004FF0240141600AD140F20000C2F2004036
:10745000123040F61031C2F2004101F015FAD4F8B2
:1074600080000068016841F00101016010BD00006A
:10747000704700000000000090F88420012A01D12C
:1074800002207047B0B5012380F884302422C0F870
:1074900088200268D0F864E0BEF1000FD2F800C086
:1074A000146824F001041460946824F0606441EAD4
:1074B000040191601BD091684CF6600E9368C0F691
:1074C000000E5B0F4CF66805C1F34261C0F6000583
:1074D0001EF80340EB5C2401B4FBF3F3A0F86A3020
:1074E0001EF80130695C1B01B3FBF1F301E0A0F869
:1074F0006A30A0F868302021C2F800C0C0F88810B7
:10750000002180F884100020B0BD000000000000C1
:1075100090F88420012A01D102207047B0B50123E0
:1075200080F884302422C0F888200268D0F864E013
:10753000BEF1000FD2F800C0146824F001041460FA
:10754000946824F0604441EA040191601BD0916882
:107550004CF6600E9368C0F6000E5B0F4CF66805A3
:10756000C1F34261C0F600051EF80340EB5C240144
:10757000B4FBF3F3A0F86A301EF80130695C1B011C
:10758000B3FBF1F301E0A0F86A30A0F868302021E5
:10759000C2F800C0C0F88810002180F884100020D4
:1075A000B0BD0000000000007047000000000000B7
:1075B000704700000000000070470000000000005D
:1075C00070B5046840F62F01E26911402029216856
:1075D000A66805D101F0200306F080555B1939D16A
:1075E00040F60F0313400DD0012340F22015C1F2E5
:1075F0000003C0F2004506EA030C01EA050313EBA1
:107600000C032DD1D306C36E16D5012B14D111F066
:10761000100311D010212162A168490600F1FB80FE
:10762000B0F85C10B0F85E20B0F85E30002B18BFE8
:10763000914240F0518170BDD30240F1CA8016F4EE
:10764000800300F0C6804FF480112162BDE87040D5
:10765000FFF7AEBF416F0029EDD0BDE8704008478D
:10766000D30718BF11F4807307D001232362D0F829
:10767000903043F00103C0F89030930706F0010EFC
:107680000AD5BEF1000F07D002232362D0F8903054
:1076900043F00403C0F8903053070AD5BEF1000F41
:1076A00007D004232362D0F8903043F00203C0F8DF
:1076B000903013070CD501F0200353EA0C0307D0D8
:1076C00008232362D0F8903043F00803C0F89030CC
:1076D00013050BD511F0806308D04FF400632362CB
:1076E000D0F8903043F02003C0F89030D0F89030BC
:1076F000002BA0D092060AD501F0200106F080529E
:10770000891804D0416F11B10446884720460168AA
:10771000D0F89020896802F0280201F04001891811
:1077200006D10446FFF748FF0020C4F8900070BD62
:10773000016851E8001F026821F4907142E80013CB
:10774000002BF5D14FF6FE71CEF6FF71026852E8BC
:10775000022F03680A4043E80226002EF6D1C16ECC
:10776000012909D1016851E8001F026821F01001C8
:1077700042E80013002BF5D12021C0F88C10002125
:10778000C166026841679168490640F1988000BF70
:10779000016851E8021F026821F0400142E802132B
:1077A000002BF5D1D0F88010002900F0888048F631
:1077B000297204460846C0F600020A65FAF77CF909
:1077C00000283FF438AFD4F88000016DBDE8704068
:1077D0000847130606D501F0800306F400069B193E
:1077E00040F0AB8053066ED511F040036BD000BF64
:1077F000016851E8001F026821F0400142E80013CF
:10780000002BF5D12021C0F8881000218167BDE848
:10781000704000F0E1B9D0F880100A68526893B265
:10782000002B3FF408AFB0F85C60B342BFF403AF85
:10783000A0F85E20C969B1F5807F34D0016851E8B5
:10784000001F026821F4807142E80013002BF5D17B
:10785000016851E8021F026821F0010142E80213A9
:10786000002BF5D1016851E8021F026821F04001A8
:1078700042E80213002BF5D12021C0F88C10002122
:10788000C16600BF016851E8001F026821F01001C5
:1078900042E80013002BF5D1D0F8801004460846CA
:1078A000F9F79AFE204602210167B0F85C10B0F8A3
:1078B0005E20891A89B2BDE87040FFF79DBDBDE822
:1078C0007040FFF779BE13023ED511F080433BD0E4
:1078D000BDE87040FFF768BE891A00BF026852E831
:1078E000002F036822F4907243E80026002EF5D1A1
:1078F0004FF6FE72CEF6FF72036853E8023F066849
:10790000134046E80235002DF6D12022C0F88C2025
:107910000022C266426700BF026852E8002F036877
:1079200022F0100243E80026002EF5D189B202228F
:107930000267BDE87040FFF75FBD816F00293FF42B
:107940007AAEBDE870400847D2017FF574AEB1F160
:10795000FF3FC8BF70BDBDE87040FFF789BD0000A4
:1079600010B5A8B10446D0F8880028B9002084F8E2
:107970008400204600F028F82420C4F888002068FD
:10798000016821F001010160204601F0D5FA08B13B
:10799000012010BDA06A10B1204601F0F5F9206861
:1079A000416821F490414160816821F02A018160A1
:1079B000016841F0010101602046BDE8104001F07E
:1079C00053BA0000000000002DE9F043B5B00446B2
:1079D00002A8B8210026CDE93366CDE9316630969C
:1079E000F8F7C8FC44F200412068C4F20001884264
:1079F00000F0808045F20001C4F20001884276D197
:107A000002A8002703974FF00208CDF808801F97BF
:107A1000FDF742FB08B1F9F7D7FC44F2E04040F62D
:107A20000045C5F60200C5F6020530AE4FF0080964
:107A3000816841F480118160816801F480110191B5
:107A40000199016841F004010160016801F004013D
:107A500001910199016841F0080101600068314617
:107A600000F00800019001984FF48050CDE93008F3
:107A7000A5F58060CDF8D090CDE93277FCF708F914
:107A800004203146CDE930082846CDF8D090CDE924
:107A90003277FCF7FDF842F684254020C2F200451B
:107AA000C4F2020028604120C5E901074FF480605C
:107AB000EF60C5E904074FF48070C5E906704FF424
:107AC0004030C5E908072846FAF782FE4FF0350630
:107AD0004FF0800708B1F9F777FC05210022304606
:107AE000E551AC63FCF77CFA3046FCF765FA35B03B
:107AF000BDE8F08302A80396022502951F96FDF7C4
:107B0000CBFA08B1F9F760FC44F2E04040F24008DB
:107B1000C5F602000026C4F20208816841F4003173
:107B20008160816801F4003101910199016841F09F
:107B300008010160006830A900F008000190019878
:107B40007020CDE930050720349040F60040329691
:107B5000C5F602003396FCF79BF842F6FC2508F1C7
:107B60001800C2F200454FF480694FF400372860D6
:107B70002B20C5E901064FF48070EE60C5E9066070
:107B80002846C5E90496C5E90876FAF721FE08B14A
:107B9000F9F71AFCC4F8805008F13000AC6342F6E3
:107BA0007435C2F2004505F1080128602C20686098
:107BB000402081E841022846EE61C5E90566C5E935
:107BC0000876FAF705FE00284FF026064FF07C07EE
:107BD0007FF481AF81E700007047000000000000E3
:107BE000FEE700000000000080B582B044F2D840FB
:107BF0000022C5F60200016841F001010160006841
:107C0000062100F00100019001980B20FCF7E8F933
:107C10000B20FCF7D1F90C2006210022FCF7E0F93B
:107C20000C20FCF7C9F90D2005210022FCF7D8F93A
:107C30000D20FCF7C1F90E2005210022FCF7D0F938
:107C40000E20FCF7B9F90F2005210022FCF7C8F936
:107C50000F2002B0BDE88040FCF7AEB90000000084
:107C600080B542F6EC304AF20001C2F200401D221B
:107C700000F11C0EC4F2000101600021C0E90211F4
:107C8000C0F80F104FF0030CC0F814C00A23836132
:107C90008EE80C10C0E90A3203630522C0E90D2208
:107CA000C263042202640823C0E91131C0E9133120
:107CB000C0E91521C0E91713C0E91913FBF7FCFB54
:107CC000002808BF80BDBDE88040F9F77DBB0000FB
:107CD00080B542F68C404AF20041C2F200401D22BB
:107CE00000F11C0EC4F2000101600021C0E9021184
:107CF000C0F80F104FF0030CC0F814C00A238361C2
:107D00008EE80C10C0E90A32036340F25632426337
:107D10000522C0E90E2201640422C0E911220823D1
:107D2000C0E91331C0E91521C0E91712C0E91913E0
:107D3000FBF7C2FB002808BF80BDBDE88040F9F713
:107D400043BB00000000000080B542F62C504DF20D
:107D50000041C2F200401D2200F11C0EC4F20001DD
:107D600001600021C0E90211C0F80F104FF0030CB0
:107D7000C0F814C00A2383618EE80C10C0E90A32EF
:107D80000522026340F2AD63C263C0E90D320422F2
:107D900002640823C0E91131C0E91321C0E91521AB
:107DA000C0E91712C0E91913FBF786FB002808BFCA
:107DB00080BDBDE88040F9F707BB0000000000006F
:107DC000B0B588B013A01349039100254168049110
:107DD00081680591C16806910069079003A8002198
:107DE00003F00AFB42F2F45140F66834C2F200415B
:107DF0004FF480620023C2F20044086040F2E15078
:107E0000C0F6000008A1CDE9005403F0ADFF08B0B2
:107E1000B0BD00BF70C80008698A000800000000FB
:107E20000000000080000000436861737369735FA5
:107E3000436F6E74726F6C5F5461736B000000006F
:107E40002DE9F04F87B044F2E0404FF00008C5F64E
:107E50000200CDF81880CDE90488CDE902880168D8
:107E600040F6000941F0040101600168C5F602090D
:107E700001F0040101910199016841F08001016064
:107E80000168002201F0800101910199016841F02F
:107E90000101016001684FF4C04701F00101019147
:107EA0000199016841F002010160016801F00201DD
:107EB00001910199016841F010010160016801F030
:107EC000100101910199016841F008010160006809
:107ED0004FF4C04100F00800019001984846FBF7BC
:107EE000ABFF0921012248464FF0090A0125FBF7A3
:107EF000A3FFA9F50066042101223046FBF79CFF91
:107F000009F500644FF40851012220464FF4085B44
:107F1000FBF792FFCDE9027502AF48463946CDE93D
:107F20000488FBF7B5FE48463946CDE902A5CDF8F1
:107F300010804FF0030ACDF814A0FBF7A9FE3046DD
:107F40003946CDE902580495FBF7A2FE04203946D4
:107F5000CDE902053046CDE9045AFBF799FE2046EB
:107F60003946CDE902B5CDE9045AFBF791FE4FF44D
:107F7000A05002904FF488103946CDE903082046FE
:107F8000FBF786FE07B0BDE8F08F000000000000A0
:107F900010B543F2D82443F60000C2F20044C4F204
:107FA0000000072120604FF4800060600020A06086
:107FB000E1604FF0007121614FF0807161614FF01D
:107FC0008061A1614FF08041C4E90710C4E9090054
:107FD000E06204F1380061632421F8F7CBF9204610
:107FE000FEF7C6FB002808BF10BDBDE81040F9F73A
:107FF000EBB900000000000070B590B043F2AC3067
:1080000040F20045C2F200400024CDE90844CDE929
:108010000644CDE90444CDE90244C4F200050560FC
:10802000CDE900441721C0E9011442F20F71C0E903
:10803000031480218161FFF76BF908B1F9F7C4F9E6
:1080400043F2AC3007A9C2F2004007940994FEF74E
:1080500033FD08B1F9F7B8F943F2AC346020C2F24D
:108060000044009069460C2220460026CDE90166B6
:108070000496FEF7FDFE08B1F9F7A6F920680F9601
:10808000A8420C96CDE90D660B9601D010B070BDDC
:1080900044F2E040C5F60200016841F002010160CF
:1080A0000068002100F002000A900A980220CDE941
:1080B0000B000F9040F20040CDE90D11C5F6020013
:1080C0000BA9FBF7E5FD10B070BD0000000000003B
:1080D00080B543F28C4045F20001C2F2004048F204
:1080E000A062C4F20001C0F20102C0E900124FF424
:1080F000805181604FF40051C1604FF48061016193
:108100000421416100218162C0E90611C0E9081122
:10811000FFF726FC08B1F9F757F943F28C4000212C
:10812000C2F20040FFF7F4F908B1F9F74DF943F254
:108130008C400021C2F20040FFF79EF908B1F9F728
:1081400043F943F28C40C2F20040FFF739F90028AE
:1081500008BF80BDBDE88040F9F736B900000000D7
:1081600080B543F2F83044F20041C2F2004040F6DC
:108170000012C4F20001C0F23D02C0E90012002169
:108180000C22C0E9052100220023C0E9021101618F
:10819000C0E90711C0E90911FEF782F908B1F9F742
:1081A00013F943F2F8300021C2F20040FFF7B0F9B2
:1081B00008B1F9F709F943F2F8300021C2F20040A2
:1081C000FFF75AF908B1F9F7FFF843F2F830C2F2B5
:1081D0000040FFF7F5F8002808BF80BDBDE88040EB
:1081E000F9F7F2B80000000080B542F2B86040F63E
:1081F0006411C2F20040C2F20041012201F01CFDF4
:1082000008B1F9F7E1F842F2B86040F68C11C2F219
:108210000040C2F2004101F08FFF08B1F9F7D4F835
:1082200042F2B86040F62821C2F20040C2F200419A
:1082300001F00EFB08B1F9F7C7F842F2B860C2F2DC
:10824000004001F0A5FF08B1F9F7BEF8BDE8804095
:10825000FCF7E2BD00000000FEE7000000000000A7
:1082600070B52DED068B9FED509A40F64C669FED54
:108270004F8AB0EE490AF0EE480AC2F2004640F6D4
:10828000341206F12800C2F20042002100F080F909
:10829000B2EE04AAF0EE480A40F6401206F1700071
:1082A000C2F200420021B0EE4A0A00F071F940F635
:1082B0004C14B0EE490AF0EE480AC2F2004406F14E
:1082C000E0000021224600F063F940F65815B0EEB8
:1082D0004A0AF0EE480AC2F2004506F59470002101
:1082E0002A4600F055F9B0EE490AF0EE480A06F5C4
:1082F000CC700021224600F04BF9B0EE4A0AF0EEB5
:10830000480A06F5F07000212A4600F041F9B0EE67
:10831000490AF0EE480A06F514700021224600F0E2
:1083200037F9B0EE4A0AF0EE480A06F52670002149
:108330002A4600F02DF99FED1E8A40F66C359FED20
:108340001D9A40F62814B0EE480AF0EE490AC2F22F
:108350000045C2F2004405F170000021224600F001
:1083600017F9B0EE480AF0EE490A05F594700021BD
:10837000224600F00DF9B0EE480AF0EE490A05F584
:10838000F0700021224600F003F905F52670002167
:108390002246B0EE480AF0EE490ABDEC068BBDE875
:1083A000704000F0F5B800BF00007A440000FA43C6
:1083B00000401C4600409C45FEE700000000000015
:1083C00042F6CC50C2F20040FBF7B6BF00000000FE
:1083D00068B179B101293CD1D0E90F12C0E910127E
:1083E000C0ED060A80ED070A30EEC00A2FE09FEDCF
:1083F000630A704730EEC01A9FED612AD0E90F1270
:10840000C0E91012B4EE421AC0ED060AF1EE10FAFD
:1084100080ED070A80ED0F1A06DB9FED5A0AB4EED5
:10842000401AF1EE10FA14DDB4EE421AF1EE10FA31
:1084300002DA9FED560A08E09FED520AB4EE401AA8
:10844000F1EE10FA05DD9FED500A31EE000A80EDE5
:108450000F0A417801292DD10178012938D0A1BB1B
:1084600090ED0F2A90ED024A90ED0A3A90ED010A44
:10847000A4EE023A90ED104A32EE444A90ED035ACF
:1084800020EE020A90ED051A80ED090A24EE052A75
:1084900080ED0A3AB4EE413A80ED0B2AF1EE10FA83
:1084A000D0E90C21C0E90D2180ED0C4A41DD80EDC1
:1084B0000A1A47E010B500F11802302104461046B0
:1084C000F7F758FF2046BDE8104090ED080A7047C6
:1084D000B8EE002A90ED0F0A90ED101A90ED024AC6
:1084E00030EE413A20EE044AA1EE020A90ED111A54
:1084F00090ED012A80ED0A4AD0E90C21C0E90D2156
:1085000030EE015A90ED031A22EE030A80ED0C5A68
:1085100080ED090A25EE012A30EE041A90ED080AD2
:1085200080ED0B2A31EE021A30EE010A90ED041AAA
:1085300010E0B1EE411AB4EE413AF1EE10FAB8BFD4
:1085400080ED0A1A90ED0A1A30EE010A90ED041A35
:1085500032EE000AB4EE410A80ED080AF1EE10FA9C
:1085600006DCB1EE411AB4EE410AF1EE10FAACDAD3
:1085700080ED081A90ED080A704700BF0000000067
:10858000C3F548C0C3F54840C3F5C8C0C3F5C840EB
:10859000002818BF002A00D170474378002B18BF6D
:1085A000704710B5017011684160044651688160E0
:1085B000916800F12002C160282180ED040AC0ED1D
:1085C000050A1046F7F7D6FE01206070BDE810409E
:1085D00070470000000000000000000000000000E4
:1085E000EFF30980BFF36F8F154B1A681EF0100F61
:1085F00008BF20ED108A20E9F04F10602DE9090036
:108600004FF0500080F31188BFF34F8FBFF36F8F8F
:1086100003F0CEFA4FF0000080F31188BDE80900A6
:1086200019680868B0E8F04F1EF0100F08BFB0ECF2
:10863000108A80F30988BFF36F8F704700BF00BFB7
:108640002035002400000000F0B581B044F22C4732
:10865000C5F6020757F8042C02F00302032A02D1E0
:10866000012001B0F0BD054657F82C0C0C4620F057
:10867000806047F82C0CFBF7E7FB064657F82C0CFC
:10868000000105D5FBF7E0FB801B0228F6D964E06A
:1086900057F8040CEE6895E80E0020F47C30012CAD
:1086A00040EA0130A2F101016FF35F214FF47E42F5
:1086B00002EB432247F8040C92B24FF0FE4302EB68
:1086C00001004FF4FE012A6901EB064101F4FE01AD
:1086D00003EB0262084402F0FE410844F860386887
:1086E000696920F0C00040EA010038603868A96973
:1086F00020F0200040EA0100386038684FF6F87139
:1087000020F0100038603869EA6920EA01004FF46F
:10871000001140EAC2003861386808BF4FF4801188
:1087200040F01000002C386008BF4FF4002138687A
:108730000843386057F82C0C40F0806047F82C0C48
:10874000FBF782FB044600BF57F82C0C000107D44E
:10875000FBF77AFB001B0328F6D3032001B0F0BD22
:10876000002001B0F0BD0000F0B581B044F22C470C
:10877000C5F6020757F8042C02F00302032A02D1BF
:10878000012001B0F0BD054657F82C0C0C4620F036
:10879000805047F82C0CFBF757FB064657F82C0C7B
:1087A000800005D5FBF750FB801B0228F6D964E05A
:1087B00057F8040CEE6895E80E0020F07C70012C50
:1087C00040EA0150A2F101016FF35F214FF47E42B4
:1087D00002EB432247F8040C92B24FF0FE4302EB47
:1087E00001004FF4FE012A6901EB064101F4FE018C
:1087F00003EB0262084402F0FE41084478613868E5
:10880000696920F4406040EA010038603868A9696D
:1088100020F4007040EA0100386038684FF6F871C3
:1088200020F480703860B869EA6920EA01004FF0EE
:10883000807140EAC200B861386808BF4FF4000197
:1088400040F48070002C386008BF4FF48001386815
:108850000843386057F82C0C40F0805047F82C0C37
:10886000FBF7F2FA044600BF57F82C0C800007D43F
:10887000FBF7EAFA001B0328F6D3032001B0F0BD92
:10888000002001B0F0BD0000002818BF002900D171
:10889000704770B590F800C0427862F30A2CA1F8D6
:1088A00000C0427883784FEAD20E63F34A1EA1F8E3
:1088B00002E08278C37804799B0043EA921264F361
:1088C0008A228A80037944795B0864F3CA13CB80D7
:1088D000047C457C65F30A240C814579AD098D72D1
:1088E0004579C5F30115CD728579C67945EA062526
:1088F0008D81057A467A45EA0625CD81857AC67A44
:1089000045EA06250D82057B8D74457BCD74857BFC
:10891000C07B45EA00208882ACF580600880AEF517
:1089200080604880A2F580608880A3F58060C88060
:10893000A4F580600881FA20087700208875BDE8DA
:10894000704070470000000043F2D820C2F200409F
:10895000FDF7EEBD00000000016840F26F32D1F873
:1089600014C08B6943F008038B618B6943F01003DB
:108970008B610B6823F001030B600B6923EA020291
:108980000A618A6822F440428A6090F88120042AB1
:1089900018BF1CF0200209D0D0F8842042F08002D9
:1089A000C0F884208A6942F020028A6190F8812010
:1089B000032A18BF1CF0400215D15FEA8C521FD465
:1089C0005FEACC5209D5D0F8842042F00802C0F802
:1089D00084208A6942F480728A610021A0F86210C2
:1089E000A0F86A107047D0F8842042F00402C0F862
:1089F00084208A6942F040028A615FEA8C52DFD5A6
:108A0000D0F8842042F00102C0F884208A6942F440
:108A100000728A615FEACC52D5D4DEE70000000024
:108A2000806B0021A0F86A10A0F86210012180F884
:108A30008110FDF779BD000000000000000000007B
:108A4000074B19680868B0E8F04F80F30988BFF356
:108A50006F8F4FF0000080F31188704700BF00BF98
:108A60002035002400000000FFF7BEFBF7F7B8FD3B
:108A7000012002F0B1FCF9E780B54FF0500080F31F
:108A80001188BFF36F8FBFF34F8F03F061FA30B1DE
:108A90004EF604504FF08051CEF2000001600020ED
:108AA00080F3118880BD0000B0B59CB044F6180476
:108AB00009A84C21C5F60204F7F75CFC022000254A
:108AC000CDE90755CDE90555CDE90355CDE901556A
:108AD000FCF77EF90095206820F440402060206873
:108AE00000F440400090009820688004FCD52120CC
:108AF00009904FF480300A9001200F9002211491C8
:108B0000CDE9121128210024CDE915100420CDE96A
:108B100017000C20199009A8CDE91A44FDF7D8F9DF
:108B200018B1EFF3108072B6FEE73F2001900320EA
:108B30004FF48061CDE90204082004904020CDE983
:108B40000500CDE9071001A80321FCF759FF20B16A
:108B5000EFF3108072B600BFFEE71CB0B0BD00009E
:108B60004EF6885042F2000CCEF20000C5F2002C06
:108B7000026842F470020260DCF8000000F00F00AE
:108B8000062806D8DCF80000072262F30300CCF8C0
:108B9000000044F200404EF67F51C5F60200CEF6CA
:108BA000F621026842F001020260002202610368BD
:108BB00019400160DCF80010090706D5DCF8001048
:108BC000072363F30301CCF8001040F20021826117
:108BD000C261C0F20221026281620021C0F2FF1173
:108BE000C16240F28021C0F20111016342638163DE
:108BF000C26301644264016821F48021016002665D
:108C000044F20000C5F2002043F2D2010160704737
:108C100043F26030C2F20040FEF762B8000000008C
:108C200040F6FF32C4F20002904202680FDCB0F15D
:108C3000804F1DD040F20043C4F20003984217D089
:108C400040F60003C4F20003984211D014E040F64D
:108C50000043C4F2000398420AD040F20043C4F239
:108C60000103984204D00023C4F20103984203D1C7
:108C700022F070024B681A434EF2FF3343F6FF7C3A
:108C8000C4F20003C4F2010C98420FDD604522DCFF
:108C90004EF20043C4F20003984238D00023C4F2DD
:108CA0000103984233D040F2004322E040F2FF73C8
:108CB000C4F20003984221DD40F60003C4F2000331
:108CC000984224D040F60043C4F2000398421ED0DC
:108CD0004EF2000317E044F20003C4F2010398428D
:108CE00015D044F60003C4F2010398420FD044F2B9
:108CF0000043C4F20103984209D00CE0B0F1804F68
:108D000005D040F20043C4F20003984203D122F49C
:108D10004072CB681A4310B522F08002D1F800E00F
:108D20004C698B6822430260C3626045C0F828E04A
:108D3000BDE810400EDD44F20002C4F20102904290
:108D400013D044F60002C4F2010290420DD044F266
:108D5000004206E00022C4F20102904205D040F237
:108D60000042C4F20102904201D10969016301216C
:108D7000416170470000000043F28C40C2F20040A5
:108D8000FEF71EBC00000000816ACA070CD18A07EA
:108D900015D44A071ED40A0727D4CA0630D48A0637
:108DA00039D44A0642D454E00268D0F82CC0536843
:108DB00023F4003343EA0C0353608A07E9D50268C1
:108DC000D0F830C0536823F4803343EA0C03536077
:108DD0004A07E0D50268D0F834C0536823F48023F2
:108DE00043EA0C0353600A07D7D50268D0F838C0AD
:108DF000536823F4004343EA0C035360CA06CED5FC
:108E00000268D0F83CC0936823F4805343EA0C0313
:108E100093608A06C5D50268D0F840C0936823F4F1
:108E2000005343EA0C0393604A0612D50268D0F857
:108E300044C0BCF5801F536823F4801343EA0C033D
:108E4000536006D1536823F4C00C836C43EA0C03CF
:108E50005360090658BF70470168C06C4A6822F425
:108E60000022104348607047B0B582B0044600202D
:108E7000C4F89000FAF7E8FF216805460968090779
:108E800018D54FF4001100226FF07E40009020466C
:108E90002B4600F085FA68B1206850E8000F216881
:108EA00020F0800041E80002002AF5D103202021B3
:108EB000882230E020680068400723D54FF4800105
:108EC00000226FF07E40009020462B4600F068FAAA
:108ED000C0B100BF206850E8000F216820F49070F6
:108EE00041E80002002AF5D1206850E8020F21680D
:108EF00020F0010041E80202002AF5D103202021E0
:108F00008C2208E02020C4F88800C4F88C000021DE
:108F100070220020E166A150002184F8841002B084
:108F2000B0BD000000000000806B0021A0F85E10C2
:108F3000A0F85610FEF740BBF0B583B004460368B6
:108F4000806846F6F315D4E90312104362691043B2
:108F5000E2691E68CCF6FF75104306EA050210436D
:108F6000186058684FF2FF4620F4405240F6004027
:108F700011435960C5F60000A1698342C1F2FF1692
:108F80001CBF226A11439A6847F6FF353240C4F28B
:108F9000000511439960DA6A44F2544122F00F024D
:108FA000666AC5F602013243AB42DA624FF08002D4
:108FB00018DD41F2FF76C4F20106B34227DC47F622
:108FC0000046C4F20006B3424DD041F20006C4F29E
:108FD0000106B34231D041F20046C4F20106B34269
:108FE0002BD04DE044F6FF36C4F20006B3422EDD2E
:108FF00044F60046C4F20006B34234D045F20006FF
:10900000C4F20006B3422ED047F6000627E041F630
:109010000006C4F20106B3420FD041F60046C4F286
:109020000106B34209D083422AD14A6802F00702FE
:10903000062A24D20FF260331EE00A68C2F3C2028D
:10904000062A1CD24CF62203C0F6000314E044F2B8
:109050000046C4F20006B34205D044F60006C4F24E
:109060000006B3420CD10A6802F00702062A06D2B3
:109070004CF61C03C0F600031A44127800E080226C
:109080002368834240F60010C0F23D0000F04F809C
:10909000E369B3F5004F40F06480402A00F2FC80A1
:1090A0000027DFE812F041002101F900F900270153
:1090B000F900F900F9002F01F900F900F900F900B1
:1090C000F900F900F900FF00F900F900F900F900D2
:1090D000F900F900F900F900F900F900F900F900C8
:1090E000F900F900F9003401F900F900F900F9007C
:1090F000F900F900F900F900F900F900F900F900A8
:10910000F900F900F900F900F900F900F900F90097
:10911000F900F900F900F900F900F900F900F90087
:10912000F900F900F9001B01FCF7E6FDEFE0931EE2
:109130001E2B00F260800027DFE803F010637463E9
:1091400063637863636363636363666363636363D7
:10915000636363636363636363637D00FBF768FE5C
:1091600069E0402A00F29B800027DFE812F041000E
:10917000C00098009800C700980098009800ED0083
:109180009800980098009800980098009800A9000E
:10919000980098009800980098009800980098000F
:1091A0009800980098009800980098009800F200A5
:1091B00098009800980098009800980098009800EF
:1091C00098009800980098009800980098009800DF
:1091D00098009800980098009800980098009800CF
:1091E0009800980098009800980098009800BA009D
:1091F000FCF782FDADE0402A03D14FF40040002788
:1092000019E00020012716E051F8540C800649F2BD
:109210000000C0F2D0300ED551F8541CC1F3C1018A
:10922000C84008E06846FBF717FE02E06846FBF717
:10923000A3FE00270198002800F0A280616A4CF686
:109240003802C0F60002656832F8112005EB4501CE
:10925000B0FBF2F38B424FF00101C0F094802E037B
:10926000B34200F2908000210023F7F74BF8090287
:10927000002341EA10612A46000210EB550041F13B
:109280000001F7F73FF84FF60052A0F54071C0F229
:109290000F02914272D375E00020012737E00020D1
:1092A000012756E051F8540C800649F20000C0F244
:1092B000D0302CD551F8541CC1F3C101C84026E070
:1092C00051F8540C800649F20000C0F2D03040D56D
:1092D00051F8541CC1F3C101C8403AE04FF40040BA
:1092E00015E04FF4004034E0FCF736FD0FE0FCF7EA
:1092F00033FD2EE06846FBF7AFFD06E06846FBF75E
:10930000ABFD24E06846FBF737FE00270198B8B3B1
:10931000616A4CF63802C0F6000232F81110626839
:10932000B0FBF1F0510801EB4000B0FBF2F0A0F10E
:1093300010014FF6EF72914224D84FF6F0710140C0
:10934000C0F34200084419E06846FBF715FE002709
:109350000198A8B1616A4CF63802C0F6000232F8F2
:1093600011106268B0FBF1F000EB5200B0FBF2F0BC
:10937000A0F110014FF6EF72914203D82168C86046
:10938000394600E001214FF00110A0660020C4E939
:109390001D00084603B0F0BD020408102040000084
:1093A0002DE9F04381B004460068C0690840401AC6
:1093B000B0FA80F04009824253D1DDF820800D469A
:1093C0001646994608F1010709E000BF2068C06908
:1093D0002840401BB0FA80F04009864241D1002F5E
:1093E000F4D0FAF731FDB8F1000F01464FF0030059
:1093F00038D0A1EB0901414534D8206801684907FC
:10940000E4D5C169090730D4C1690905DED54FF437
:1094100000610162206850E8000F216820F490701C
:1094200041E80002002AF5D14FF6FE70CEF6FF703B
:10943000216851E8021F2268014042E80213002B14
:10944000F6D1E06E012809D1206850E8000F2168AC
:1094500020F0100041E80002002AF5D1032020216D
:109460002CE0002001B0BDE8F0830821016200BFBC
:10947000206850E8000F216820F4907041E8000255
:10948000002AF5D14FF6FE70CEF6FF70216851E844
:10949000021F2268014042E80213002BF6D1E06E61
:1094A000012809D1206850E8000F216820F0100041
:1094B00041E80002002AF5D1012008212022C4F849
:1094C0008C200022E2666267C4F8901084F8842041
:1094D00001B0BDE8F083000043F2F830C2F2004072
:1094E000FEF76EB800000000D0F8D42200EB820C2A
:1094F000DCF8C0223AB3B0B501F00F0404EB8403EA
:1095000000EB830E5EF8183F5BB1D0F8C85204EB55
:10951000C40405EB8404646CB3FBF4F505FB14335D
:109520009BB10020C2F81402DCF8C4321B69002B86
:1095300008BFB0BD02F5047CD2F808020A466146B5
:1095400098470020B0BD0320704700220023CEF8CA
:10955000002000F0D1FD0020B0BD000000000000A0
:10956000B0B5D0F8D42200EB8202D2F8C05295B147
:10957000044600F045FCD4F8D412C5F80C02D5F826
:10958000040204EB8101D1F8C42205F50371D2680D
:1095900090470020B0BD0320B0BD000000000000D7
:1095A00070B58121044600F06FFB012120460025A3
:1095B000258700F069FB82212046A4F8785100F04D
:1095C00063FBD4F8D40204F53076E56456F8201035
:1095D00089B104EB8000D0F8C40240688047D4F819
:1095E000D40256F8200001F06BF8D4F8D40246F803
:1095F0002050C4F8BC52002070BD000000000000E4
:1096000010B5D0F8D41200EB8100D0F8C04284B17C
:10961000D0F8C41259B194F80002FF2807D094F88A
:1096200001228B6821469847FF2084F80002002021
:1096300010BD032010BD000040F608210A22C2F22E
:109640000041028008467047F0B581B040F6C4176B
:109650000446C2F200478221384600F0F5F905467B
:109660000121384600F0F0F906468121384600F025
:10967000EBF9002D1CBF1021A971002E1CBF402149
:10968000B18000281CBF4021818040F6C4104321D6
:10969000C2F20040218001B0F0BD000000000000D7
:1096A000F0B581B040F6C4170446C2F200478221EB
:1096B000384600F0C9F905460121384600F0C4F9E2
:1096C00006468121384600F0BFF9002D1CBF10214D
:1096D000A971002E1CBF4FF40071B18000281CBF7F
:1096E0004FF40071818040F6C4104321C2F2004063
:1096F000218001B0F0BD0000F0B581B040F6C41784
:109700000446C2F200478221384600F09DF9054622
:109710000121384600F098F906468121384600F0CC
:1097200093F9002D1CBF1021A971002E1CBF4021F0
:10973000B18000281CBF4021818040F6C410432125
:10974000C2F20040218001B0F0BD00000000000026
:109750002DE9F04104464FF4077000F0B5FF0028F2
:1097600049D04FF407710546F6F704FED4F8D40249
:10977000217C4027022204EB800000294FF0810168
:109780004FF00206C0F8C0522046C4F8BC5208BFD1
:109790004FF400773B4600F0BBFB0121022220463C
:1097A0003B464FF00108A4F8388000F0B1FB1020D0
:1097B000A4F84E008221032208232046A4F87881D1
:1097C00000F0A6FBD4F8D4020027C5F8047204EB1D
:1097D0008000A4F84C80D0F8C40200688047C5F827
:1097E0001472C5F81872D5F80422A2B1207C0121A8
:1097F00058B140230BE0D4F8D402002104EB8000E0
:10980000C0F8C0120220BDE8F0814FF4007320467A
:1098100000F092FB00263046BDE8F0810000000019
:10982000D0F8D41200EB8101D1F8C01271B180B52B
:10983000027C4023002AD1F804224FF0010108BF26
:109840004FF4007300F078FB002080BD03207047C8
:1098500039B1D0F8D42200EB8200C0F8C412002045
:109860007047032070470000D0F8D42200EB82003C
:10987000D0F8C00218B1C0F80412002070470320CD
:109880007047000000000000D0F8D43200EB8300E5
:10989000D0F8C00228B1C0F80812C0F81022002089
:1098A0007047032070470000F0B581B0D0F8D42293
:1098B00000EB820300228DF80320D3F8C042ADF8FC
:1098C0000020002C54D00D7815F0600214D0202A0E
:1098D0004CD1CA881AB36DB2B5F1FF3F27DD497884
:1098E000402A84F80012214628BF402284F8012231
:1098F00000F072F800243CE04A780B2A36D80024A5
:10990000DFE802F00637343434343434343425306C
:1099100090F89C22032A29D1694602221EE0D3F83E
:10992000C4224878002493680022984721E0D3F8A5
:10993000C4524B7806460F46AD6818462146A847E4
:10994000FA8830462146072A28BF072206E090F809
:109950009C22032A0AD10DF10301012200F058F8DC
:10996000002406E090F89C22032A02D000F028F898
:109970000324204601B0F0BD80B5D0F8B82252686B
:109980009047002818BF032080BD000000000000A1
:109990000020704700000000002070470000000019
:1099A00080B513460A46002100F0C6FA002080BDAB
:1099B00080B513460A46002100F09EFB002080BDC2
:1099C00010B58021044600F05FFB00212046BDE871
:1099D000104000F059BB000080B50323C0F894325A
:1099E0001346C0F858210A460021C0F85C3100F047
:1099F000A3FA002080BD000080B50521C0F89412B4
:109A000000210022002300F097FA002080BD000012
:109A100080B50223C0F89432134682610A460021C1
:109A2000C36100F069FB002080BD00000000000061
:109A300080B50421C0F8941200210022002300F018
:109A40005BFB002080BD0000B0F802C003789C459D
:109A500010D980B504E000BF73449AB262450BD2BE
:109A600090F800E070444278052AF5D182788A4265
:109A7000F2D180BD00207047002080BD00000000B2
:109A8000002808BF704710B5037863B1A0F1010E3C
:109A90004FF0000C9EF802300CF1010C0EF1010E9B
:109AA000002BF7D101E04FF0000C5FFA8CFC022391
:109AB00003EB4C0313800B7003224A70027882B1CF
:109AC000013802234FF0000C5FFA83FE51FA83F451
:109AD000023301F80E2084F801C082780130002A98
:109AE000F2D1BDE81040704710B541F2AC140A46FF
:109AF000C2F2004402A02146FFF7C2FF204610BD7B
:109B000043444320436F6E66696700000000000015
:109B100040F614201222C2F200400A807047000072
:109B200010B541F2AC140A46C2F2004402A021462C
:109B3000FFF7A6FF204610BD43444320496E7465DD
:109B4000726661636500000040F63C200422C2F2A8
:109B500000400A807047000010B541F2AC140A467C
:109B6000C2F2004402A02146FFF78AFF204610BD42
:109B700053544D6963726F656C656374726F6E697F
:109B8000637300000000000010B541F2AC140A46F7
:109B9000C2F2004402A02146FFF772FF204610BD2A
:109BA00053544D3332205669727475616C20436F83
:109BB0006D506F727400000070B54EF60000C1F673
:109BC000F17002688368D2184FF01A030B802ED010
:109BD00040F6402C40686FF00101C2F2004C4FF09B
:109BE000370E0023140F0CEB01050EEB1276B2F1C9
:109BF000204F38BF04F13006023112010E292E71B8
:109C00006B71EFD10CF1100104224FF0370C0023DF
:109C1000060FB0F1204F0CEB107538BF06F1300580
:109C2000013A4FEA001001F8025F4B70F0D140F6A4
:109C30004020C2F2004070BD80B10023C0F8B832AD
:109C4000C0F8C4320029C0F8D03218BFC0F8B4122E
:109C5000012180F89C12027000F0D6B803207047F2
:109C600080B5D0F8C802FAF787FA40F20032C10096
:109C7000C0F20132032822FA01F188BF0321C8B2E1
:109C800080BD00000000000080B5D0F8C802FAF7DF
:109C90004BFA40F20032C100C0F20132032822FA2E
:109CA00001F188BF0321C8B280BD000000000000A0
:109CB000B0B581B190F89C22032A4FD1D0F8B822D8
:109CC0005269002A4AD00023C0F8D43290470028B5
:109CD00008BF0020B0BDD0F89412022938D1D0E9D5
:109CE00007318B420DD95B1A11461A46C3610446EF
:109CF000FFF75EFE002100220023204600F01CF941
:109D000025E00FD182698A420CD3D0F898128A429A
:109D100008D20021002200250446FFF749FEC4F8BE
:109D20009852E7E790F89C12032909D1D0F8B812AD
:109D3000C96829B10022C0F8D422044688472046C9
:109D40008021044600F0A0F92046FFF755FE20468A
:109D500090F8A01211B1002180F8A0120020B0BD2F
:109D600010B589B190F89C22032A08D1D0F8B82206
:109D7000002392691AB1C0F8D432904700E0002065
:109D8000002808BF002010BDD0F8941203291FD16D
:109D9000D0E9571399420BD9C91AC0F85C119942FE
:109DA00038BF0B4611461A46FFF7FAFD002010BDDA
:109DB00090F89C12032909D1D0F8B812096929B189
:109DC0000022C0F8D422044688472046FFF730FE20
:109DD000002010BD000000000020704700000000BF
:109DE000012180F89C12D0F8B8223AB180B50179EF
:109DF00052689047002818BF032080BD002070479C
:109E0000D0F8C802FAF7E8B90178012935D110B5C0
:109E100042F6CC510922C2F20041C0F8C812C1F882
:109E200008050020C4F20400C1E90002022000225B
:109E3000C1E90320C1E9060208464A63C1E90822D4
:109E4000C1E90B22FAF76CFE08B1F7F7BDFA42F64A
:109E5000CC544FF40071C2F200442046FAF718F9CE
:109E6000002180222046FAF717F901214FF4BA7237
:109E70002046FAF711F9BDE81040002070470000B5
:109E800001F07F02D0F8C80201EBC10349B202EB36
:109E9000C202002900EB820200EB830000F27E2068
:109EA00048BF02F13E00007870470000000000004B
:109EB000D0F8D42200EB8202D2F8B8225AB190F83E
:109EC0009C32032B05D1126A1AB180B5904700204D
:109ED00080BD002070470320704700000000000094
:109EE000D0F8D42200EB8202D2F8B8225AB190F80E
:109EF0009C32032B05D1526A1AB180B590470020DD
:109F000080BD002070470320704700000000000063
:109F100080B59446D0F8C8021A466346FAF768F945
:109F200040F20032C100C0F20132032822FA01F1EE
:109F300088BF0321C8B280BD80B5D0F8C802FAF747
:109F400087F940F20032C100C0F20132032822FA40
:109F500001F188BF0321C8B280BD000000000000ED
:109F6000F0B581B0012680F89C620025C0F89452BB
:109F700004464560D0F8B802C4F8A45284F8A05250
:109F800040B1426832B10021204690470546002882
:109F900018BF032500210022402320464027FFF759
:109FA000B7FF8021002240232046A4F86461C4F852
:109FB0006071FFF7ADFFA6842846276201B0F0BDAF
:109FC00090F89C12042903D190F89D1280F89C12FD
:109FD000002070470000000090F89C12032908D16F
:109FE000D0F8B81229B1C96919B180B58847BDE860
:109FF0008040002070470000024600201174704726
:10A0000080B5D0F8C802FAF787FE40F20032C100EE
:10A01000C0F20132032822FA01F188BF0321C8B23D
:10A0200080BD000000000000B0B500F2AA24054683
:10A03000204600F075F80121C5F8941295F8AA128F
:10A04000B5F8B03201F01F02C5F89832022A0ED0DE
:10A05000012A06D08AB928462146BDE8B04000F062
:10A060009BB828462146BDE8B04000F0EDBA28462E
:10A070002146BDE8B04000F043BA01F08001284617
:10A08000BDE8B040AFF3008080B5D0F8C802FAF761
:10A09000FBF840F20032C100C0F20132032822FA7C
:10A0A00001F188BF0321C8B280BD0000000000009C
:10A0B00080B5D0F8C802FAF74FFE40F20032C10076
:10A0C000C0F20132032822FA01F188BF0321C8B28D
:10A0D00080BD000000000000014690F89C020428AA
:10A0E00003D091F89C0281F89D020020042281F89F
:10A0F0009C2270470000000080B5D0F8C802FAF733
:10A10000FBF840F20032C100C0F20132032822FA0B
:10A1100001F188BF0321C8B280BD0000000000002B
:10A120000A7802704A7842704A8842808A8882801F
:10A13000C988C1807047000010B582B004464FF056
:10A140000000ADF80600B1B1D4F8D40204F52E72C7
:10A15000C4F8B81252F82000C16A21B10DF106000E
:10A160008847C4F8D002D4F8D8020130C4F8D80225
:10A17000002002B010BD032002B010BD000000009E
:10A18000D0F8B8220AB112681047002070470000CA
:10A19000FFF78EBF000000000A78C2F34112531E81
:10A1A000022B07D2D0F8D42200EB8202D2F8B822D8
:10A1B00092681047F0B581B0002A40F0BF804A781D
:10A1C000092A00F2BB80DFE802F0052CB94FB9582C
:10A1D00074B91A3C90F89C22013A022A00F2AE802F
:10A1E000C988022940F0AA80D0F8A41203220029CD
:10A1F000014608BF012241F80C2F022238E1C9882C
:10A20000012940F09B8090F89C124A1E022A80F09F
:10A21000908001460122002441F8084FFFF7F8FB27
:10A2200095E090F89C22013A022A00F28780498842
:10A230000024012940F08B80C0F8A442FFF7F8FB0E
:10A2400085E0498841F2A815C2F2004511F0FE0FE1
:10A25000297049D080210446FFF716FF00212046CF
:10A26000FFF712FF032472E04A88022A5AD0012A1B
:10A2700064D10121C0F8A41257E08A88002A5DD178
:10A28000CA88002A5AD14D887F2D57D890F89C1241
:10A29000032953D0E9B280F89E520446FFF7B0FE7E
:10A2A00020462646FFF7C4FB002D00F02181022046
:10A2B0001FE14A884FF0FF330027ADF8027003EB2F
:10A2C00012230E2B53D8DFE803F008604552526F7B
:10A2D0007A5252525252525254000F46D0F8B4128F
:10A2E0000446007C0A684BE090F89C22032A00F0A8
:10A2F0007580022A40F096800A0616D001F001020D
:10A300004260C9B20546FFF73BFF0446002800F053
:10A31000CF8080212846FFF7B7FE00212846FFF7AF
:10A32000B3FE7BE0497980F8A012FFF781FB00249F
:10A330000DE0032902D1011D012299E0802105468B
:10A34000FFF7A2FE002128460024FFF79DFE2046CD
:10A3500001B0F0BDD2B2052A09D8DFE802F003BF90
:10A36000B5BAB0C40F46D0F8B4124A6805E00F463B
:10A3700028E00F46D0F8B412CA691AB30446007C2C
:10A380000DF102019047054664E00F46017C04464A
:10A39000D0F8B80200290CBF816AC16A0DF1020031
:10A3A00088470546022054E00F46017C51B9044617
:10A3B000D0F8B802416B0DF102008847E3E70F4681
:10A3C000017CE9B380210646FFF75EFE002130469E
:10A3D00000253446FFF758FE00203CE00A065AD01C
:10A3E00001F00102416891429FD0C9B20446FFF7D3
:10A3F000C3FA2978204661602546FFF7C1FE04466E
:10A40000002851D080212846FFF73EFE0021284633
:10A41000FFF73AFE29792846FFF7AEFA022085F8C1
:10A420009C0294E780210446FFF72EFE002120467F
:10A43000FFF72AFE29782046FFF79EFA032486E7D5
:10A440000446D0F8B802016B0DF1020088470546BA
:10A4500007206870012090B1FA886AB1BDF8021037
:10A4600079B19142204638BF0A462946ADF802200C
:10A47000FFF7CEFA00246AE72046FFF7D9FA002456
:10A4800065E780212046FFF7FFFD00212046FFF70A
:10A49000FBFD00245BE7C9B2022280F89C22002465
:10A4A00044600546FFF768FA2846FFF7C1FA4EE711
:10A4B0002846FFF7BDFA032085F89C0247E70F46C0
:10A4C000D0F8B4124A6958E70F46D0F8B412CA68F7
:10A4D00053E70F46D0F8B4120A694EE70F46D0F89A
:10A4E000B4128A6849E70F46D0F8B4128A6944E783
:10A4F000012086F89C02002429E7000000000000EB
:10A5000070B50D4609780446C1F341122979531EEE
:10A51000022B05D22046FFF73BFAD8B1002070BDD0
:10A52000DABB687880B3012821D0032835D194F8AC
:10A530009C0203281FD1688838B911F07F0004D02D
:10A54000E88810B92046FFF79FFD2046FFF770FA14
:10A55000002070BDD4F8B80282680020002AC4F838
:10A56000D402DBD020462946BDE87040104794F85D
:10A570009C0203281BD002280FD148060DD020468C
:10A58000FFF782FD80210DE094F89C0203281ED085
:10A59000022808BF5FEA416040D080212046FFF7D3
:10A5A00073FD00212046FFF76FFD002070BD688815
:10A5B0000028B3D10E46480603D020463146FFF7A7
:10A5C0004FFB2046FFF734FA20463146A3E701F05F
:10A5D0000F00802900EB800004EB800002D2B0F86D
:10A5E000640100E0808C0028D7D001F07F0001EBEF
:10A5F0008102802900EB800004EB800000F114054B
:10A6000004EB820038BF00F5AA75480612D0204638
:10A61000FFF736FC002818BF01200CE008064FF0B9
:10A62000140058BF4FF4AA700022211822500222B1
:10A63000204604E000202860022220462946FFF739
:10A64000E7F9002070BD000070B50A7802F06002E2
:10A65000602A08D090F89C22013A022A03D88A88FE
:10A6600012F0FE0F0AD080210546FFF70DFD0021F4
:10A6700028460024FFF708FD204670BD0E4605461B
:10A68000D1B2FFF789F910B1032431460EE0D5F8B5
:10A69000B8128A6842B128460021C5F8D412314662
:10A6A00090473146044601E031460324C88800281B
:10A6B00008BF002CE0D12846FFF7BAF9204670BD4C
:10A6C000704700000000000041F2AC30C2F20040D0
:10A6D000704700000000000010B50C784A78D0F8F0
:10A6E0001CC804F00F034FEA441E012A18D10122AE
:10A6F0009A4000EB0E0342EA0C02C0F81C28D3F883
:10A700000009000429D403F510600A7989686FF301
:10A71000DF21036841EA824143EA8452114317E092
:10A720004FF4803202FA03F300EB0E0243EA0C030B
:10A73000C0F81C38D2F8000B00040ED40B7902F5D7
:10A74000306089686FF3DF21026841EA8341114379
:10A7500041F0805141F400410160002010BD000033
:10A760000146D0F8000940F2FF729043C1F8000999
:10A77000D1F80428002042F48072C1F80428704700
:10A7800080B582B00699012940F64051C0F203011C
:10A7900039D1826BDDF834C022F4803282634FF607
:10A7A000BF72D0F80CE0CFF6BD72BCF1010F02EA27
:10A7B0000E02C260C26822F44012C26003D1C268B5
:10A7C00042F48012C2600022009200BF009A01325F
:10A7D0000092009A8A423AD80269B2F1FF3FF5DC52
:10A7E00000220092026942F001020261009A0132E5
:10A7F0000092009A8A422AD80269D207F6D1002133
:10A80000012B46D134E0DDF828C0C26842F0400296
:10A81000C2600022019200BF019A01320192019AA6
:10A820008A4218D80269B2F1FF3FF5DC002201929A
:10A83000026942F001020261019A01320192019A19
:10A840008A4208D80269D207F6D1002104E0032128
:10A85000012B1ED10CE00321BCF1000F826B02D052
:10A8600022F4803201E042F480328263012B10D165
:10A87000C26D92B2C265C26D42F0007242F0F772D0
:10A88000C265826842F006028260826842F020025D
:10A890008260084602B080BD80B50A7847F6000C99
:10A8A0004B78CEF6334C5101012B014425D1D1F820
:10A8B00000394FF0010EB3F1FF3F01F5106307DCE3
:10A8C000196841F000611960196841F08041196010
:10A8D00002F00F01D0F83C280EFA01F18A43C0F8CB
:10A8E0003C28D0F81C2822EA0101C0F81C1819687D
:10A8F000002001EA0C01196080BDD1F800EB01F5E0
:10A900003063BEF1FF3F0CF1707C4FF4803EDFDC22
:10A91000D6E70000000000000146D0F8000E20F04D
:10A920000300C1F8000E0020D1F8042822F0020232
:10A93000C1F80428704700000146D0F8000E20F04E
:10A940000300C1F8000E0020D1F8042842F00202F2
:10A95000C1F80428704700002DE9F04F82B0DDF8FF
:10A9600048E00B9ADDE90D4C4125002640F82560B2
:10A970000135502DFAD1BEF1000F04D000F1380599
:10A980004FF400160FE0D0F80458802645F0020579
:10A99000C0F80458856B25F400158563056845F0FB
:10A9A0004005056005462F68012C46EA07062E6023
:10A9B0004FF00005C0F8005ED0F80048C0F800482D
:10A9C00006D1D0F80048002A18BF44F0010403E083
:10A9D000D0F8002842F0030440F64055C0F8004883
:10A9E000C0F2030500220092009A01320092009A00
:10A9F000AA4218D80269B2F1FF3FF5DC00220092AA
:10AA00004FF48462026100BF009A4FF0000A0132E5
:10AA10000092009AAA4288BF4FF0010A05D8046943
:10AA2000A406F1D401E04FF0010A0024019400BF14
:10AA3000019C01340194019CAC4215D80469B4F125
:10AA4000FF3FF5DC0024019410240461019C0134D3
:10AA50000194019CAC424FF0000488BF012404D84B
:10AA60000669F606F2D400E001244FF00008C0F8B1
:10AA70001088C0F81488C0F81C8891B300F51066DF
:10AA80004FF67F39002500BF4FF09047002D08BFDB
:10AA90004FF000673268013507EAE2723260C6F8AB
:10AAA0001080A942C6F8089006F12006ECD100F506
:10AAB00030664FF000094FF67F3B00274FF0904281
:10AAC000002F08BF4FF000623568013702EAE572D7
:10AAD0003260C6F81090B942C6F808B006F12006F8
:10AAE000ECD1D0F8101821F48071C0F81018C0F81B
:10AAF00018806FF0804141611BB9816941F01001FC
:10AB0000816143F600028169C8F23C02BCF1000F8A
:10AB100041EA0201816103D0816941F0080181614C
:10AB2000BEF1010F05D1816941F0804141F004017E
:10AB300081614AEA040002B0BDE8F08F0000000025
:10AB400001468268002022F001028A6070470000FE
:10AB500043F20B03D0F840C0C4F654739C4503D3B2
:10AB6000D0F8003B002B1ED40023C0F8103BD0F8D7
:10AB7000103B012943F40023C0F8103BD0F8103BF0
:10AB800043F01803C0F8103BD0F8103B43F0C0412D
:10AB9000C0F8101B07D1C0F8142BD0F8001B41F0EF
:10ABA0008021C0F8001B002070470000000000005A
:10ABB0004A780B78012A4FEA431210440DD1D0F89D
:10ABC000002922F40012C0F80029097901F0FE01E1
:10ABD000022913D100F510600CE0D0F8002B22F40C
:10ABE0000012C0F8002B097901F0FE01022905D1FD
:10ABF00000F53060016841F080510160002070472D
:10AC00000A784B785101012B084406D1D0F800197D
:10AC1000002900F5106106D50BE0D0F8001B0029D3
:10AC200000F5306105D4002A1EBF086820F080407E
:10AC300008600A68002042F400120A6070470000B1
:10AC4000F0B54B78002491F800C04FF6FF75012B4A
:10AC5000CFF6F874CEF207051ED100EB4C1E0E693C
:10AC6000002E0EF51063DEF8107942D03C401C61D6
:10AC70001C69BCF1000F04EA05041C618C684AD011
:10AC80003519013DB5FBF4F40025C1F6F87505EA68
:10AC9000C4441D692C4344E000EB4C134FF6FF7E87
:10ACA000C0F2070EBCF1000FD3F8107B07EA0407CF
:10ACB000C3F8107BD3F8104B04EA0504C3F8104B1B
:10ACC00003F530630E691DD0002E8D6879D0771999
:10ACD000013FB7FBF5F7BEB26E4300250E62C1F629
:10ACE000F87505EAC7471D6906EA0E062F431F617E
:10ACF0006EE03D401D611D6945F400251D611D6923
:10AD00002C401FE0002E1CBF8F680F618F680F6200
:10AD100007EA0E0757E0A64288BF0C611C6944F49D
:10AD200000241C610C691D696FF3DF442C431C6116
:10AD30000C79012C07D11C6924F0C0441C611C69EA
:10AD400044F000541C61012A15D1CA69002A18BFB9
:10AD5000CEF814290979012952D1D0F80808C00584
:10AD60004FF0805058BF4FF00050DEF800190843F4
:10AD7000CEF8000944E000F510634FEA4C169F59E5
:10AD800047F004479F510F79012F0FD1D0F8087871
:10AD9000FF054FF0805758BF4FF00057F558002A75
:10ADA00045EA0702F25032D00020F0BD09690029BF
:10ADB000FAD00CF00F01012202FA01F100F634037F
:10ADC00020E005EA0E071E6937431F614FF4002695
:10ADD0001F69012A47EA06021A6103D1CA68002ADC
:10ADE00018BF5A61097901290AD1D0F80808C005AD
:10ADF0004FF0805058BF4FF000501968084318605A
:10AE00004FF004411868084318600020F0BD0A8A1A
:10AE1000002AC9D0CB68D11C890800F580504FEAC0
:10AE20000C32043B013953F8047F1750FAD1BBE7C9
:10AE300081B0002200924A780978012A4FEA411134
:10AE40001BD100F510604258B2F1FF3F2FDC0A58C9
:10AE500042F000620A500A5842F080420A5042F220
:10AE6000107200BF009B01330093009B934221D8D6
:10AE70004358B3F1FF3FF5DD19E000F5306042586B
:10AE8000B2F1FF3F13DC0A5842F000620A500A5840
:10AE900042F080420A5042F2107200BF009B013320
:10AEA0000093009B934205D84358002BF6D4002012
:10AEB00001B07047012001B07047000000000000A1
:10AEC00001468268002042F001028A60704700005B
:10AED00081B040F640520023C0F20302009300BF4D
:10AEE000009B01330093009B934215D80369B3F193
:10AEF000FF3FF5DC8901002300932031016100BF91
:10AF00000099013100910099914205D801698906A3
:10AF1000F6D4002001B07047032001B07047000054
:10AF2000D0F8081888074FF0020001F0060158BF5A
:10AF30000F20002908BF08467047000000000000ED
:10AF4000406900F001007047D0F81818D0F81C08CC
:10AF5000084080B270470000D0F81818D0F81C08DC
:10AF60000840000C70470000D0F810C8D0F8343802
:10AF700001F00F0200EB411023FA02F2D201D0F8E7
:10AF80000809D1B241EA0C010840704700000000F6
:10AF900000EB4111D1F8081BD0F8140808407047A5
:10AFA000416980690840704780B5930802F0030E3C
:10AFB00009D004394FF4805C013B50F80C2041F873
:10AFC000042FF9D10431BEF1000F0ED04FF480529E
:10AFD00000238058AEF1010E20FA03F201F8012B94
:10AFE0005FEA0E4203F10803F4D1084680BD000079
:10AFF00010B541F2CC5040F22402C2F20040C2F23D
:10B00000004202F5806142F2B8640368C2F2004473
:10B010008B4208BF114601602046FEF725FC204602
:10B02000BDE81040FEF7FCBBB0B50446C06820F098
:10B03000C040E06091B1012926D1E068002540F0D0
:10B040000050E0600120F7F7E3FE6069C00705F1FA
:10B05000010014D1312D0546F4D310E0E06800253D
:10B0600040F08040E06000BF0120F7F7D1FE60694A
:10B07000C00705F1010002D0312D0546F4D3323866
:10B08000B0FA80F04009B0BD0120B0BD0000000062
:10B090000246D0F8000820F4FE6001F07F01C2F8FB
:10B0A00000080020D2F8003843EA0111C2F8001865
:10B0B0007047000000000000022A02465CD145F201
:10B0C000403043F20053CFF62770C0F20C0308441F
:10B0D000984202D24FF4705150E041F6406044F281
:10B0E0004023CFF61B70C0F20F030844984202D2EF
:10B0F0004FF4605142E0A1F5740044F68073A0F56E
:10B100001050C0F21203984202D24FF4505135E071
:10B11000A1F183704DF22063A0F5E740C0F2130364
:10B12000984202D24FF4405128E04BF260604EF258
:10B130006033CFF6E560C0F216030844984202D2AD
:10B140004FF430511AE04DF2003047F24073CFF621
:10B15000CE60C0F21B030844984202D24FF4205143
:10B160000CE045F6C03049F2C013CFF6B360C0F230
:10B170002103084498420AD24FF41051D06820F4B9
:10B180007050D060D36800201943D1607047A1F19E
:10B19000B77047F22053A0F55850C0F238039842D8
:10B1A00002D24FF40051E9E745F2E04049F6E043AE
:10B1B000CFF65960C0F2410308444FF4C0519842A1
:10B1C00038BF4FF4E051D9E7DDF800C0BCF1000F03
:10B1D0000CD15BB1033300F5805C9B08043912038A
:10B1E000013B51F8040F42F80C00F9D100207047E0
:10B1F000FEE700000000000080B58AB0082B019136
:10B200004FF000010291039102D81904049111E05A
:10B21000A3F10C014FEAB1010D290BD81FFA81FCF3
:10B2200042F20F2323FA0CF3DB0703D007A353F8F2
:10B230002110EBE700210991CDE90711CDE90511B6
:10B2400001A9F7F735FE00200AB080BD0000090013
:10B2500000000A0000000B0000000C0000000900C4
:10B2600000000900000009000000090000000900BA
:10B2700000000E00000009000000090000000900A5
:10B2800000000F0000000000F8F7F6FDFDF70CFCD1
:10B29000FCF7D6FDFCF7A8FCFCF77AFEFCF7E0FC17
:10B2A000FCF716FDFCF7A8FEFCF74EFDFCF710FFBF
:10B2B000FCF756FFFCF798FF4FF4F070F6F72CF808
:10B2C000F5F736FC41F28830F7F7A2FDF6F784F87F
:10B2D000F6F7C2F8F6F700F9FCF772FD00F084F813
:10B2E000FEE7000000000000B0B582B09FED333AE9
:10B2F000B2EE046A30EE030A9FED333A30EE833A41
:10B300009FED2F4A9FED2F5A32EE062A20EE040AB7
:10B310009FED2E4A23EE043AF1EE040A21EE041AC0
:10B3200080EE050A9FED2A5A83EE053A9FED295AD1
:10B3300081EE051A21EE847A22EE042AB3EE044A45
:10B34000BDEEC00ABDEEC33ABDEEC11A87EE205A6B
:10B3500010EE103A82EE042A13EE10CA11EE10EA33
:10B360008DF80130BDEEC50A1C0ABDEEC21A8DF87B
:10B3700000404FEA0C148DF804E04FEA1C138DF8DE
:10B38000023010EE103A44EA1E248DF8034011EE0C
:10B39000104A1D098DF80550250A8DF8074045EA29
:10B3A00003138DF8063015466A460823FFF724FF7D
:10B3B000284600F011F802B0B0BD00BFC3F5C84088
:10B3C00000FF7F47C3F548410000344200F07F454D
:10B3D0000000B4420000FA4380B5012898BF012064
:10B3E00000F0AAFA002080BD80B500F091FB00209B
:10B3F00080BD00000000000010B584B00389D0E9D2
:10B4000000CE028AB3F1840418B20B4618BFC41CE4
:10B4100003A86146CDE90040704600F0A5FC039901
:10B42000012818BF0021084604B010BD000000002C
:10B430004AF6E05543F2305A4EF604584AF69467FD
:10B440004AF6DC56C2F20045C2F2004ACEF20008CB
:10B450004FF08059C2F20047C2F2004615E000BF2B
:10B4600000F0A2F9F868C468201D00F039F93068CE
:10B470000138306028680138286000F0BDF9206B81
:10B4800000F0D2F9204600F0CFF928680028E7D173
:10B49000DAF800000228F8D3C8F80090BFF34F8F05
:10B4A000BFF36F8FF1E7000008480068006880F381
:10B4B00008884FF0000080F3148862B661B6BFF3CD
:10B4C0004F8FBFF36F8F00DF00BF000008ED00E07B
:10B4D00081B00020009040F65030C2F20040006879
:10B4E0004FF0500181F31188BFF36F8FBFF34F8F7F
:10B4F000013001D0FEE700BF00980028FCD001B069
:10B500007047000000000000F0B581B0044600F074
:10B5100047FB43F228514AF61467C2F20041C2F2D7
:10B520000047086818B1B4F1FF3F2DDD2FE043F26A
:10B53000D0500026C2F20040430700F5F04300F16E
:10B54000070223F0070318BF22F007004AF67862CB
:10B55000A3F108050D60C2F20042C2E9000643E90A
:10B5600002662A1A42600B6803604AF64860C2F21B
:10B57000004002604AF64060C2F2004002600120D2
:10B580003870B4F1FF3F02DC3878002839D134B18B
:10B59000600706D024F0070000F1100402E0002448
:10B5A00000E008344AF6406E621EC2F2004EDEF839
:10B5B0000000824225D24AF67863C2F200431E6838
:10B5C0007068A04207D200BF326822B133461646E7
:10B5D0005068A042F8D30A68964212D0001BD3F8F4
:10B5E00000C0112832681A603FD333195A0719D0A6
:10B5F0004FF0500080F31188BFF36F8FBFF34F8F70
:10B60000FEE7002400F064FD600708D04FF0500012
:10B6100080F31188BFF36F8FBFF34F8FFEE7204693
:10B6200001B0F0BD586074604AF67864C2F200441C
:10B63000204624689C42FBD3426885189D4203D172
:10B640005B681A44034642605A689D18A54201D0BF
:10B65000214606E009688C4203D0D4E90014224454
:10B660005A609842196018BF03604AF648607168D2
:10B67000C2F20040DEF80020511ACEF80010026835
:10B680000CF10804914238BF0160387871680028D5
:10B690004FF0000018BF41F00041C6E900014AF632
:10B6A0005460C2F20040016801310160AAE7000065
:10B6B0004BF2D14321F0010140F8081C4FF080719A
:10B6C00040F8041CA0F14401C0F6000340F80C3C13
:10B6D0006FF0020340E9093208467047000000009D
:10B6E000D0E9013201699A60D0F808C04A68824204
:10B6F0004FF00002CCF8043008BFC1F804C002616A
:10B700000868013808600868704700000000000001
:10B7100002464FF0FF3142F8081F00214260C0E9A5
:10B7200003220160704700000021016170470000A2
:10B7300080B5D1F800C01CF1010207D000F1080368
:10B740009E465B681A686245FAD901E0D0F810E0BD
:10B75000DEF804204A60CEF804109160C1F808E0D9
:10B76000086101680131016080BD00000000000037
:10B77000D0F800C043684B609A688A609A68996004
:10B78000086151600CF10101016070470000000088
:10B79000DFF80C00016841F470010160704700009F
:10B7A00088ED00E0000000004FF0500080F31188A9
:10B7B000BFF36F8FBFF34F8F40F65030C2F200409F
:10B7C0000168002901F10101016000D070474EF6C7
:10B7D0000450CEF200000068000608BF70474FF02A
:10B7E000500080F31188BFF36F8FBFF34F8F00BFFE
:10B7F000FEE700000000000040F65030C2F20040BA
:10B80000016839B10139016018BF7047002080F329
:10B81000118870474FF0500080F31188BFF36F8F8D
:10B82000BFF34F8FFEE70000B0B5002808BFB0BDE2
:10B830004AF61461C2F200410978002918BF4FF09E
:10B84000004150F8042C11420DD0A0F108042368E7
:10B850009BB14FF0500080F31188BFF36F8FBFF39F
:10B860004F8F00BFFEE74FF0500080F31188BFF309
:10B870006F8FBFF34F8F00BFFEE722EA010140F850
:10B88000041C054600F08CF94AF6406055F8041C8B
:10B89000C2F200402A460368194401604AF6786102
:10B8A000C2F2004108460968A142FBD34368C518AB
:10B8B000A54204D152F8042C04461A44426063683D
:10B8C000E2188A4201D00A460AE043F22852C2F244
:10B8D00000421268914203D0D1E90021194461600D
:10B8E000A042226018BF04604AF65860C2F20040CD
:10B8F000016801310160BDE8B04000F0E9BB000023
:10B900004EF210000021CEF2000044F6D352C1F2F4
:10B9100062020160816040F68411C2F20041096850
:10B92000A1FB02124FF0FF3101EB921141600721A0
:10B93000016070470000000070B5002852D04AF640
:10B94000E451C2F200410A684AB14FF0500080F35E
:10B950001188BFF36F8FBFF34F8F00BFFEE705461F
:10B960000868013008604AF6A86043F22054C2F229
:10B970000040C2F20044066820680430FFF7B0FEC1
:10B9800060B920684AF6EC52C2F200420121C06A56
:10B9900001FA00F0116821EA000010602068AD197A
:10B9A000456009D343F22C50C2F200400068216880
:10B9B0000431FFF7BDFE10E043F22450C2F2004014
:10B9C000006821680431FFF7B3FE4AF64C60C2F20A
:10B9D000004001688D4238BF056000F079FB002807
:10B9E00018BF70BD4EF604504FF08051CEF20000EB
:10B9F0000160BFF34F8FBFF36F8F70BD0000000079
:10BA000070B580B1C9B14AF6E452C2F2004213687F
:10BA1000EBB14FF0500080F31188BFF36F8FBFF38D
:10BA20004F8F00BFFEE74FF0500080F31188BFF347
:10BA30006F8FBFF34F8F00BFFEE74FF0500080F3D2
:10BA40001188BFF36F8FBFF34F8F00BFFEE71368FE
:10BA5000013313604AF6A863C2F200431A6806680D
:10BA6000B242314402D2B14202D32AE0B14201D300
:10BA7000914226D943F220540160C2F200441D686D
:10BA80008E1A20680430FFF72BFE60B920684AF652
:10BA9000EC52C2F200420121C06A01FA00F01168C2
:10BAA00021EA000010602068AD1945600BD343F215
:10BAB0002C50C2F20040006821680431FFF738FEC4
:10BAC00012E0016010E043F22450C2F2004000682E
:10BAD00021680431FFF72CFE4AF64C60C2F20040A8
:10BAE00001688D4238BF056000F0F2FA002818BFE7
:10BAF00070BD4EF604504FF08051CEF20000016050
:10BB0000BFF34F8FBFF36F8F70BD000000000000C8
:10BB100080B582B04BF231404AF6446CC0F600006A
:10BB20001DA180220023C2F2004C4FF0000ECDE98F
:10BB300000EC00F019F9411C21D0012829D14FF067
:10BB4000500080F31188BFF36F8FBFF34F8F4AF619
:10BB50004C60C2F200404FF0FF3101604AF6746061
:10BB6000C2F20040012101604AF6A860C2F2004022
:10BB70000021016002B0BDE8804000F05DB84FF0E8
:10BB8000500080F31188BFF36F8FBFF34F8F00BF5A
:10BB9000FEE702B080BD00BF49444C4500000000F4
:10BBA0004AF6E450C2F2004001680131016070477A
:10BBB0004AF6E450C2F20040006830B14AF6AC6088
:10BBC0000121C2F20040016070474AF6AC600021DA
:10BBD000C2F2004001604AF6EC50C2F2004043F26B
:10BBE0003051C2F200410068B0FA80F0C0B2C0F13A
:10BBF0001F0000EB800051F8202092B101EB800083
:10BC000000F10802416849684160914201D14968E8
:10BC1000416043F220514068C2F20041C0680860B0
:10BC200070474FF0500080F31188BFF36F8FBFF360
:10BC30004F8F00BFFEE70000B0B584B04EF2004069
:10BC40004CF27021CEF20000C4F20F114B1CD0F860
:10BC500000299A4209D14FF0500080F31188BFF3B8
:10BC60006F8FBFF34F8F00BFFEE7D0F800298A42E5
:10BC700009D14FF0500080F31188BFF36F8FBFF3ED
:10BC80004F8F00BFFEE701784AF6D0520291FF21A4
:10BC90000170C2F2004201788DF807109DF807107C
:10BCA00001F0500111704AF6D4510722C2F200414E
:10BCB0000A609DF90720B2F1FF3F0CDC062200BFAD
:10BCC0000A60013A9DF807305B008DF807309DF956
:10BCD0000730002BF4D40A68032A3BD14FF440729A
:10BCE0000A6002990170D0F8201941F47001C0F87F
:10BCF0002019D0F8201941F07041C0F82019FFF741
:10BD0000FFFD40F650340025C2F200442560FFF7E5
:10BD10003FFD4EF63470CEF20000016841F0404124
:10BD20000160FFF7C1FBFFF743FF039520684FF069
:10BD3000500181F31188BFF36F8FBFF34F8F013034
:10BD400002D000BFFEE700BF03980028FCD000200F
:10BD500004B0B0BD4FF0500080F31188BFF36F8F77
:10BD6000BFF34F8FFEE700002DE9F04F81B0814611
:10BD70009000984616460D46FFF7C6FB68B1074689
:10BD80005420FFF7C1FB28B10446076344B94FF0C4
:10BD9000FF36D0E03846FFF747FD0024002CF6D0F0
:10BDA000206BDDE90A7A00EB86004FF00001A0F17C
:10BDB000040020F0070604F134005DB16A5C4254CF
:10BDC0006A5C1AB10F2901F10101F7D1002084F852
:10BDD000430000E00170062F04F1040B28BF062782
:10BDE00058460025C4E91175E762FFF79DFC04F190
:10BDF0001800FFF799FC87F00700A061304649461C
:10BE0000424624616462E56484F85050FFF750FCB8
:10BE1000BAF1000F206018BFCAF80040FFF7C4FC59
:10BE20004AF6DC5043F2205AC2F20040C2F2004A05
:10BE30004AF6746943F230570168C2F20049013191
:10BE40000160DAF80010C2F2004761B1D9F80000D1
:10BE5000002840D1DAF80000E16AC06A884298BF41
:10BE6000CAF8004037E0CAF800400068012832D123
:10BE7000002600BFB819FFF74BFC14368C2EF9D101
:10BE80004AF61868C2F200484046FFF741FC4AF6FD
:10BE90002C66C2F200463046FFF73AFC4AF6606074
:10BEA000C2F20040FFF734FC4AF69460C2F2004050
:10BEB000FFF72EFC4AF68060C2F20040FFF728FC34
:10BEC00043F22450C2F20040C0F8008043F22C50EC
:10BED000C2F2004006604AF6E8504AF6EC52C2F25E
:10BEE00000400126C2F20042016801310160E06AAF
:10BEF000136806FA00F100EB8000194311605946FF
:10BF000007EB8000FFF734FCFFF776FCD9F8000060
:10BF100088B1DAF80000E16AC06A88420AD24EF6B7
:10BF200004504FF08051CEF200000160BFF34F8FFC
:10BF3000BFF36F8F0126304601B0BDE8F08F0000DF
:10BF40004AF6A860C2F20040006870470000000096
:10BF50002DE9F04F81B04AF6E450C2F2004000688B
:10BF600040B14AF65C600024C2F200400168013131
:10BF70000160A9E04AF6A860C2F2004001684E1CC8
:10BF800006602ED343F22450C2F2004001680968D3
:10BF900049B14FF0500080F31188BFF36F8FBFF3AA
:10BFA0004F8F00BFFEE743F22C520168C2F20042FD
:10BFB0001368036011604AF65061C2F200410A68DA
:10BFC00001320A600168096821B10068C068C06870
:10BFD000406801E04FF0FF304AF64C61C2F2004188
:10BFE00008604AF64C6143F2205AC2F20041C2F2A4
:10BFF000004A0868864201D200244FE043F2245BE5
:10C000000024C2F2004BDBF800000068E0B34AF6FF
:10C01000EC590127C2F2004920E000BFD8F82C00FB
:10C02000D9F8002007FA00F100EB80001143C9F8AD
:10C03000001043F23051C2F2004101EB800029466A
:10C04000FFF796FBD8F82C00DAF80010C96ADBF885
:10C0500000208842106828BF3C46C0B1DBF80000D1
:10C06000C068D0F80C80454655F8040F864210D3BE
:10C070002846FFF735FBD8F828000028CED008F175
:10C080001800FFF72DFBC9E74FF0FF3005E04FF038
:10C09000FF304AF64C61C2F200410860DAF8000055
:10C0A00043F23051C2F20041C06A00EB800051F807
:10C0B000200001284AF6AC60C2F2004088BF01248B
:10C0C0000068002818BF0124204601B0BDE8F08FA9
:10C0D0002DE9F04F81B04AF6E454C2F200442068E2
:10C0E00068B1FFF761FB206801382060206880B1EB
:10C0F0000024FFF781FB204601B0BDE8F08F4FF030
:10C10000500080F31188BFF36F8FBFF34F8F00BFD4
:10C11000FEE74AF6DC50C2F2004000680028E7D093
:10C120004AF660664AF6AC68C2F20046C2F20048BF
:10C130003068002844D04AF6EC5543F2305943F2B7
:10C14000205A4FF0010BC2F20045C2F20049C2F280
:10C15000004A00BFF068C76807F11800FFF7C0FA8F
:10C160003C1D2046FFF7BCFAF86A2A680BFA00F17A
:10C1700000EB800011432960214609EB8000FFF7A6
:10C18000F7FAF86ADAF80010C96A884228BFC8F8D6
:10C1900000B030680028DDD197B143F22450C2F2DC
:10C1A00000400168096821B10068C068C068406843
:10C1B00001E04FF0FF304AF64C61C2F200410860E6
:10C1C0004AF65C64C2F2004425685DB1012600BFF6
:10C1D000FFF7BEFE002818BFC8F80060013DF7D188
:10C1E00000202060D8F8000000283FF481AF4EF610
:10C1F00004504FF08051CEF2000001240160BFF3E3
:10C200004F8FBFF36F8F74E703B40198410000981C
:10C2100050EAC12018BF04204A0D18BF40F00100A9
:10C2200040F2FF72B2EB515F08BF40F002000128FC
:10C2300008BF052002B0704770B565482DED020BB0
:10C240002DED048B059D25F00044A04218DC6148CB
:10C25000844202DC0AD1049840B19DED040BBDEC90
:10C26000048B02B0BDE8704000F021BA002DCCBFB5
:10C270009FED590B9FED5A0BBDEC048B02B070BDC6
:10C280005948A04215DD5948A042D8BF4FF0FF34AD
:10C2900055DD9DED040B51EC100BFFF7B5FF0428A5
:10C2A00008BF00F00DFA9DED040BBDEC048B02B04D
:10C2B00070BD9DED040B51EC100B00F02BFACDE995
:10C2C00004014B48B7EE000BA0421CDD4948A042D8
:10C2D0000BDD9DED042B0024B0EE001B12EE010BD4
:10C2E00032EE011B80EE012B27E09DED041B0124A3
:10C2F00031EE401B9DED042B32EE000B81EE002B46
:10C300008DED042B1BE03C48A0420FDD9DED042B7E
:10C310000224B7EE081B32EE412B9DED043B03EEE9
:10C32000010B82EE001B8DED041B08E09DED040B5C
:10C330000324BFEE001B81EE002B8DED042B9DED41
:10C34000040B20EE009B29EE098BB0EE480B2B4826
:10C350000621784400F073F920EE099BB0EE480BFB
:10C3600027480521784400F06AF920EE080B002CDC
:10C370000BDA39EE001B9DED040B9DED042B02EE54
:10C38000410BBDEC048B02B070BD1E48784400EB3D
:10C39000C40090ED001B39EE000B9DED042B12EE56
:10C3A000001B9DED040B31EE400B1748784400EB69
:10C3B000C40090ED001B31EE400B002DB8BFB1EE74
:10C3C000400BBDEC048B02B070BD0000000000000B
:10C3D000000010440000F07F182D4454FB21F93F69
:10C3E000182D4454FB21F9BF0000DC3F0000203E23
:10C3F0000000F33F0000E63F0080034042040000DD
:10C4000008040000C00300008003000000000000DA
:10C4100070B5614E2DED040B2DED028B82B0DDF871
:10C420001CC0DDE905235C422CF000411C4341EABD
:10C43000D474049D22F00040B44205D86C422C43D1
:10C4400040EAD474B4420BD99DED061B9DED040B5C
:10C4500002B0BDEC028B04B0BDE8704000F02AB918
:10C46000ACF14054A4F17F641C430BD0022404EAD5
:10C47000AC7444EAD27405439FED498B9FED4A2B7F
:10C480000DD016E09DED040B51EC100B00F03AF9C5
:10C4900041EC100B02B0BDEC028B04B070BD002C5F
:10C4A00014BF012C9DED040BF4D0022C2ED0032CD4
:10C4B0002FD00B439FED3E1B9FED3F0B0AD0B142A7
:10C4C0001DD1B04209D121F0804120F08040079178
:10C4D000059014E0002ADDDA15E0394B7B44002C8E
:10C4E00008BF93ED000BD5D0012C04BF93ED000BDA
:10C4F000B1EE400BCED0022C08D0032C09D0B042B4
:10C500000AD1002AC6DAB0EE410BC3E7B0EE480B01
:10C51000C0E7B0EE420BBDE7401A00153C28C8BF8B
:10C520008DED000B17DCBCF1000FBEBF10F13C0F0E
:10C530009FED250B8DED000B0DDB9DED041B9DED9F
:10C54000062B81EE020B51EC100B00F0E3F800F02B
:10C55000D9F8CDE9000194B1012C0CD09DED001B60
:10C560009FED1B0B022C31EE400B0CBF38EE400B45
:10C5700030EE480B8EE7019880F0004001909DED71
:10C58000000BB5EEC00BF1EE10FA04BF022000F074
:10C59000B3F89DED000B7DE70000F07F0000000088
:10C5A000182D4454FB210940182D4454FB2109C087
:10C5B000182D4454FB21F9BF182D4454FB21F93F99
:10C5C000E802000000000000000000000000000081
:10C5D000075C143326A6A13C00B52DED028B83B079
:10C5E000B1EEC08B18EE100A18EE901A8DED008B8C
:10C5F000002818BF0120084320F00040C0F17F60F0
:10C6000000F1E040C00F14D010EE101A10EE900AA6
:10C610008DED000B002918BF0121084320F00040D8
:10C62000C0F17F6000F1E040C00F04BF012000F0C6
:10C6300063F8B0EE480B03B0BDEC028B00BDB0EE6A
:10C64000401B491E00EBC10292ED000B31F00602C7
:10C650000DD0491E00EBC10292ED002BB0EE403B25
:10C66000B0EE420B03EE010B31F00602F1D10229CC
:10C6700014D004290AD0062918BF704790ED0A2B60
:10C6800000EE012B90ED080B02EE010B90ED062B56
:10C6900000EE012B90ED040B02EE010B90ED022B4E
:10C6A00000EE012B90ED000B02EE010B704730EE17
:10C6B000000B704730EE010B7047000000000000D7
:10C6C0009FED030B20EE000B704700000000000000
:10C6D000000000000000001002E008C8121F08C19E
:10C6E000002AFAD170477047002001E001C1121FF3
:10C6F000002AFBD170470000014908607047000024
:10C700002408002410B541EC100BFFF795FD51EC07
:10C71000100B10BD82B0CDE9000121F00040019066
:10C720009DED000B02B051EC100B704700000000B3
:10C730004FBB610567ACDD3F182D4454FB21E93F39
:10C740009BF681D20B73EF3F182D4454FB21F93F28
:10C75000E2652F227F2B7A3C075C143326A6813CAE
:10C76000BDCBF07A8807703C075C143326A6913C59
:10C77000C4EB98999999C9BF711623FEC671BCBFC5
:10C780006D9A74AFF2B0B3BF9AFDDE522DDEADBF2D
:10C790002F6C6A2C44B4A2BF0D5555555555D53F45
:10C7A000FF8300922449C23F6E204CC5CD45B73F60
:10C7B000513DD0A0660DB13FEB0D76244B7BA93FD8
:10C7C00011DA22E33AAD903F0000000000000000C3
:10C7D0000000000000000000000000000000000059
:10C7E0000000000001000000020000000300000043
:10C7F0000400000000000000050000000000000030
:10C800000000000000000000060000000000000022
:10C8100000000000000000000700000000040810F5
:10C820002040010408102040000000000102030421
:10C8300001020304060708090100020004000600C3
:10C8400008000A000C0010002000400080000001D9
:10C850000001020304050607080C101418203040DC
:10C86000010101030701000008040204080101019D
:10C8700064656661756C745461736B00A0C80008D0
:10C8800000000024580B0000F8030008D8C9000875
:10C89000580B002458AB0000E8C600080000000058
:10C8A00001FF01FF01FF01FF01FF01FF01FF01FF88
:10C8B000013C430201023B11430202023B124302CC
:10C8C00003023B13430204023A147750418FC2F52E
:10C8D0003C93A041B58716593D93A04195295C8FA3
:10C8E0003D2F119B0008499B0008599B0008899B1C
:10C8F0006E08B99B0008E99A0008219B00082E9059
:10C90000D0030090D00351970008A1955608A9982C
:10C910000008DD01960008E9940008619500082FE1
:10C92000A196000849960008F996000839963D0836
:10C9300009024300020100C03209042E0102020173
:10C940000005240010010524012901042402020528
:10C9500024064F01070582030800100904010002A4
:10C960000A360705010240460705810240450A06CE
:10C9700000024340012D1201000202020040830424
:10C9800040573602010203012FB10B0008A90B002A
:10C9900008A10B0008E10B0C1B08F10B00080403B5
:10C9A00009041A0386E825002401032301028201F9
:10C9B00003230202820103230302820103390402DA
:10C9C00062010218FA460101010101421055AAAAAA
:08C9D000AAAA0000000000000B
:04000005080002CD20
:00000001FF
