:020000040800F2
:10000000C8B60024E1020008498C00086184000899
:10001000B98A0008910D000809BC00080000000022
:100020000000000000000000000000001192000825
:100030001115000800000000718E000849920008A8
:10004000FB020008FB020008FB020008FB0200089C
:10005000FB020008FB020008FB020008FB0200088C
:10006000FB020008FB020008FB020008491200081E
:100070005912000869120008791200088912000854
:10008000FB020008FB020008FB020008C91500087B
:1000900049160008FB020008FB020008FB020008EA
:1000A000FB020008FB020008FB020008FB0200083C
:1000B000E1930008FB020008FB020008FB020008B5
:1000C000FB020008FB020008FB020008FB0200081C
:1000D00019910008FB020008219D0008FB0200089E
:1000E000FB020008FB02000800000000FB02000801
:1000F000FB020008FB020008FB020008FB020008EC
:10010000FB020008FB020008FB020008FB020008DB
:10011000FB02000849950008FB020008FB020008EA
:10012000FB020008FB020008FB020008FB020008BB
:10013000FB020008FB020008FB020008FB020008AB
:1001400000000000000000000000000000000000AF
:10015000FB020008FB020008FB020008FB0200088B
:10016000FB020008FB020008FB020008FB0200087B
:10017000FB020008518C0008FB0200080000000090
:10018000FB020008FB020008FB020008FB0200085B
:10019000FB020008FB020008FB020008FB0200084B
:1001A000FB020008FB020008FB0200080000000040
:1001B000FB020008FB020008FB020008FB0200082B
:1001C000FB020008FB020008000000000000000025
:1001D0000000000000000000FB020008000000001A
:1001E000000000000000000000000000000000000F
:1001F0000000000000000000FB020008FB020008F5
:10020000FB020008FB02000800000000FB020008DF
:10021000FB020008FB020008FB020008FB020008CA
:10022000FB02000800000000FB02000800000000C4
:10023000FB020008FB02000800000000FB020008AF
:10024000FB020008FB020008FB020008FB0200089A
:10025000FB020008FB020008FB020008FB0200088A
:10026000FB020008FB020008FB020008FB0200087A
:10027000FB020008FB020008FB020008000000006F
:10028000FB020008FB020008FB020008FB0200085A
:1002900000000000FB020008FB0200080000000054
:1002A00000000000FB020008FB020008FB0200083F
:1002B000FB020008FB020008FB020008C916000848
:1002C000FB020008FB020008FB020008DFF80CD06C
:1002D00000F07AF800480047A1BC0008C8B6002426
:1002E0000648804706480047FEE7FEE7FEE7FEE7D0
:1002F000FEE7FEE7FEE7FEE7FEE7FEE731930008D4
:10030000CD0200082DE9F05F0546002092469B468D
:1003100088460646814640241BE02846414647461B
:10032000224600F041F853465A46C01A914110D374
:1003300011461846224600F028F82D1A67EB0108EE
:100340004F4622460120002100F01FF817EB00095C
:100350004E41201EA4F10104DFDC484631462A4606
:100360004346BDE8F09FD2B201E000F8012B491EE0
:10037000FBD270470022F6E710B513460A46044642
:100380001946FFF7F0FF204610BD202A04DB203A73
:1003900000FA02F1002070479140C2F1200320FAD8
:1003A00003F3194390407047202A04DB203A21FAD6
:1003B00002F00021704721FA02F3D040C2F120027E
:1003C0009140084319467047064C074D06E0E06827
:1003D00040F0010394E8070098471034AC42F6D38C
:1003E000FFF778FFB8D10008D8D1000870B58C1895
:1003F00010F8015B15F0070301D110F8013B2A1139
:1004000006D110F8012B03E010F8016B01F8016B25
:100410005B1EF9D12B0705D40023521E0DD401F821
:10042000013BFAE710F8013BCB1A921C03E013F8EA
:10043000015B01F8015B521EF9D5A142D8D300201F
:1004400070BD0000000000002DE9F04F81B02DEDDF
:100450000A8B86B040F6246040F63804C2F20040B1
:1004600042F6FC3842F69C494FF0000A4FF0010B6F
:10047000C2F200449FED5B8A00F5F07500F514763A
:1004800000F52677C2F20048C2F2004900F12801C7
:10049000059100F17001049100F1E001039100F574
:1004A0009471029100F5CC71019100BF40F2DD50D2
:1004B000F0EE480A82454FF0000038BF012094ED6D
:1004C000090A00210BEA000B05980AF1010A08F05D
:1004D000C7FBF0EE400A94ED0A0A0121049808F0E7
:1004E000BFFBF0EE480AB0EE409A94ED190A0021E5
:1004F000039808F0B5FBF0EE400A94ED1A0A0121CA
:10050000029808F0ADFBF0EE480AB0EE40AA94ED78
:10051000290A0021019808F0A3FBF0EE400A94EDAF
:100520002A0A0121284608F09BFBF0EE480AB0EEAB
:1005300040BA94ED390A0021304608F091FBF0EE04
:10054000400A94ED3A0A0121384608F089FBB0EEE2
:1005500040CAB0EE480AF0EE480AB0EE481AF0EE93
:10056000481AB0EE492AA188012240460BF0C8FB88
:10057000B0EE480AF0EE480AB0EE481AF0EE481A1B
:10058000B0EE4A2AB4F84410012248460BF0B8FBFA
:10059000B0EE480AF0EE480AB0EE481AF0EE481AFB
:1005A000B0EE4B2AB4F88410012248460BF0A8FBA9
:1005B000B0EE480AF0EE480AB0EE481AF0EE481ADB
:1005C000B0EE4C2AB4F8C410012240460BF098FB60
:1005D000BBF1000F7FF46AAF06B0BDEC0A8B01B02F
:1005E000BDE8F08F0000000008F06AFA42F6FC3423
:1005F0000121C2F200440022012320464FF00009ED
:100600004FF0010800F088FF42F69C450221C2F23B
:10061000004500220123284600F07EFF032100222E
:100620000123284600F078FF042100220123204600
:1006300000F072FF4AF61064C2F20044C4E9009967
:10064000C4E902990CF00CF943F2CC5541F20417BD
:1006500040F66C26C2F20045C2F200479FED1C8AAC
:10066000C2F200469FED1B9A26E000BF08F028FA70
:10067000B7F90600B7F90020B7F9041000EE100A28
:1006800002EE102A01EE101A3068B8EEC00AB8EE79
:10069000C11AB8EEC22A80EE080A81EE091A80ED6E
:1006A000000A82EE090A80ED011A80ED020A00F0CC
:1006B0009FFB05200BF09CFB28780028D6D1FFF784
:1006C000C3FEC4E90099C4E9029985F80080CDE72A
:1006D00000001543000016432DE9F04381B02DEDD5
:1006E000048B82B090ED000A42F2C054B5EE400A8D
:1006F0000546F1EE10FA8846C2F200440DD195EDA0
:10070000011AB5EE401AF1EE10FA06D195ED021A73
:10071000B5EE401AF1EE10FA4FD095ED011A95EDB5
:10072000022A9FED848A9FED849AA2EE480AA2EEE7
:10073000491AB7EEC00AB7EEC11A0CF0FDFA95EDF2
:10074000001A95ED013A95ED022AA2EE481AA2EEA2
:10075000093A84ED000BB7EEC12AB7EEC31AB0EE2A
:10076000420B0CF0E9FA95ED001A95ED013A95ED82
:10077000022AA2EE081AA2EE093A84ED020BB7EEA5
:10078000C12AB7EEC31AB0EE420B0CF0D5FA95EDC4
:10079000001A95ED013A95ED022AA2EE081AA2EE92
:1007A000493A84ED040BB7EEC12AB7EEC31AB0EE96
:1007B000420B0CF0C1FA84ED060B4AF600669FED81
:1007C0005F8A94EC080BB7EEC00BC2F20046B7EE9E
:1007D000C11B3046B7EEC22B371DB7EEC33B06F147
:1007E000080486ED000AB0EE480A86ED011A06F10B
:1007F0000C0986ED022A86ED033A00F0A1F9B0EE6D
:10080000480A384600F09CF9B0EE480A204600F04D
:1008100097F9B0EE480A484600F092F940F63800E1
:100820009FED478AC2F20040B0EE480A406A01904C
:1008300001A800F085F99DED010A96ED001AB6EECB
:10084000C00A30EE411A9FED3F0AB0EEC12A38EEE1
:10085000423AB4EE402A9FED3C2AF1EE10FA33FE04
:10086000011AB0EEC11AB4EE421AF1EE10FA0EDD22
:10087000311F042091ED011A0A1D31EE001A0138D2
:1008800081ED011A1146F5D14FF0FF3001E04FF034
:10089000013040F620319FED2A8AC2F20041B0EECD
:1008A000480A0860304600F04BF9B0EE480A384676
:1008B00000F046F9B0EE480A204600F041F9B0EEEB
:1008C000480A484600F03CF995ED000AB5EE400AAA
:1008D000F1EE10FA1DD195ED010AB5EE400AF1EEE8
:1008E00010FA16D195ED020AB5EE400AF1EE10FAB3
:1008F0000FD14AF61060A8F10401C2F200400422B0
:10090000043800BF013A50F8043F41F8043FF9D1E0
:100910000AE0301FA8F10401042200BF013A50F898
:10092000043F41F8043FF9D102B0BDEC048B01B0A3
:10093000BDE8F0833D0A973EAE47A13EC3F5C840EF
:10094000560EC940560E4940560EC93F00000000E1
:1009500070B52DED068B90ED000A90ED011AB7EE03
:10096000C00A0546B7EEC11A0C4620EE000B01EE98
:10097000010BB1EEC01BB4EE411BF1EE10FA80F199
:10098000B480B7EEC10B4AF628609FED671AC2F239
:100990000040B4EE410A80ED000AF1EE10FA02DAEE
:1009A0000020C5E9000095ED000A9FED618A95EDF4
:1009B000021A95ED012AA1EE080A9FED5C9AA1EEBC
:1009C000092AB7EEC00AB7EEC22A20EE001B02EEDB
:1009D000021BB1EEC10BB4EE400BF1EE10FA80F148
:1009E000898095ED001A9FED53AA95ED022A95EDA9
:1009F000013AA2EE0A1A4AF62066A2EE093AC2F2BB
:100A000000469FED479BB7EEC11AB7EEC32A21EE11
:100A1000011B02EE021B20EE092BB1EEC10BBDEE55
:100A2000C22BB4EE400B12EE100AF1EE10FA308039
:100A300065D695ED001A95ED013A95ED022AA2EEE4
:100A40000A1A9FED3DAAA2EE0A3AB7EEC11AB7EE16
:100A5000C32A21EE011B02EE021B20EE092BB1EE90
:100A6000C10BBDEEC22BB4EE400B12EE100AF1EE3C
:100A700010FA708048D695ED001A95ED013A95ED83
:100A8000022AA2EE081AA2EE0A3AB7EEC11AB7EE8F
:100A9000C32A21EE011B02EE021B20EE092BB1EE50
:100AA000C10BBDEEC22BB4EE400B12EE100AF1EEFC
:100AB00010FAB0802DD620EE090B40F62031C2F29C
:100AC0000041BDEEC00B10EE100AF080002000BF08
:100AD0000A5636F810305A43524224F8102001309A
:100AE0000428F5D1BDEC068B70BD0CF009FAB0EE10
:100AF000401B46E7B0EE410B0CF002FA71E7B0EE96
:100B0000410B0CF0FDF994E7B0EE410B0CF0F8F955
:100B1000B1E7B0EE410B0CF0F3F9CCE700BF00BF3A
:100B200000000020191E9E40CDCCCC3DAE47A1BE9A
:100B30003D0A97BE3D0A973EAE47A13E0000000029
:100B4000B6EE002A90ED001A20EE423A20EE022A7C
:100B5000B4EE431AF1EE10FA05DBB4EE421AF1EEF0
:100B600010FA00DC7047B4EE431AF1EE10FA04DA22
:100B700031EE000A80ED000A7047B4EE421AF1EE41
:100B800010FAD8BF704731EE400A80ED000A704776
:100B90002DE9F04F43F29C400121C2F2004040F2A7
:100BA0000F436F2740F23F0BC1663221D0F800C0DF
:100BB000A0F85C109F2540F23F4EDCF8081040F290
:100BC0009F4641F04001CCF80810DCF8001040F2DC
:100BD000704A41F01001CCF80010D0F8802040F2AB
:100BE0006F41C4F20203C4F20207D2F80080C4F2DB
:100BF000020BC4F20205C4F20201C4F2020EC4F2F6
:100C00000206C4F2020A09E01068D0F8009029F048
:100C10000104046010680468E40752D098450BDCB6
:100C2000B84517DCD84526DC1020C4F20200804508
:100C3000EAD028203EE000BF884515DCF04521DCE5
:100C400040F21040C4F202008045DDD040F228405E
:100C500030E000BFA8451EDC7020C4F202008045D1
:100C6000D2D0882026E000BFB0451BDCD045CBD0D9
:100C700040F288401EE04020C4F202008045C3D00C
:100C8000582017E040F24040C4F202008045BBD03B
:100C900040F258400EE0A020C4F202008045B3D0DC
:100CA000B82007E040F2B840C4F202008045ABD063
:100CB00040F2A040C4F202008045404608BF1068E0
:100CC000A3E70CF12402826040F200029845C2F2D0
:100CD0000042C26002F1190202614FF01902426043
:100CE000026842F4802202600ADCB84515DCD8456F
:100CF00023DC1021C4F20201884542D028213BE0C8
:100D0000884513DCF0451FDC40F21041C4F20201BB
:100D1000884536D040F228412EE0A8451DDC7021E0
:100D2000C4F2020188452CD0882125E0B0451BDCA7
:100D3000D04526D040F288411EE04021C4F2020195
:100D400088451ED0582117E040F24041C4F202010C
:100D5000884516D040F258410EE0A021C4F20201AD
:100D600088450ED0B82107E040F2A041C4F202014C
:100D7000884506D040F2B841C4F20201884518BF48
:100D80004046016841F001010160BDE8F08F0000BC
:100D9000FEE7000000000000002070470000000097
:100DA000002070470000000010B542F2C86441F610
:100DB000C051C2F20044C2F200410022204609F0B4
:100DC0008FF941F2C0512046C2F2004109F078F992
:100DD000002010BD0000000080B508880AF004FE65
:100DE000002080BD000000000020704700000000CF
:100DF0002DE9F0412DED088B84B040F66C2042F2D5
:100E0000E854C2F20040C2F2004401AD00688168BB
:100E10000391016801914068029028462146FFF73E
:100E20005BFC42F2E0562846C2F200463146FFF72C
:100E30008FFDB6F90000B6F90420B6F90210B6F934
:100E4000063000EE100A40F64436C2F2004640F684
:100E50007027C2F2004740F62465F8EEC00A00EEA3
:100E6000101AB7F91210C2F200452068C6ED050A43
:100E7000B8EEC00A286086ED330A00EE102A6068DA
:100E8000C5F8B800A068C5F87001B8EEC00AE068FF
:100E900086ED610A00EE103AC5F8280206F17000EE
:100EA000B8EEC00A86ED8F0A00EE101A0121B8EEE6
:100EB000C00A07F0D5FEB7F93E00BDEEC01AD6ED68
:100EC000330A012100EE100A11EE100AB8EEC00A32
:100ED000F88106F5947007F0C3FEB7F96A00BDEE1D
:100EE000C01AD6ED610A012100EE100A11EE100AB7
:100EF000B8EEC00A788706F5F07007F0B1FEB7F9D2
:100F00009600BDEEC01AD6ED8F0A012100EE100A40
:100F100011EE100AB8EEC00AA7F8660006F52670B2
:100F200007F09EFEBDEEC00A40F63806C2F200464B
:100F3000D5ED000A002110EE100A96ED090AA7F877
:100F4000920005F1280007F08BFEF0EE400A96EDC6
:100F50000A0A05F17000012107F082FE43F2D05821
:100F6000D5ED2E0AC2F2004805F1E000002188ED1F
:100F7000000A96ED190A07F073FEF0EE400A96EDAE
:100F80001A0A05F59470012107F06AFE43F2D4575E
:100F9000D5ED5C0AC2F2004705F5CC70002187ED63
:100FA000000A96ED290A07F05BFEF0EE400A96ED86
:100FB0002A0A05F5F070012107F052FE43F2D854D9
:100FC000D5ED8A0AC2F2004405F51470002184EDC3
:100FD000000A96ED390A07F043FEF0EE400A96ED5E
:100FE0003A0A05F52670012107F03AFE43F2DC507B
:100FF0009FED2BBAC2F20040B0EE408A94ED00AAF9
:1010000042F6FC3480ED000AB0EE4B0AF0EE4B0ADB
:10101000B0EE4B1AF0EE4B1AB188C2F2004498EDD4
:10102000002A0122204697ED009A0AF069FE42F656
:101030009C45B0EE4B0AF0EE4B0AB0EE4B1AF0EEC8
:101040004B1AB0EE492AB6F84410C2F2004501220C
:1010500028460AF055FEB0EE4B0AF0EE4B0AB0EE11
:101060004B1AF0EE4B1AB0EE4A2AB6F88410012261
:1010700028460AF045FEB0EE4B0AF0EE4B0AB0EE01
:101080004B1AF0EE4B1AB0EE482AB6F8C410012203
:1010900020460AF035FE04B0BDEC088BBDE8F081B7
:1010A0000000000000000000B2F5002F40F0C180F9
:1010B0008A7902770A8812BA120C82824A8812BA96
:1010C000120C42828A880178022912BA4FEA12422F
:1010D00002822AD0012915D0002918BF7047017B50
:1010E000012905D0818AC18200218161012101731A
:1010F000B0F91410B0F91620914229DA8B1A03F5D1
:10110000005329E0017B012905D0818AC182002199
:10111000816101210173B0F91410B0F916209142D8
:101120001FDA8B1A03F500531FE0017B012905D05C
:10113000818AC1820021816101210173B0F91410FB
:10114000B0F91620914215DA8B1A03F5005315E019
:1011500019DD8B1AA3F5005300EE103AB8EEC00A61
:1011600013E02BDD8B1AA3F5005300EE103AB8EE16
:10117000C00A25E03BDD8B1AA3F5005300EE103AC0
:10118000B8EEC00A35E09FED2B0A8A1AB0EEC02AED
:1011900001EE102AC182B8EEC11AB0EEC13AB4EE27
:1011A000432AF1EE10FA04DD9FED250A21EE000A34
:1011B00037E09FED231A20EE010A32E09FED1D0A71
:1011C0008A1AB0EEC02A01EE102AC182B8EEC11A06
:1011D000B0EEC13AB4EE432AF1EE10FA04DD9FED11
:1011E000170A81EE000A1CE09FED141A17E09FED2C
:1011F000110A8A1AB0EEC02A01EE102AC182B8EE96
:10120000C11AB0EEC13AB4EE432AF1EE10FA04DD91
:101210009FED090A81EE000A03E09FED071A80EEB8
:10122000010A90ED061A9FED072AA0EE021A80ED42
:10123000061A70470000000000009048000018489F
:10124000000000390000B44380B542F6A410C2F299
:10125000004001F011F880BD80B542F61C20C2F2BA
:10126000004001F009F880BD80B542F69420C2F23A
:10127000004001F001F880BD80B542F60C30C2F2AA
:10128000004000F0F9FF80BD80B542F68430C2F224
:10129000004000F0F1FF80BD40F20F420168C4F24F
:1012A0000202914210DC6F22C4F20202914220DC61
:1012B0003F22C4F20202914236DC1022C4F2020242
:1012C000914254D028224EE040F26F42C4F2020212
:1012D00091421ADC40F23F42C4F2020291422ADCFF
:1012E00040F21042C4F20202914240D040F2284241
:1012F00039E09F22C4F20202914225DC7022C4F23E
:101300000202914233D088222DE040F29F42C4F283
:10131000020291421FDC40F27042C4F2020291428A
:1013200025D040F288421EE04022C4F202029142DF
:101330001DD0582217E040F24042C4F2020291420E
:1013400015D040F258420EE0A022C4F202029142AF
:101350000DD0B82207E040F2B842C4F20202914236
:1013600005D040F2A042C4F2020291421AD1D0F854
:1013700000C06FF00F024AF6AB2352FA8CF2CAF6A5
:10138000AA23A2FB033109A35F2AC1F302115B5C0C
:1013900040F2FF312CEA0101C36588BF0431816549
:1013A00008467047016821F0FF01F8E700061016B3
:1013B0000006101600000000B2F5002F18BF70479D
:1013C00080B50A789FED2F1AB3EE044ABBEE0E5A91
:1013D00002F00F0282810A781209C281B1F801205D
:1013E000120412BA0261CB7891F804C000EE102A00
:1013F0001B0143EA1C1EC0F814E091F804C0B8EECB
:10140000C00A4A7902EE10EA0CF00F0320EE010A3E
:101410009FED1D1A42EA0322B8EEC22A03EE102AFB
:10142000826180EE010A9FED1A1A22EE011AB8EECF
:10143000C33A23EE042A9FED174A81EE041A9FED6A
:10144000133A30EE030A82EE042ABAEE044A80ED23
:10145000090A31EE050A80ED0A0A32EE040A80ED2F
:101460000B0A8A7900EE102AB8EE400A80ED0E0AC7
:10147000C97900EE101AB8EE400A80ED0F0ABDE8F7
:1014800080407047C3F5484100FF7F47C3F5C8C09F
:101490000000704200F07F454EF6FC51CEF2000194
:1014A0000A6842F080720A6041F200010022CEF226
:1014B00000014A600B6843F001030B6044F24021D5
:1014C000C0F20F01484340F63031C2F200410860DB
:1014D00044F6D351C1F26201A0FB01134DF68361C2
:1014E000C4F21B31A0FB010140F63430C2F20040CF
:1014F0009B090360880C40F63831C2F20041086055
:1015000040F63C30C2F2004002607047000000002C
:10151000704700000000000010B582B011441C4666
:101520004FF0FF33CDF803300093FC2289B28DF8E1
:1015300007206A4608230AF06BFB20460AF058FC95
:10154000012002B010BD0000EFF3108072B600BFA2
:10155000FEE700000000000010B58AB00024022061
:1015600004900120CDE9050442F6FC3002A9C2F244
:1015700000400794CDE9024402F056F808B1FFF7A5
:10158000E3FF42F6FC300221C2F2004002220023B7
:10159000009402F08DF808B1FFF7D6FF42F6FC3058
:1015A0000121C2F20040002201F0CAFF08B1FFF79A
:1015B000CBFF42F6FC30C2F2004002F095FE08B1CB
:1015C000FFF7C2FF0AB010BD80B542F6FC30C2F290
:1015D000004002F05DF980BD10B58AB00120039093
:1015E000022002A9CDE9040042F69C400024C2F288
:1015F00000400294CDE9064402F016F808B1FFF766
:10160000A3FF42F69C400221C2F2004002220023C6
:10161000009402F04DF808B1FFF796FF42F69C40A7
:101620001021C2F20040002201F08AFF08B1FFF74A
:101630008BFF42F69C40C2F2004002F055FE08B11A
:10164000FFF782FF0AB010BD80B542F69C40C2F29F
:10165000004002F01DF980BD10B58AB000240220C0
:10166000CDE90300012002A9CDE9050442F63C5072
:101670000294C2F20040079401F0D6FF08B1FFF7D0
:1016800063FF42F63C500221C2F2004002220023D6
:10169000009402F00DF808B1FFF756FF42F63C50F7
:1016A0001021C2F20040002201F04AFF08B1FFF70A
:1016B0004BFF42F63C50C2F2004002F015FE08B16A
:1016C000FFF742FF0AB010BD80B542F63C50C2F2AF
:1016D000004002F0DDF880BDF0B5D1F804C0D1F8CB
:1016E00010E0BCF1000FD1F808C006D00C684EEA3B
:1016F0000C05254345F0804C04E00D684CEA0E04CF
:1017000044EA854C856ED0F88470D1E907466B4376
:101710008D6944EA0660D1F814E00543CC6807EB14
:10172000830045EA0E0647F823C046EA04034360F7
:10173000CB68B3F5803F38BFF0BD4DF28C1C08304C
:1017400001320023C0F6000CD71857F8017CC750AF
:10175000CF8904331CF80770BB42F5D3F0BD0000FD
:1017600000220A75C27D520704D4C27D120703D538
:10177000032200E001220A750A7D002A18BF704783
:1017800002780F2A45D1027E002A42D1427883781E
:1017900063F30A220A808278C378D20863F34A127C
:1017A0004A8090F803C0037942799B0043EA9C1376
:1017B00062F38A238B8042798379520863F3CA12D9
:1017C000CA808279C379120963F30A120A8190F8F8
:1017D00007C0037A427A5B0043EADC1362F34A23D0
:1017E0004B81427A837A920863F38A128A81827AE1
:1017F000C37ADB0043EA5212CA81027B437B52095F
:1018000063F30A220A82427B807BD20860F34A1289
:101810004A8208884A88A0F580600880A2F5806026
:101820008A884880C888A2F580628A80A0F5806096
:101830000A89C8804889A2F580620A81A0F5806083
:1018400048817047000000002DE9F041044602F095
:101850006BFE04B3054694F8350002281ED140F211
:101860000F472068C4F2020740F26F48B842C4F242
:10187000020817DC6F21C4F20201884223DC3F21F9
:10188000C4F20201884239DC1021C4F2020188420C
:1018900058D0282151E00120BDE8F081802060650A
:1018A0000120ABE240451ADC40F23F41C4F20201A4
:1018B00088422ADC40F21041C4F20201884241D041
:1018C00040F2284139E09F21C4F20201884225DC20
:1018D0007021C4F20201884234D088212DE040F208
:1018E0009F41C4F2020188421FDC40F27041C4F201
:1018F0000201884226D040F288411EE04021C4F215
:10190000020188421ED0582117E040F24041C4F243
:101910000201884216D040F258410EE0A021C4F2E4
:10192000020188420ED0B82107E040F2B841C4F26B
:101930000201884206D040F2A041C4F2020188426E
:1019400040F0EA812668316821F01E02314641F8F4
:10195000142B6FF080020B68404502EA03020A6014
:1019600019DC9F21C4F20201884231DC5721C4F204
:101970000201884256DC1021C4F20201884200F0C4
:1019800091802821C4F20201884200F08B8040211E
:10199000C4F2020184E045F22F41C5F602018842FB
:1019A0002BDC40F2B741C4F20201884248DC40F22D
:1019B0007041C4F20201884274D040F28841C4F2FE
:1019C000020188426ED040F2A041C4F2020167E0F9
:1019D00040F22741C4F20201884240DCA021C4F257
:1019E000020188425ED0B821C4F20201884259D077
:1019F00040F21041C4F2020152E045F26B41C5F6DB
:101A0000020188423CDC45F23041C5F602018842C1
:101A100048D045F24441C5F60201884242D045F221
:101A200058413BE05821C4F2020188423AD070216B
:101A3000C4F20201884235D08821C4F202012FE0AD
:101A400040F2B841C4F2020188422BD045F208416D
:101A5000C5F60201884225D045F21C411EE040F245
:101A60002841C4F2020188421CD040F24041C4F235
:101A70000201884216D040F25841C4F202010FE040
:101A800045F26C41C5F6020188420BD045F2944103
:101A9000C5F60201884205D045F28041C5F6020133
:101AA000884269D1216EB8420A6822F480720A60C5
:101AB00010DC6F21C4F2020188421CDC3F21C4F219
:101AC0000201884232DC1021C4F20201884252D065
:101AD00028214AE040451ADC40F23F41C4F20201AD
:101AE00088422ADC40F21041C4F20201884242D00E
:101AF00040F2284139E09F21C4F20201884225DCEE
:101B00007021C4F20201884235D088212DE040F2D4
:101B10009F41C4F2020188421FDC40F27041C4F2CE
:101B20000201884227D040F288411EE04021C4F2E1
:101B3000020188421FD0582117E040F24041C4F210
:101B40000201884217D040F258410EE0A021C4F2B1
:101B5000020188420FD0B82107E040F2B841C4F238
:101B60000201884207D040F2A041C4F2020188423B
:101B700008BF206800E02068016821F001010160D1
:101B80003068C0070BD002F0CFFC401B0628F7D30B
:101B900020206065032084F8350001202EE12068B4
:101BA000B84210DC6F21C4F2020188421CDC3F21E4
:101BB000C4F20201884232DC1021C4F202018842E0
:101BC00050D028214AE040451ADC40F23F41C4F29F
:101BD000020188422ADC40F21041C4F2020188422C
:101BE00040D040F2284139E09F21C4F202018842EE
:101BF00025DC7021C4F20201884233D088212DE017
:101C000040F29F41C4F2020188421FDC40F2704161
:101C1000C4F20201884225D040F288411EE04021F2
:101C2000C4F2020188421DD0582117E040F2404121
:101C3000C4F20201884215D040F258410EE0A021C2
:101C4000C4F2020188420DD0B82107E040F2B84149
:101C5000C4F20201884205D040F2A041C4F2020160
:101C600088425ED1D4E9161202F01F023F2303FA24
:101C700002F28A6040455EDC9F21C4F20201884284
:101C800014DC5721C4F20201884226DC1021C4F280
:101C90000201884200F0A2802821C4F20201884299
:101CA00000F09C804021C4F2020195E040F22741FF
:101CB000C4F2020188421EDCA021C4F20201884263
:101CC00000F08C80B821C4F20201884200F08680C6
:101CD00040F21041C4F202017EE05821C4F2020138
:101CE00088427BD07021C4F20201884276D08821DC
:101CF000C4F2020170E040F22841C4F202018842BD
:101D00006CD040F24041C4F20201884266D040F2F9
:101D10005841C4F202015FE021686FF00E020E46E6
:101D200019E6D4E9161202F01F02012303FA02F2A7
:101D30004A604045A0DD45F22F41C5F602018842C8
:101D400016DC40F2B741C4F20201884225DC40F2C1
:101D50007041C4F20201884240D040F28841C4F28E
:101D6000020188423AD040F2A041C4F2020133E0BD
:101D700045F26B41C5F6020188421DDC45F2304157
:101D8000C5F60201884229D045F24441C5F6020158
:101D9000884223D045F258411CE040F2B841C4F2D9
:101DA000020188421AD045F20841C5F60201884274
:101DB00014D045F21C410DE045F26C41C5F602011C
:101DC00088420BD045F29441C5F60201884205D005
:101DD00045F28041C5F6020188420BD1616EA26EC8
:101DE000E06E4A6030B1016821F480710160D4E98D
:101DF0001C014160012084F835000020002184F896
:101E00003410BDE8F081000080B5D8B190F83510ED
:101E1000022919D140F20F430168C4F2020399422A
:101E200016DC6F22C4F20202914226DC3F22C4F289
:101E3000020291423CDC1022C4F2020291425AD0CA
:101E4000282254E0012080BD80214165012080BD11
:101E500040F26F42C4F2020291421ADC40F23F4269
:101E6000C4F2020291422ADC40F21042C4F20202A1
:101E7000914240D040F2284239E09F22C4F202024F
:101E8000914225DC7022C4F20202914233D08822B2
:101E90002DE040F29F42C4F2020291421FDC40F268
:101EA0007042C4F20202914225D040F288421EE004
:101EB0004022C4F2020291421DD0582217E040F2A3
:101EC0004042C4F20202914215D040F258420EE064
:101ED000A022C4F2020291420DD0B82207E040F2E3
:101EE000B842C4F20202914205D040F2A042C4F2CC
:101EF0000202914270D199424FF0040280F83520DD
:101F000010DC6F22C4F20202914220DC3F22C4F2B4
:101F10000202914236DC1022C4F20202914254D0F5
:101F200028224EE040F26F42C4F2020291421ADCD3
:101F300040F23F42C4F2020291422ADC40F21042D7
:101F4000C4F20202914240D040F2284239E09F227E
:101F5000C4F20202914225DC7022C4F202029142D4
:101F600033D088222DE040F29F42C4F20202914217
:101F70001FDC40F27042C4F20202914225D040F2CE
:101F800088421EE04022C4F2020291421DD0582233
:101F900017E040F24042C4F20202914215D040F2F2
:101FA00058420EE0A022C4F2020291420DD0B822A3
:101FB00007E040F2B842C4F20202914205D040F27A
:101FC000A042C4F20202914221D10068016821F0CE
:101FD00001010160002080BDD0F800C09C45DCF804
:101FE000002022F00E02CCF8002016DC6F22C4F292
:101FF0000202944526DC3F22C4F2020294453CDCF6
:102000001022C4F2020294455DD0282254E00868F0
:1020100020F001000860002080BD40F26F42C4F251
:10202000020294451ADC40F23F42C4F20202944597
:102030002ADC40F21042C4F20202944543D040F23E
:10204000284239E09F22C4F20202944525DC702226
:10205000C4F20202944536D088222DE040F29F421D
:10206000C4F2020294451FDC40F27042C4F2020244
:10207000944528D040F288421EE04022C4F2020279
:10208000944520D0582217E040F24042C4F20202A8
:10209000944518D040F258420EE0A022C4F2020249
:1020A000944510D0B82207E040F2B842C4F20202D0
:1020B000944508D040F2A042C4F20202944508BF01
:1020C000D0F800C001E0D0F800C040F26F42DCF868
:1020D0000030C4F20202914223F00102CCF8002049
:1020E00019DC9F22C4F20202914231DC5722C4F271
:1020F0000202914256DC1022C4F20202914200F028
:1021000091802822C4F20202914200F08B8040228A
:10211000C4F2020284E045F22F42C5F60202914267
:102120002BDC40F2B742C4F20202914248DC40F29A
:102130007042C4F20202914274D040F28842C4F26A
:10214000020291426ED040F2A042C4F2020267E065
:1021500040F22742C4F20202914240DCA022C4F2C3
:10216000020291425ED0B822C4F20202914259D0DA
:1021700040F21042C4F2020252E045F26B42C5F650
:10218000020291423CDC45F23042C5F60202914225
:1021900048D045F24442C5F60202914242D045F28F
:1021A00058423BE05822C4F2020291423AD07022D7
:1021B000C4F20202914235D08822C4F202022FE01A
:1021C00040F2B842C4F2020291422BD045F20842DA
:1021D000C5F60202914225D045F21C421EE040F2B3
:1021E0002842C4F2020291421CD040F24042C4F2A2
:1021F0000202914216D040F25842C4F202020FE0AD
:1022000045F26C42C5F6020291420BD045F294426F
:10221000C5F60202914205D045F28042C5F602029F
:1022200091421AD1D0E9181CD0E916E30A6822F4C9
:1022300080720A6003F01F01012202FA01F1CEF858
:102240000410816ECCF80410C16E31B10A6822F41A
:1022500080720A60D0E91C124A60012180F83510B2
:10226000026D002180F834100AB190470021084621
:1022700080BD0000000000002DE9F04381B0002186
:10228000009140F694110446C2F2004140F26F49B9
:10229000A56DC4F20209086848F2B511C1F64E31C5
:1022A0002768A0FB01084F452E682A6815DC9F208F
:1022B000C4F2020087422BDC5720C4F2020087429E
:1022C0004FDC1020C4F20200874278D02820C4F2EC
:1022D0000200874273D040206CE045F22F40C5F6E3
:1022E0000200874227DC40F2B740C4F20200874276
:1022F00043DC40F27040C4F2020087425FD040F2FB
:102300008840C4F20200874259D040F2A04051E018
:1023100040F22740C4F2020087423DDCA020C4F214
:10232000020087424BD0B820C4F20200874246D058
:1023300040F210403EE045F26B40C5F60200874295
:1023400074DC45F23040C5F60200874200F081801F
:1023500045F24440C5F6020087427AD045F2584023
:1023600072E05820C4F20200874228D07020C4F2E4
:102370000200874223D088201CE040F2B840C4F21B
:10238000020087421BD045F20840C5F60200874292
:102390005FD045F21C4057E040F22840C4F20200F2
:1023A00087420CD040F24040C4F20200874206D07F
:1023B00040F25840C4F20200874240F00A85E06DC6
:1023C00000F01F01082000FA01F2324200F01381F0
:1023D00040F20F40C4F20200874213DC6F20C4F2C7
:1023E0000200874200F390803F20C4F2020087423F
:1023F00000F3CE801020C4F20200874200F0EC808F
:102400002820E4E04F4500F38B8040F23F40C4F2C7
:102410000200874200F3C38040F21040C4F2020081
:10242000874200F0D98040F22840D0E045F26C406D
:10243000C5F6020087420CD045F28040C5F6020086
:10244000874206D045F29440C5F60200874240F02C
:10245000C084E06D236800F01F01042000FA01F63B
:102460001B68164218BF13F004002BD1022000FA9B
:1024700001F6164218BF13F0020066D122FA01F0ED
:10248000000740F1A68413F0080000F0A28440F297
:102490000F40C4F20200874200F321836F20C4F290
:1024A0000200874200F398833F20C4F20200874273
:1024B00000F3DD831020C4F20200874200F0FB83AA
:1024C0002820F3E318046E6039D4980600F13184B3
:1024D00040F20F40C4F20200874200F36A836F208B
:1024E000C4F20200874200F392833F20C4F202004C
:1024F000874200F3F5831020C4F20200874200F007
:102500001284282000F00BBC9F20C4F202008742F6
:102510004EDC7020C4F2020087425DD0882056E075
:1025200040F29F40C4F20200874248DC40F2704013
:10253000C4F2020087424FD040F2884047E0D803FF
:1025400000F1F783A16C00F041BC18046E6000F14B
:10255000C182980600F1398440F20F40C4F20200B3
:10256000874200F370836F20C4F20200874200F3B9
:10257000E2833F20C4F20200874200F3F783102079
:10258000C4F20200874200F01484282000F00DBC41
:102590004020C4F2020087421ED0582017E040F2CB
:1025A0004040C4F20200874216D040F258400EE08C
:1025B000A020C4F2020087420ED0B82007E040F20B
:1025C000B840C4F20200874206D040F2A040C4F2F4
:1025D0000200874240F09782206804230068184276
:1025E00009D02068036823F004030360AA60606DCB
:1025F00040F001006065012000FA01F2324270D023
:1026000040F20F40C4F20200874210DC6F20C4F297
:10261000020087421CDC3F20C4F20200874232DC09
:102620001020C4F20200874251D028204AE04F45D2
:102630001ADC40F23F40C4F2020087422ADC40F23A
:102640001040C4F20200874241D040F2284039E0F5
:102650009F20C4F20200874225DC7020C4F20200F1
:10266000874234D088202DE040F29F40C4F202001F
:1026700087421FDC40F27040C4F20200874226D03D
:1026800040F288401EE04020C4F2020087421ED083
:10269000582017E040F24040C4F20200874216D0B2
:1026A00040F258400EE0A020C4F2020087420ED053
:1026B000B82007E040F2B840C4F20200874206D0DA
:1026C00040F2A040C4F20200874240F01F8220681E
:1026D000406900F0800020B1AA60606D40F0020007
:1026E0006065042000FA01F2324270D040F20F40DF
:1026F000C4F20200874210DC6F20C4F2020087425D
:102700001CDC3F20C4F20200874232DC1020C4F2FD
:102710000200874251D028204AE04F451ADC40F29F
:102720003F40C4F2020087422ADC40F21040C4F26B
:102730000200874241D040F2284039E09F20C4F295
:102740000200874225DC7020C4F20200874234D0A8
:1027500088202DE040F29F40C4F2020087421FDC37
:1027600040F27040C4F20200874226D040F2884016
:102770001EE04020C4F2020087421ED0582017E01D
:1027800040F24040C4F20200874216D040F2584066
:102790000EE0A020C4F2020087420ED0B82007E06D
:1027A00040F2B840C4F20200874206D040F2A04096
:1027B000C4F20200874240F0AF812068006800F058
:1027C000020020B1AA60606D40F004006065102036
:1027D00000FA01F131427ED040F20F40C4F2020013
:1027E000874210DC6F20C4F2020087421CDC3F20CD
:1027F000C4F20200874232DC1020C4F20200874299
:1028000051D028204AE04F451ADC40F23F40C4F244
:10281000020087422ADC40F21040C4F202008742E4
:1028200041D040F2284039E09F20C4F202008742A4
:1028300025DC7020C4F20200874234D088202DE0CD
:1028400040F29F40C4F2020087421FDC40F2704019
:10285000C4F20200874226D040F288401EE04020A9
:10286000C4F2020087421ED0582017E040F24040D8
:10287000C4F20200874216D040F258400EE0A02079
:10288000C4F2020087420ED0B82007E040F2B84000
:10289000C4F20200874206D040F2A040C4F2020017
:1028A000874240F03F81276808223868104212D0E2
:1028B000A960206801684903016806D4C90506D4E7
:1028C000016821F00801016001E008034FD4216C88
:1028D00009B120468847E06D202100F01F008140AB
:1028E000314200F0A88040F20F432268C4F2020394
:1028F0009A4210DC6F23C4F202039A421CDC3F238D
:10290000C4F202039A4236DC1023C4F202039A4254
:1029100055D028234EE04A451ADC40F23F43C4F22A
:1029200002039A422EDC40F21043C4F202039A42A0
:1029300045D040F228433DE09F23C4F202039A426F
:1029400029DC7023C4F202039A4238D0882331E094
:1029500040F29F43C4F202039A4223DC40F27043E8
:10296000C4F202039A422AD040F2884322E0A16CCA
:102970000029AED1AFE74023C4F202039A421ED031
:10298000582317E040F24043C4F202039A4216D0A3
:1029900040F258430EE0A023C4F202039A420ED044
:1029A000B82307E040F2B843C4F202039A4206D0CB
:1029B00040F2A043C4F202039A4240F0B58022687C
:1029C000102312681A4236D0A96094F83520216885
:1029D000042A0A6817D122F016020A604A6922F016
:1029E00080024A61226C0AB9A26C1AB10A6822F00C
:1029F00008020A603F2101FA00F0A860012084F873
:102A00003500216D65E1500308680CD4C0050ED473
:102A1000086820F010000860012084F835000020CC
:102A200084F8340003E0000301D4616C00E0E16B42
:102A300009B120468847606D002800F0CA81606DAA
:102A4000C00700F0B480042084F8350040F20F4144
:102A50002068C4F20201884210DC6F21C4F2020136
:102A600088421CDC3F21C4F2020188425EDC102156
:102A7000C4F2020188427ED0282176E048451ADC63
:102A800040F23F41C4F20201884256DC40F210415C
:102A9000C4F2020188426ED040F2284165E09F21D5
:102AA000C4F20201884251DC7021C4F20201884262
:102AB00061D0882159E040F29F41C4F2020188426E
:102AC0004BDC40F27041C4F20201884253D040F224
:102AD00088414AE0D80300F17881616C76E14F4586
:102AE00000F3868040F23F40C4F20200874200F3C8
:102AF000C58040F21040C4F20200874200F0DB8043
:102B000040F22840D2E00823384667E538680020C4
:102B100000287FF4E1ADE4E53868002000287FF468
:102B200051AE54E60422C0E602234AE74021C4F233
:102B3000020188421FD0582117E040F24041C4F200
:102B40000201884217D040F258410EE0A021C4F2A1
:102B5000020188420FD0B82107E040F2B841C4F228
:102B60000201884207D040F2A041C4F2020188422B
:102B700008BF206800E020684FEA9821026822F030
:102B800001020260009801300090884203D820685A
:102B90000068C007F6D120680068C0074FF0030046
:102BA00008BF012084F83500002084F83400E16C6F
:102BB0000CE14F4538DC40F23F40C4F2020087424E
:102BC00000F3958040F21040C4F20200874200F00A
:102BD000AA8040F22840A2E09F20C4F2020087426F
:102BE00055DC7020C4F20200874264D088205DE08A
:102BF00040F29F40C4F2020087424FDC40F2704036
:102C0000C4F20200874256D040F288404EE09F2036
:102C1000C4F20200874273DC7020C4F202008742D3
:102C200000F0818088207AE040F29F40C4F20200E8
:102C300087426CDC40F27040C4F20200874272D0DE
:102C400040F288406BE04F4500F3818040F23F4006
:102C5000C4F20200874200F3908040F21040C4F2B8
:102C60000200874200F0A58040F228409DE040200D
:102C7000C4F2020087421ED0582017E040F24040C4
:102C8000C4F20200874216D040F258400EE0A02065
:102C9000C4F2020087420ED0B82007E040F2B840EC
:102CA000C4F20200874206D040F2A040C4F2020003
:102CB000874240F0918027686FF01C02386810400E
:102CC0003860012000FA01F16960606584F8350020
:102CD000E16C00294FF0000084F8340077D178E0EF
:102CE0004020C4F2020087421DD0582017E040F275
:102CF0004040C4F20200874215D040F258400EE036
:102D0000A020C4F2020087420DD0B82007E040F2B4
:102D1000B840C4F20200874205D040F2A040C4F29D
:102D2000020087425BD127686FF0080138680840CD
:102D30003860216C4AE09F20C4F20200874225DC03
:102D40007020C4F20200874233D088202DE040F288
:102D50009F40C4F2020087421FDC40F27040C4F280
:102D60000200874225D040F288401EE04020C4F295
:102D7000020087421DD0582017E040F24040C4F2C4
:102D80000200874215D040F258400EE0A020C4F265
:102D9000020087420DD0B82007E040F2B840C4F2EC
:102DA0000200874205D040F2A040C4F202008742F0
:102DB00018D127686FF01401386808403860012086
:102DC00084F83500002084F83400E16B09B1204616
:102DD000884701B0BDE8F0836FF00E026EE76FF038
:102DE0000401A3E76FF00A01E6E70000000000001D
:102DF0002DE9F04381B0044601F096FB002C00F071
:102E0000738140F26F4805462068C4F202084045CD
:102E100015DC9F21C4F2020188422BDC5721C4F249
:102E20000201884251DC1021C4F2020188427AD0AA
:102E30002821C4F20201884275D040216EE045F29B
:102E40002F41C5F60201884227DC40F2B741C4F2A7
:102E50000201884245DC40F27041C4F2020188421E
:102E600061D040F28841C4F2020188425BD040F256
:102E7000A04153E040F22741C4F2020188423FDC06
:102E8000A021C4F2020188424DD0B821C4F202014F
:102E9000884248D040F2104140E045F26B41C5F60F
:102EA0000201884200F3908045F23041C5F60201EC
:102EB000884200F09C8045F24441C5F602018842F8
:102EC00000F0958045F258418CE05821C4F202018F
:102ED000884228D07021C4F20201884223D0882180
:102EE0001CE040F2B841C4F2020188421BD045F216
:102EF0000841C5F60201884279D045F21C4171E0D3
:102F000040F22841C4F2020188420CD040F2404114
:102F1000C4F20201884206D040F25841C4F20201D4
:102F2000884240F03F8140F20F420221C4F2020287
:102F300084F8351090424FF0000184F8341012DC10
:102F40006F21C4F20201884220DC3F21C4F2020159
:102F5000884200F391801021C4F20201884200F0FF
:102F6000B0802821A7E040451EDC40F23F41C4F27A
:102F70000201884200F3878040F21041C4F202014E
:102F8000884200F09E8040F2284194E09F21C4F2E4
:102F90000201884200F380807021C4F2020188425D
:102FA00000F08F80882186E040F29F41C4F2020148
:102FB000884278DC40F27041C4F20201884200F09D
:102FC000808040F2884176E045F26C41C5F602010E
:102FD00088420CD045F28041C5F60201884206D0F5
:102FE00045F29441C5F60201884240F0DB8004F1CD
:102FF000080E022084F8350000209EE80640A1F16A
:10300000800384F83400B3FA83F320685B09402915
:10301000D4E90576D4E9079C05684FEA83336FF35A
:10302000101508BF102345EAD2014AF6F8321943B9
:10303000CAF2FD7241EADE014CF6CD4341EAD70106
:10304000024441EAD601CCF6CC4341EAD901A2FBC5
:10305000032341EA1C1101606FF0030000EA9300B2
:10306000E0652046FEF718F9E16D012201F01F012D
:1030700002FA01F14160C7E04021C4F20201884236
:103080001FD0582117E040F24041C4F202018842AB
:1030900017D040F258410EE0A021C4F2020188424C
:1030A0000FD0B82107E040F2B841C4F202018842D3
:1030B00007D040F2A041C4F20201884208BF206854
:1030C00000E02068016821F00101016020680168CA
:1030D000C9070DD001F028FA401B0628F6D320209E
:1030E0006065032084F83500012001B0BDE8F0835D
:1030F00048F23F0204F108070168CFF61062114060
:1031000066698CCF1143D4F818C01943E369394379
:10311000276A0E43616A46EA0C06042943EA06035D
:1031200043EA070303D1D4E90B763B433343656895
:10313000A5F12906292E00F247800127DFE806F0D5
:103140001515151515154444444444444444444459
:103150004444444444441515151544444444151549
:1031600044444444444415151515002F18BF43F436
:10317000801304290360426922F0070241EA020138
:1031800037D1D4E90A5341EA050193B3BCF5005F96
:103190000AD0BCF1000F13D1022D1DD0012D09D092
:1031A000D5B11CE040209BE7032D18D8DFE805F0DF
:1031B0000A140A02A3F1C072B2FA82F252090FE0B5
:1031C000032D08D201220BE025F00302743AB2FA73
:1031D00082F25709C9E702D1C3F3006200E000227E
:1031E0003AB140206065012084F8350001B0BDE8A7
:1031F000F08341612046FEF74FF8E16D3F2201F078
:103200001F0102FA01F181602068404519DC9F210D
:10321000C4F20201884231DC5721C4F20201884223
:1032200056DC1021C4F20201884200F0928028216D
:10323000C4F20201884200F08C804021C4F20201F5
:1032400084E045F22F41C5F6020188422BDC40F2B2
:10325000B741C4F20201884248DC40F27041C4F236
:103260000201884275D040F28841C4F202018842CE
:103270006FD040F2A041C4F2020167E040F2274162
:10328000C4F20201884240DCA021C4F2020188425B
:103290005FD0B821C4F2020188425AD040F21041F6
:1032A000C4F2020152E045F26B41C5F602018842C8
:1032B0003CDC45F23041C5F60201884249D045F276
:1032C0004441C5F60201884243D045F258413BE0F3
:1032D0005821C4F2020188423BD07021C4F202019D
:1032E000884236D08821C4F202012FE040F2B84172
:1032F000C4F2020188422CD045F20841C5F6020111
:10330000884226D045F21C411EE040F22841C4F21A
:10331000020188421DD040F24041C4F202018842BD
:1033200017D040F25841C4F202010FE045F26C415F
:10333000C5F6020188420CD045F29441C5F602015F
:10334000884206D045F28041C5F60201884240F02D
:10335000CF8045F2574C45F6FC01C5F6020CC5F688
:10336000020160450EDC45F22F43C5F60203984288
:1033700017DC45F20843C5F60203984226D045F211
:103380001C431FE045F27F43C5F60203984211DC5F
:1033900045F25843C5F60203984217D045F26C43F4
:1033A00010E045F23043C5F6020398420ED045F2D4
:1033B000444307E045F29443C5F60203984205D022
:1033C00045F28043C5F60203984250D123784CF66B
:1033D000CD47CCF6CC47A1F1FC05083BA1F17C061A
:1033E000A3FB07373B0905EB83022266A26803F0C3
:1033F0001F030127802A666607FA03F2A26601D13D
:10340000002262606268A66ED4E91837D5B2013A2C
:10341000072A1D607E6016D82679731E072B61D897
:10342000604501F1440213DC45F22F47C5F602075F
:10343000B8423BDC45F20847C5F60207B8424AD01D
:1034400045F21C4743E000206067C4E91B004FE0E1
:1034500045F27F47C5F60207B84230DC45F25847CF
:10346000C5F60207B84236D045F26C472FE0237804
:103470004AF6AB27CAF6AA270825103BA3FB073755
:1034800040F20F43C4F202033E09984203F1AA023C
:10349000334688BF05EB171340F600059042C4F28F
:1034A000020528BF334605F180069CE745F2304708
:1034B000C5F60207B8420ED045F2444707E045F290
:1034C0008047C5F60207B84205D045F29447C5F6D5
:1034D0000207B84214D101EB8600E06601202267A2
:1034E0009840606704F16C02002307CA03604A60D9
:1034F00000206065012184F8351001B0BDE8F0833B
:1035000040F60000C4F2020000F1FC0100F5A072D8
:10351000E1E7000000000000B0B5044601F004F847
:1035200040F624310546C2F20041621C097818BFFA
:103530000C4400BF00F0F8FF401BA042FAD3B0BD1E
:1035400090F89830013B012B0BD80068836D0B423B
:103550000CD0836D0B408B420CD1C36D43F0020342
:1035600009E000F19C010120022221E0C36D43F03B
:10357000010300E00323C3658B0504D5D0F8E030D8
:103580001343C0F8E0304B0504D5D0F8E4301A43BB
:10359000C0F8E4204FF6FF72436DC3F6CF720A40C5
:1035A0001A4342658A0F4AF614010020C4F2000152
:1035B0000B681A430A607047B0B5044690F898004B
:1035C00002281AD12068D0F8C03013F07C5F19D0DF
:1035D000D0F8C4309B021AD4D0F8C400C0F304451C
:1035E00020462B46FEF778F820680121A940C0F854
:1035F000D0100020C4F89410B0BDD4F89C0040F066
:10360000080008E0D4F89C0040F0200003E0D4F863
:103610009C0040F40070C4F89C000120B0BD000084
:10362000704700000000000080B590F89820013A33
:10363000012A0AD80A68002ACA680ED00B69072A2C
:1036400043EA427E16D18B6919E0D0F89C1041F014
:103650000201C0F89C10012080BD072A18D10A6918
:10366000D1F81CC012048B6942EA0C221A4342F0C2
:10367000605217E0D1F808C04B6943EA8C73006FC1
:10368000496800EBC10240F831E00020536080BD82
:103690008B68D1F810C09B0743EAC2624B6942EACB
:1036A0000C421A434968C06E40F82120002080BDBA
:1036B00090F898C0BCF1010F0DD19200006842EA69
:1036C0000111DDF800C041EA430141EA0C01C0F8F4
:1036D000801000207047D0F89C1041F00401C0F821
:1036E0009C1001207047000070470000000000009F
:1036F000704700000000000070B590F89850022D4F
:103700001CD140291FD10568D5F8A04014F4FE0F44
:1037100000F08F80D5F8A440640600F09680D5F8BC
:10372000A440E40148BFD5F8A040D5F8A45000F16A
:103730007404C5F3052E456CF44629E0D0F89C10BE
:1037400041F0080185E0412918D10568D5F8B0405D
:1037500014F4FE0F6DD0D5F8B440640675D0D5F8DA
:10376000B440E40148BFD5F8B040D5F8B45000F1FA
:103770007804C5F3052EC56CF44609E0056D8D424D
:1037800057D900F17C04D0F854E04FF0000C0D46FE
:1037900005FB0EF6246854F8265015F08045556058
:1037A00054F826E02EF0604508BFCEF38A4504EBBE
:1037B000860E156054F8265005F00055956054F8B3
:1037C000264004F000441461BEF80440D461DEF8E1
:1037D000044004F47024D460DEF80450B4F5803F53
:1037E00005F480155561DEF8045005F40015956167
:1037F0009EF8075005F07F051562DEF804504FEA89
:10380000D57454620ED30EF108054DF28C1E0024BF
:10381000C0F6000E2E5D1E550134D6891EF80660D6
:10382000B442F7D3402909D10068C0F8A8C00020ED
:1038300070BDD0F89C1041F020010AE041290CD164
:103840000068C0F8B8C0002070BDD0F89C1041F4EA
:103850008071C0F89C10012070BD1F2907D8006836
:10386000012202FA01F1C0F89810002070BD006832
:1038700001F01F01012202FA01F1C0F89C100020A2
:1038800070BD000000000000704700000000000054
:103890002DE9F04F89B004464AF61000C4F200004A
:1038A00001684AF61400C4F200000268206802EAC7
:1038B0000108056DD0F85490036D0293436D019398
:1038C000036D0493436D0393036D0893436D079356
:1038D000036D0693436D0593D0F854A0D0F850B013
:1038E0005FEACA530ED51BF480710BD04FF4807180
:1038F00001654AF610010020C4F20001086020466C
:10390000FFF7C2FF05EA09064AF610095FEA4A50C6
:10391000C4F200094FEA887711D51BF480600ED0FD
:103920002068D0F8DC10D0F8E42011404FF4806219
:1039300002650020C9F80000204600F009FDDDE91D
:10394000011000EA010506F4704657B12068002115
:10395000016508F00300C9F8000020463946FFF76A
:103960005FFEDDE9031000EA010705F00F0546B12F
:103970002068314606650020C9F80000204600F0A6
:10398000EFFC07F0F00645B12068294605650020E8
:10399000C9F80000204600F0DFFB46B12068314640
:1039A00006650020C9F80000204600F041FC5FEAEF
:1039B0000A500CD51BF4006009D020684FF4006158
:1039C00001650020C9F80000204600F0CDFC5FEA48
:1039D0008A5011D51BF400700ED02068D0F8D81092
:1039E000D0F8E02011404FF4007202650020C9F8C1
:1039F0000000204600F0B0FC5FEA0A300CD51BF452
:103A0000002009D020684FF4002101650020C9F88A
:103A10000000204600F09CFB5FEACA300CD51BF486
:103A2000803009D020684FF4803101650020C9F84A
:103A30000000204600F088FC5FEA4A30DDE905100E
:103A400000EA01050CD51BF4802009D020684FF452
:103A5000802101650020C9F80000204600F070FCBC
:103A60005FEA8A30DDE9071000EA010005F06071C5
:103A70000FD51BF400320CD022684FF400331365CD
:103A80000022C9F80020D4F89C2042F08002C4F83B
:103A90009C2000F0715539B1206801650020C9F8FB
:103AA00000002046FFF724FE4DB120680565002088
:103AB000C9F80000D4F89C002843C4F89C00206892
:103AC000A9F50161884208D0D4F89C0010B12046C5
:103AD000FFF70AFE09B0BDE8F08F606881688907CA
:103AE000F2D0016A426A036A476A114003EA070298
:103AF00002F03005D0F82080D0F82490D0F820B023
:103B0000D0F824A0026A089211F00F01426A0792CD
:103B1000466A026A069203D00162204600F004FC65
:103B200008EA09072DB1606829460562204600F0C1
:103B300003FC70060BEA0A0607F4C0750ED506985A
:103B400010F040000AD060684023C16BC26B090CC2
:103B500002F03F020362204600F0EAFBDDE90710B5
:103B600000EA010706F4FC462DB1606829460562AB
:103B7000204600F0D5FB07F4F02036B161680E62F4
:103B8000D4F89C103143C4F89C1000289CD0616884
:103B90000862D4F89C100843C4F89C0094E7000025
:103BA0002DE9F04F85B0002840D04AF200080446C5
:103BB000C4F200080068404502D108F580706060DA
:103BC00094F8980028B9002084F89900204600F065
:103BD000CBF92068816921F01001816100F0A4FC1B
:103BE000054600BF20688169090705D500F09CFCE7
:103BF000401B0B28F6D310E0816941F0010181617F
:103C000000F092FC054600BF20688169C90711D108
:103C100000F08AFC401B0B28F6D30120D4F89C103E
:103C20000843C4F89C00032084F89800012005B0E4
:103C3000BDE8F08F816941F002018161217C8269D8
:103C400022F04002012918BF40328261617C826902
:103C500022F48042012908BF02F580428261A17CE2
:103C6000826922F48052012918BF02F580528261D4
:103C7000816921F44073D4E902120B4383618369A3
:103C800023F0A4038361036923F0100303619AB155
:103C9000012A0DD0022A09D08369032A43F0800348
:103CA0008361036943F01002026105D1202200E024
:103CB000042283691A438261D4E90572E369561EBE
:103CC0006FF0FF02256A02EB0323B1F5407F43EA60
:103CD0004663A5F1010646EA030640F20003CFF66B
:103CE000FF7303EB074746EA0701C16110D1D4E92E
:103CF0000B65D4E90917013F02EB06226FF00F06AE
:103D00003A4306EB05173A4303EB01411143C16007
:103D1000236E2BB1616ED0F8C0201143C0F8C010E3
:103D2000E16DCDE90313D9424DF2F801C0F600016F
:103D300009D0D0F8C820A36E22F0070251F8233032
:103D40001A43C0F8C820D4F840A0BAF1000F09D037
:103D5000D0F8BC20636C22F0070251F823301A43DC
:103D6000C0F8BC20A76C57B1D0F8BC20E36C22F09F
:103D7000700251F8233042EA0312C0F8BC20D4F894
:103D800050C0BCF1000F0AD0D0F8BC20636D22F403
:103D9000E06251F8231042EA0121C0F8BC1040450E
:103DA00004D161688A6822F003028A600021C4F8A5
:103DB0009410C4F89C10012184F898104FF6FC72FE
:103DC000D0F88410D4F83C9021EA0203656CD4E961
:103DD0000D120292019543EA8103C0F88430D0F8B5
:103DE000843023F47F0343EA0243C0F8843053183D
:103DF000D0F888606FF38F0646EA8306C0F88860C3
:103E0000D0F8886003EB490326F4FE0646EA09462B
:103E1000C0F88860D0F8A0606FF38F0646EA83068A
:103E2000C0F8A060D0F8A06005FB0A3326F4FE06B7
:103E300046EA0A46C0F8A060D0F8B0606FF38F067B
:103E400046EA8306C0F8B060D0F8B06026F4FE06FB
:103E500046EA0746C0F8B060E66CD0F8AC506FF3A5
:103E60008F0506FB07337E4345EA8305C0F8AC5057
:103E7000D4F8548008FB0C35D0F8F0306FF38F0382
:103E800008FB0CFC43EA8503C0F8F030D0F8F0E002
:103E9000A36D2EF47C1242EA0342C0F8F02005EB39
:103EA0004302D0F8C0506FF38F0545EA8202C0F894
:103EB000C020D0F8C020DDF80CB022F47C1242EA19
:103EC0000B42C0F8C020019AD0F8C05025F07C55B4
:103ED00002FB0AFE4AF20002C4F20002DDF810A062
:103EE00002EB8101029A01F5406145EA0A6501EBA6
:103EF0008207C0F8C05007EBC902A56E02EB8E0026
:103F0000626700EB86060BFB05F2276706EB8C0762
:103F1000C4E91E060AFB05F007EBC30303EB8202AC
:103F2000C4F884304DF2FC33E16602EB8000C4F249
:103F300000039842C4F88070C4F88820C4F8900048
:103F400001D920206AE6814209D2002041F8040B01
:103F5000D4F890209142F9D305B0BDE8F08F00204D
:103F600005B0BDE8F08F0000B0B5B6B0044602A8B9
:103F7000B8210025CDE93455CDE932553195FCF70E
:103F8000F9F94DF200412068C4F20001884250D096
:103F90004AF20041C4F20001884200F08D804AF2EA
:103FA0000001C4F20001884240F0CF80002003905D
:103FB0004FF4004002904FF080501D9002A801F095
:103FC0001BFC08B1FDF7C0FA41F21C1144F2E040BD
:103FD000C2F20041C5F602000A68002A02F101029D
:103FE0000A6008D1C16841F48071C160C16801F400
:103FF000807101910199016841F008010160006838
:1040000031A900F0080001900198032031900220AE
:1040100032900020CDE933000920359040F6004071
:10402000C5F6020000F0A4F9132006210022132493
:1040300086E04FF4004002904FF080501D9002A89F
:10404000039501F0D9FB08B1FDF77EFA41F21C118E
:1040500044F2E040C2F20041C5F602000A68002ABC
:1040600002F101020A6008D1C16841F48071C160A7
:10407000C16801F4807101910199016841F0080162
:104080000160006831A900F00800019001984FF428
:1040900040503190022032900020CDE933000520BD
:1040A000359040F60040C5F6020000F061F99F200F
:1040B000052100229F2443E0002003904FF400409C
:1040C00002904FF080501D9002A801F095FB08B1BE
:1040D000FDF73AFA41F21C1144F2E040C2F200410D
:1040E000C5F602000A68002A02F101020A6008D13E
:1040F000C16841F48071C160C16801F480710191AF
:104100000199016841F002010160006840F6004138
:1041100000F002000190C5F6020101986020319084
:10412000022032900020CDE9330009203590A1F51E
:10413000006031A900F01CF914200521002214248C
:1041400000F0B6FA204600F0A3FA36B0B0BD000089
:10415000704700000000000070B5C9073FD04DF265
:10416000004104460068C4F20001884226D04AF2A9
:104170000001C4F20001884231D142F208664021B8
:10418000C2F200463046FCF7F5F841F22015402116
:10419000C2F2004520462A463346FFF7ADFA2868AA
:1041A000B0F5007F1CDC112829D0142817D140F667
:1041B0003800EA68C2F20040C03025E042F288656B
:1041C0004021C2F200452846FCF7D4F841F27012B3
:1041D0004021C2F2004220462B46FFF78DFA70BD07
:1041E00040F20121884216D0B0F5017F18BF70BDA2
:1041F00040F67020EA68C2F20040843010E040F6D9
:104200003800EA68C2F2004042F20861C2F200419E
:10421000FDF7D2F870BD40F67020EA68C2F20040A7
:1042200042F20861C2F20041FCF73EFF70BD00009F
:1042300070B5C90607D54AF2004105460068C4F2C8
:104240000001884200D070BD42F248664021C2F2AF
:1042500000463046FCF78EF841F248144121C2F284
:104260000044284622463346FFF746FA206840F2CB
:10427000012188420ADC12281AD01328E3D140F623
:104280003800E268C2F20040803017E040F20221BC
:1042900088421AD040F20321884218BF70BD40F610
:1042A000702042F24861C2F20040E268583014E0E7
:1042B00040F63800E268C2F20040403042F2486105
:1042C000C2F20041FDF778F870BD40F6702042F26E
:1042D0004861C2F20040E2682C30C2F20041FCF7B3
:1042E000E3FE70BD0000000090F8981001290CD189
:1042F000022180F8981001688A6922F001028A611F
:104300000021C0F89C1008467047D0F89C1041F07E
:104310000401C0F89C10012070470000000000005C
:10432000704700000000000070470000000000001F
:10433000704700000000000070470000000000000F
:1043400070470000000000007047000000000000FF
:1043500070470000000000007047000000000000EF
:1043600070470000000000007047000000000000DF
:104370002DE9F04F82B042F200420A27C5F6020250
:104380000B68904208BF0927002B009700F0C080FF
:1043900000F1264240F2040A02F1FF72C5F6000A5B
:1043A0004FEAB227009A082F4FF0000438BF3A4670
:1043B00000260127009209E00B68043633FA07F261
:1043C00007F1010704F1020400F0A280A7F101083F
:1043D000012202FA08FB13EA0B09EDD0D1F804E040
:1043E0000EF00303A3F1010CBCF1010F12D803225C
:1043F000D0F808C0A240CD682CEA0202A5402A43AA
:104400008260CEF30015426822EA0B0205FA08F535
:104410002A434260032B1FD00325C268A540022B0C
:1044200022EA05028D6805FA04F542EA0502C26037
:1044300012D16FF0030206F01C0502EA58020F23A6
:10444000024403FA05FED2F820C00B692CEA0E0CD8
:10445000AB4043EA0C03136203230268A3404D6898
:104460009A4305F00303A34015F4403F42EA0302D8
:104470000260A1D044F2F44340F2084EC5F60203B4
:10448000C5F6000E0F251A6842F002021A601A687B
:1044900002F00202019228F00302019B06F00C03D5
:1044A00052F80EC09D402CEA050C009D05FA03F35E
:1044B00043EA0C0342F80E304FF0B04EDEF800C075
:1044C0004B684CEA0905DA0258BF2CEA09059A0242
:1044D000CEF80050DAF800C04CEA090558BF2CEAC3
:1044E00009059A03CAF80050DAF880C04CEA0905B9
:1044F00058BF2CEA0905DB03CAF88050DAF87C20A3
:1045000042EA090558BF22EA0905CAF87C5053E778
:1045100002B0BDE8F08F0000002A08BF09048161E5
:1045200070470000000000004AF6E850C2F2004068
:10453000006870470000000040F624304AF6E85159
:10454000C2F20040C2F2004100780A6810440860DC
:10455000704700000000000080B5032000F0D8F88C
:1045600001F0EAFF44F218414DF26413C5F602016E
:10457000C0F600030A68096801F00F01C2F30322C4
:10458000595C9A5C01F01F0102F01F02D04040F616
:104590009812C2F2004220FA01F1116040F6941123
:1045A000C2F2004108600F2000F00AF800281CBF8A
:1045B000012080BD00F054F8002080BD0000000004
:1045C000B0B58AB00F2840D804461C2000222146EE
:1045D000002500F06DF81C2000F05AF840F6283055
:1045E000C2F20040046044F2E840C5F602000168EF
:1045F00041F001010160006801A900F00100029092
:10460000029802A801F0E4FE079C002C18BF0124C8
:1046100001F032FF4DF68361A040C4F21B314FF030
:10462000FF32A0FB010143F27030C2F200404FF0B4
:104630008043036002EB9141C0E9011540F2E7318C
:10464000C0E9031502F010FE10B101200AB0B0BDA0
:1046500043F27030C2F2004002F03AFE0AB0B0BD40
:1046600080B582B044F2F4400022C5F60200016831
:1046700041F00201016000680F2100F0020001908A
:1046800001986FF0010000F013F802B080BD000047
:10469000002848BF704700F01F01012202FA01F113
:1046A0004EF200124009CEF2000242F8201070478C
:1046B00070B54EF60C5C4FF0FF36CEF2000C00F1F8
:1046C0006045DCF80030C3F3022E8EF00703042BA4
:1046D00028BF0423BEF1030406FA03F321EA030111
:1046E00000F00F0338BF0024043BB0F1FF3F6344E8
:1046F00006FA04F003F10C0301FA04F1C8BF05F552
:10470000644322EA000008430001187070BD0000F5
:104710004EF60C514FF6FF03CEF200010A681A4024
:1047200060F30A2242F0806040F0FD70086070473C
:1047300001680122C0F80025002280F8F42488696D
:1047400040F000608861486D40F08052002042F0E7
:1047500003024A6570470000704700000000000037
:10476000026800205162704770B5D0F800E0DEF8B2
:104770002400D9B1DEF82830B1F1010C00EB13436D
:104780000CD00EF5807100205FFA8CF451F8045FB4
:104790000130C6B2A64203EB1543F7D30EEB8C00F3
:1047A00043EA0241C0F80411002070BD40EA024013
:1047B000CEF82800002070BD80B5D0F8080505F0BF
:1047C00063FF80BD0000000080B501EBC10200EB7B
:1047D0008202D0F80805926C05F0C2FE80BD000090
:1047E00080B501EBC10200EB8202D0F80805D2F8D7
:1047F000882205F00DFF80BD80B5D0F8080505F0D2
:1048000047FF80BD0000000010B5044601F00F0016
:104810000A0600EBC00104EB810205D402F51F710A
:10482000002382F87D3204E002F13C01012382F88A
:104830003D3094F8BC240870012A01D1022010BD3B
:10484000012084F8BC04206806F012FD002084F8E2
:10485000BC0410BD00000000B0B5044601F00F001C
:104860006268904201D90120B0BD090609D400EB6D
:10487000C001002304EB810202F51F7182F87D3232
:1048800008E000EBC001012304EB810202F13C01CE
:1048900082F83D3094F8BC2400258D70012A087000
:1048A00001D10220B0BD012084F8BC04206806F0CC
:1048B00073FE284684F8BC54B0BD00000000000020
:1048C00001F00F0101EBC10100EB8100D0F8900273
:1048D0007047000000000000B0B5054601F00F0071
:1048E0000C0600EBC00105EB810C05D40CF51F7123
:1048F00000248CF87D4204E00CF13C0101248CF88A
:104900003D404C7808708A60002C0B7118BF4883BA
:10491000022B01D10020487195F8BC04012801D177
:104920000220B0BD012085F8BC04286806F0C0FB59
:10493000002085F8BC04B0BD80B501F00F0E0EEB71
:10494000CE0100EB810C0021CCE9A331C368CCF887
:1049500088228CF87D12012B8CF87CE20CF51F71FB
:1049600008BFCCF89822DAB2006806F05DFE00209D
:1049700080BD000000000000B0B5044601F00F0546
:104980004068854201D90120B0BD080609D401EB79
:10499000C100002204EB800000F51F7180F87D2229
:1049A00008E005EBC500012204EB800000F13C01AA
:1049B00080F83D2094F8BC2401208870012A0D70F5
:1049C00001D10220B0BD84F8BC04206806F00CFEC2
:1049D0002DB9217B206804F2C44206F0ADFD002011
:1049E00084F8BC04B0BD000080B501F00F0E0EEBE2
:1049F000CE0100EB810C614601F83CEF4FF0000E58
:104A0000C1F814E04FF0010E81F801E0D0F80CE09D
:104A1000CA60BEF1010F0B6108BFCCF858205FFAE5
:104A20008EF2006806F000FE002080BD000000004D
:104A30002DE9F04F89B005688246284606F078FFD8
:104A400010B109B0BDE8F08FDAF8000006F0A0FF61
:104A50000028F6D0D5F80808C0F30D20CAF8FC04E9
:104A6000DAF8000006F094FF800705D5DAF80000B8
:104A7000416901F00201416105F500600490DAF836
:104A8000000006F085FFC00606953DD5DAF8000067
:104A9000816921F0100181612C6A04F00F05C4F3D3
:104AA0004340062818D0022827D147F6F07014EAB0
:104AB000000622D005EBC50034090AEB80070698F2
:104AC0002246D7F8881206F067FFD7F8880200EB75
:104AD0001610C7F8880207E00AF2C44108220698B7
:104AE00006F05AFFC4F30A1405EBC5000AEB800078
:104AF000D0F890122144C0F89012DAF800008169D1
:104B000041F010018161069DDAF8000006F040FFD7
:104B10000003CDF820A040F10081DAF8000006F093
:104B200013FF002800F0F98006464FF430644FF080
:104B300000084FF0000B0AF2C440079009E000BFE4
:104B40000BF1010B760804F1200408F1240800F0B1
:104B5000E480F007F4D05FFA8BF9DAF800004946F8
:104B600006F00EFF8246C0076DD028190121816032
:104B7000089F38682118036C8A68FF68012F2BD1C1
:104B800017073CD497065BD412F0280F069D5AD124
:104B900043F20B07C4F65477BB4202D312F400422F
:104BA0004BD1089FB8F1000F07EB0802D2F89C32F6
:104BB00009696FF3DF41A3EB0101C2F8901240F0E5
:104BC000AA80D2F88C32002B00F0A080D2F88802A4
:104BD0000844C2F888029DE043F20B07C4F65477FC
:104BE000FF37BB4219D1100427D49006069D01D58A
:104BF0002020886008984946FFF7F2FD23E043F241
:104C00000B00069DC4F6547083421CD312F400407E
:104C100019D04FF40040886015E0B8F1000F07D1BB
:104C20000899D1F88C1219B90021079A06F084FC72
:104C300008984946FFF7D4FD04E04FF4004000E037
:104C400020208860069D5FEA0A7025D52819082172
:104C5000816043F20B010898C4F654714F1E00683E
:104C6000056C2044BD42816805D911F400411CBF88
:104C70004FF400418160089800F00AFCBD42069D97
:104C80000AD90898C068012806D108980121079A16
:104C9000006806F051FC00BF5FEACA6014D45FEA06
:104CA0008A7017D45FEA8A6002D5281920218160B2
:104CB0005FEA8A40DDF820A07FF542AF28194FF463
:104CC000005181603CE700BF2819102181605FEA34
:104CD0008A70E7D56869000604D50499486840F4ED
:104CE000806048600898404490F87F12012906D1FE
:104CF000002180F87F120898494600F0A9FA281987
:104D0000022181605FEA8A60CFD4D1E70121079A4E
:104D100006F012FC089F38468BE7DAF8000006F030
:104D200037FE400340F1E080DAF8000006F004FEB0
:104D3000002800F0D98006460698002700F510608C
:104D400003900AF2C440029005E000BF760807F124
:104D5000010700F0C980F007F8D0F9B2DAF80000D6
:104D6000079106F0F9FD0446C007039D0AD120070C
:104D700032D4E00636D460063AD4A0073ED42006EA
:104D8000E4D554E0049B07F00F004FF0010C05EB55
:104D900047120CFA00F0596B21EA00005863C2F880
:104DA00008C0DAF80C00012810D107EBC7000AEBA5
:104DB0008000D0E91112114481643FB9C06C28B958
:104DC000DAF800000121029A06F0B6FB5046079976
:104DD000FFF7FAFC2007CCD505EB471008218160CE
:104DE000E006C8D505EB4710102181606006C4D5E8
:104DF00005EB471040218160A007C0D506983946D1
:104E000006F05EFD07EBC7000AEB800010F83F1FBD
:104E1000012905D1002101705046079900F010FAD0
:104E200005EB47100221816020067FF58FAF07EB6D
:104E3000C7000AEB800BD94659F84C0FC84658F802
:104E4000041F8842FFF482AFDAF80020411A5BF8B1
:104E5000440F814288BF014602EB4710059203319F
:104E6000D0F8182992B2B2EB910F27D300F5106A4F
:104E70000BF10405D8F80000D9F8001081421DD9C3
:104E80000C1A0899DBF8000084420A7B88BF0446AC
:104E900029680092A3B20598079A06F095FE286843
:104EA00020442860D8F800002044C8F80000E01C26
:104EB000DAF8181089B2B1EB900FDBD2D9F8000004
:104EC000D8F800108842DDF820A03FF63FAF059AE1
:104ED00007F00F00012101FA00F0D2F8341821EA9E
:104EE0000000C2F8340831E7DAF8000006F050FD9F
:104EF000B0F1FF3F049C069D18DC606820F00100C3
:104F000060609AF8F404012807D100208AF8F404BC
:104F100000215046FFF720FC02E0504600F094FAD2
:104F2000DAF80000416901F000414161DAF800005F
:104F300006F02EFD00050BD5A068C00702D0504634
:104F400000F0D2FADAF80000416901F40061416131
:104F5000DAF8000006F01CFD000118D5DAF80000B0
:104F6000416901F0006141619AF8F41419B15046A9
:104F700000F0BAFA0BE001218AF8F414406D012127
:104F8000C0F38300CAF8F8045046FFF7E5FBDAF8EF
:104F9000000006F0FDFCC00454D56068102120F02C
:104FA00001006060DAF8000006F08AFCDAF804001C
:104FB000D8B105F510614FF67F3200BF8A60013825
:104FC0000B6823F400130B60C1F80822D1F80032FB
:104FD00023F40013C1F80032D1F8003243F000632B
:104FE000C1F8003201F12001E8D1E06940F0011080
:104FF000E061DAF8300040B1D4F8840040F00B00F2
:10500000C4F8840004F1440006E0606942F22B0118
:105010000843606104F1100001680AF2C44241F0E3
:105020000B010160206820F4FE6020609AF80C10EB
:10503000DAF8000006F080FADAF80000416901F4BD
:1050400080514161DAF8000006F0A2FC80041CD512
:10505000DAF8000006F070F8DAF8000006F058FC04
:10506000CAF81000DAF8004001F0DEF99AF81020D2
:105070000146204606F01CFD504600F0CDF9DAF856
:105080000000416901F400514161DAF8000006F0C6
:105090007FFC000708D5504600F0DEF9DAF8000082
:1050A000416901F008014161DAF8000006F070FC86
:1050B000000628D50699886920F080008861DAF812
:1050C000040002281FD30AF2A324012507E000BF31
:1050D0000135DAF80400854204F1240413D2207863
:1050E0000128F5D105F00F002A0600EBC0000AEBFD
:1050F000800000F13C0158BF00F51F71DAF8000094
:1051000006F092FBE4E7DAF8000006F041FCC0028A
:1051100031D5DAF80400022827D306980AF164058D
:1051200000F512640126012709E000BF0137DAF813
:105130000400874204F1200405F1240515D22068FB
:1051400029780129F2D1B0F1FF3FEFDC07F00F0021
:1051500005F8016C00EBC0000AEB800000F13C0197
:10516000DAF8000006F060FBE0E7DAF800004169D9
:1051700001F480114161DAF8000006F009FC8002B8
:1051800035D5DAF80400069D02282AD3013805F542
:1051900032610AF52972012306E000BF013801F1EE
:1051A000200102F124021CD00F681678012EF5D1DF
:1051B000B7F1FF3FF2DCDAF8FC6407F4803706F061
:1051C0000106B742EAD102F8013CAF6947F0800717
:1051D000AF616F693F06E1D40499486840F40070FC
:1051E0004860DAF80000416901F400114161DAF821
:1051F000000006F0CDFB400008D55046FFF7DCFA72
:10520000DAF80000416901F080414161DAF80000FC
:1052100006F0BEFB40077FF514ACDAF800004468E6
:10522000600702D55046FFF7E7FADAF80000416858
:105230002143416009B0BDE8F08F0000000000008C
:1052400080B5D0F8080505F087FA80BD00000000A1
:1052500080B5D0F8080505F093FA80BD0000000085
:105260002DE9F04F8BB0002800F0858004460568DA
:1052700090F8BD0428B9002084F8BC04204600F052
:1052800093F8032084F8BD04E86BC00501D4002026
:10529000E060206806F048F920680A9004F1040EE6
:1052A00004F11C0AD4E90C509EE80E589AE8C00795
:1052B000CDE9085003A88DE8005880E8C0070A9897
:1052C00005F04AFF002853D120680021002506F090
:1052D000A7FB616871B301200023002203EBC30325
:1052E00004EB8307D3B287F83C200132A7F856308D
:1052F000D3B287F83D00994287F840507D64BD6481
:10530000FD64EBD800200023002200BF03EBC303A1
:1053100004EB830787F87C220132D3B287F87D0241
:10532000994287F88002C7F88402C7F88802C7F854
:105330008C02EBD804F1140E04F1240A2268A06850
:105340000A90D4E903379EE840589AE80007D4E968
:105350000C50CDE9085002A8CDE9007680E800584D
:1053600005A880E8000710460A9A05F0E5FF30B16D
:10537000022084F8BD0401200BB0BDE8F08F0020AE
:1053800084F83800012084F8BD04606A012802D145
:105390002046FFF7CDF9206805F0BEFF00200BB0D6
:1053A000BDE8F08F0000000010B5B0B0044602A8C0
:1053B000B821FAF7DFFF00212068C4F20401884217
:1053C00001D030B010BD002003904FF48020029037
:1053D0004FF44010239002A800F00EFA08B1FCF739
:1053E000B3F800F0C1F844F2D8400022C5F602003C
:1053F000016841F0007101600068052100F0007053
:10540000019001984D20FFF753F94D20FFF740F927
:1054100030B010BD0000000010B50446006918B19E
:10542000022803D1012104E0002102E0FCF78CF8FE
:105430000121D4F8080505F02FFAD4F8080505F085
:10544000DBF910BD0000000080B5D0F8080505F0BC
:1054500007FA80BD0000000080B5D0F8080505F00F
:105460000BFA80BD0000000010B5044690F8BC04A3
:10547000012801D1022010BD012084F8BC0484F869
:105480003810206806F000FB002084F8BC0410BD32
:1054900080B5D0F8082500F2C441104605F014FA92
:1054A00080BD00000000000010B5044690F8BC0468
:1054B000012801D1022010BD2068012184F8BC140C
:1054C000C16BC90506D4A16A012903D1816B41F4DE
:1054D0008031816306F0ECF9206805F00DFF0020B3
:1054E00084F8BC0410BD000010B50446D0F80805CF
:1054F00005F03EFA2068D0F8001E41F00101C0F826
:10550000001E206A002808BF10BD4EF61050CEF2D3
:105510000000016841F00601016010BD00000000BC
:10552000B0B544F60C05C5F6020529684907296897
:1055300005D401F00701081A18BF0120B0BD21F001
:10554000070108432860FEF7EFFF044655F8080CF2
:10555000800407D4FEF7E8FF001BB0F57A7FF5D989
:105560000120B0BD0020B0BD44F60C00C5F602001D
:10557000016841F080710160704700000000000088
:1055800080B500F051FF44F220414DF26412C5F69F
:105590000201C0F600020968C1F30211515C01F07A
:1055A0001F01C84080BD000080B544F2384EC5F6EA
:1055B000020E5EF8103C5EF8101CC1F3053C5EF86C
:1055C0000C1CBCF1000FDEF8042014D0C1F3001154
:1055D000C2F3CC02514300EE101A03F0030102297A
:1055E000B8EE400A0CD071B95EF8381C89060DD4AB
:1055F0009FED341A18E000218160C0E9001180BDE0
:105600009FED2F1A10E09FED2D1A0DE05EF8381C6B
:1056100049F20002C0F2D032C1F3C10122FA01F115
:1056200001EE101AB8EE411ADEF800109FED263A8E
:105630006FF35F2102EE101ADEF80010C1F346216D
:10564000B8EE422A00EE032A00EE10CAB7EE003A86
:10565000B8EE400A81EE000A32EE031A02EE101A8A
:10566000B8EE422A20EE010A32EE031A80EE011A49
:10567000BCEEC11A80ED001ADEF80010C1F306413D
:1056800001EE101AB8EE411A31EE031A80EE011A3B
:10569000BCEEC11A80ED011ADEF80010C1F30661FC
:1056A00001EE101AB8EE411A31EE031A80EE010A2B
:1056B000BCEEC00A10EE101A816080BD0024744A4E
:1056C000001BB74B0024744C0000003900000000A0
:1056D00080B544F2404EC5F6020E5EF8183C5EF806
:1056E000181CC1F3055C5EF8141CBCF1000FDEF859
:1056F000042014D0C1F30021C2F3CC02514300EEC8
:10570000101A03F003010229B8EE400A0CD071B957
:105710005EF8401C89060DD49FED341A18E0002174
:105720008160C0E9001180BD9FED2F1A10E09FED50
:105730002D1A0DE05EF8401C49F20002C0F2D03292
:10574000C1F3C10122FA01F101EE101AB8EE411ABB
:10575000DEF800109FED263A6FF35F2102EE101A7B
:10576000DEF80010C1F34621B8EE422A00EE032A0B
:1057700000EE10CAB7EE003AB8EE400A81EE000A19
:1057800032EE031A02EE101AB8EE422A20EE010A97
:1057900032EE031A80EE011ABCEEC11A80ED001A37
:1057A000DEF80010C1F3064101EE101AB8EE411AFE
:1057B00031EE031A80EE011ABCEEC11A80ED011A17
:1057C000DEF80010C1F3066101EE101AB8EE411ABE
:1057D00031EE031A80EE010ABCEEC00A10EE101A78
:1057E000816080BD0024744A001BB74B0024744CB8
:1057F00000000039000000002DE9F04381B00446AC
:10580000C07844F22C490007C5F6020901D40025EE
:105810002EE0606E4FEA305003280DD80025DFE8F7
:1058200000F0020E1714D9F80000002540F40030F3
:10583000C9F8000055B913E001253DB910E004F1A5
:105840000800022103F048FB05464DB1A84611E0CF
:1058500004F12800022103F0CFFB0546002DF5D10D
:10586000D9F82400616E20F440100843C9F82400E0
:105870004FF000086078C00730D0A06D042807D82A
:10588000DFE800F00A131C030300FDB1A84625E081
:105890000125002DFAD119E0D9F8000040F40030BC
:1058A000C9F80000002DF1D110E004F1080000213A
:1058B00003F012FB0546002DE8D107E004F12800B3
:1058C000002103F099FB0546002DDFD1D9F8240013
:1058D000A16D20F007000843C9F824006078400754
:1058E00034D5D4F8A4004FEA7050052807D8DFE873
:1058F00000F00A131C030303FDB1A84626E00125AE
:10590000002DFAD119E0D9F8000040F40030C9F8B0
:105910000000002DF1D110E004F10800002103F097
:10592000DBFA0546002DE8D107E004F1280000214C
:1059300003F062FB0546002DDFD1D9F82C00D4F826
:10594000A41020F460000843C9F82C006078000718
:1059500034D5D4F8A8004FEA3060052807D8DFE82E
:1059600000F00A131C030303FDB1A84626E001253D
:10597000002DFAD119E0D9F8000040F40030C9F840
:105980000000002DF1D110E004F10800002103F027
:10599000A3FA0546002DE8D107E004F12800002114
:1059A00003F02AFB0546002DDFD1D9F82C00D4F8EE
:1059B000A81020F0E0600843C9F82C00E0788007C8
:1059C00028D5E06C4FEA3010032806D8DFE800F055
:1059D00002091202B5B1A8461CE00125002DFAD13A
:1059E00010E0D9F8000040F40030C9F80000002DA4
:1059F000F1D107E004F10800022103F06DFA054639
:105A0000002DE8D1D9F82000E16C20F030000843E7
:105A1000C9F820006078C00632D5E06D4FEA30301A
:105A2000042807D8DFE800F00A131C030300FDB1C7
:105A3000A84625E00125002DFAD119E0D9F800008B
:105A400040F40030C9F80000002DF1D110E004F15D
:105A50000800002103F040FA0546002DE8D107E0D8
:105A600004F12800002103F0C7FA0546002DDFD11C
:105A7000D9F82400E16D20F4E0400843C9F824007F
:105A80006078800626D5206E4FEA3040052807D87A
:105A9000DFE800F0030A100303039DB1A84619E0F4
:105AA0000125002DFAD10DE004F10800012103F0D9
:105AB00013FA04E004F12800012103F09DFA0546E1
:105AC000002DEBD1D9F82400216E20F4E02008430A
:105AD000C9F824006078400628D5D4F8AC004FEA15
:105AE0003070052807D8DFE800F0030A100303032D
:105AF0009DB1A8461AE00125002DFAD10DE004F170
:105B00000800012103F0E8F904E004F12800012174
:105B100003F072FA0546002DEBD1D9F82C00D4F829
:105B2000AC1020F0E0400843C9F82C006078000673
:105B300020D5E06ED8B1B0F1005F12D0B0F1805F37
:105B400025D1D9F8000040F40030C9F8000085B92B
:105B5000D9F82400E16E20F040500843C9F8240031
:105B600008E004F10800012103F0B6F90546002D14
:105B7000EED0A846E078C0072AD0A06C03280AD847
:105B8000DFE800F0020D1602D5B1A84620E001259D
:105B9000002DEED1DCE70125002DF6D110E0D9F87B
:105BA000000040F40030C9F80000002DEDD107E0FE
:105BB00004F10800022103F08FF90546002DE4D11D
:105BC000D9F82000A16C20F003000843C9F8200098
:105BD000A078400642D5D9F8D40340F48070C9F8C3
:105BE000D403FEF7A1FC0646D9F8D403C00505D4BA
:105BF000FEF79AFC801B6528F6D303256DBBD9F808
:105C00004410D4F8B000414011F4407F11D0D9F8CD
:105C10004410D9F8442042F48032C9F84420D9F81D
:105C2000442021F4407122F48032C9F84420C9F89C
:105C30004410B0F5807F0FD1FEF776FC064641F2A6
:105C4000893700BFD9F84400800705D4FEF76CFC03
:105C5000801BB842F6D3032585B1A8462078C0073B
:105C600042D0A06F4FEAF000052823D8DFE800F00B
:105C700003262C0303037DB3A84635E04FF6CF730C
:105C8000D4F8B00059F81C2CC0F2FF0300F44071A6
:105C900022F47C5203EA1013B1F5407F08BF1A4387
:105CA0006FF31F3049F81C2CD9F844100843C9F889
:105CB0004400D3E70125002DDED10DE004F10800FA
:105CC000012103F009F904E004F12800012103F0A7
:105CD00093F90546002DCFD1D9F82800A16F20F007
:105CE00038000843C9F828002078800724D5606F61
:105CF000052807D8DFE800F0030A100303039DB16D
:105D0000A84619E00125002DFAD10DE004F10800A4
:105D1000012103F0E1F804E004F12800012103F07F
:105D20006BF90546002DEBD1D9F82800616F20F002
:105D300007000843C9F828002078400726D5D4F882
:105D40009000052807D8DFE800F0030A10030303DA
:105D50009DB1A8461AE00125002DFAD10DE004F10D
:105D60000800012103F0B8F804E004F12800012143
:105D700003F042F90546002DEBD1D9F82C00D4F8F8
:105D8000901020F007000843C9F82C002078800606
:105D900028D5D4F88C004FEA3070052807D8DFE802
:105DA00000F0030A100303039DB1A8461AE0012581
:105DB000002DFAD10DE004F10800002103F08CF869
:105DC00004E004F12800022103F016F90546002D35
:105DD000EBD1D9F82800D4F88C1020F0E04008432B
:105DE000C9F828002078400628D5D4F898004FEA52
:105DF000B020052807D8DFE800F0030A10030303EA
:105E00009DB1A8461AE00125002DFAD10DE004F15C
:105E10000800002103F060F804E004F128000221EA
:105E200003F0EAF80546002DEBD1D9F82C00D4F8A0
:105E3000981020F4E0500843C9F82C0020780006A0
:105E400028D5D4F89C004FEA7030052807D8DFE841
:105E500000F0030A100303039DB1A8461AE00125D0
:105E6000002DFAD10DE004F10800002103F034F810
:105E700004E004F12800022103F0BEF80546002DDD
:105E8000EBD1D9F82C00D4F89C1020F460400843E2
:105E9000C9F82C002078000716D5D4F88000B0F59A
:105EA000805F08D104F12800022103F0A5F8002842
:105EB00018BF4FF00108D9F82800D4F8801020F45A
:105EC00040500843C9F828002078C00616D5D4F8F9
:105ED0009400B0F5807F08D104F12800022103F07E
:105EE0008BF8002818BF4FF00108D9F82C00D4F81F
:105EF000941020F440700843C9F82C00A0780007E3
:105F000022D5D4F8A000B0F5003F1AD0B0F5803FFC
:105F100011D0C8BB04F10800002102F0DDFF0546E6
:105F20008DB9D9F82C00D4F8A01020F440300843E3
:105F3000C9F82C0008E004F12800022103F05CF805
:105F40000546002DEDD0A846A078400729D5D4F805
:105F50008400B0F5401F21D0B0F5001F18D0B0F577
:105F6000801F40F0BA80D9F8000040F40030C9F832
:105F70000000ADB9D9F82800D4F8841020F44010FE
:105F80000843C9F828000CE00125002DDBD1C8E743
:105F900004F12800012103F02FF80546002DE9D077
:105FA000A846A078C00720D0206DB0F5803F10D063
:105FB000B8B9D9F8000040F40030C9F800009DB924
:105FC000D9F82000216D20F480300843C9F8200062
:105FD0000BE004F10800022102F07EFF05461DB926
:105FE000EEE70125002DEBD0A846E078800608D525
:105FF00004F12800022102F0FFFF002818BF4FF033
:106000000108D4E900108A0376D5E26F6FF001032E
:1060100003EB3223022B0AD34FEA32233BB1012B8D
:1060200060D1D9F8003043F40033C9F80030002DB6
:106030005BD0CA0263D48A026BD44A0073D4CA0FFD
:1060400040F08180090200F18980C00707D004F187
:106050000800002102F040FF002818BF0546207903
:10606000800707D504F10800012102F035FF002860
:1060700018BF05462079400707D504F10800022122
:1060800002F02AFF002818BF05462079000707D52F
:1060900004F12800002102F0AFFF002818BF0546D8
:1060A0002079C00607D504F12800012102F0A4FFE1
:1060B000002818BF05462079800607D504F128007E
:1060C000022102F099FF002818BF0125002D18BFFA
:1060D0000125284601B0BDE8F0830125002D7FF49D
:1060E0005FAF47E70125002DA3D1D9F8283023F46D
:1060F00040731A43C9F828204546CA029BD5D9F8EF
:106100002420236F22F000421A43C9F824208A0277
:1061100093D5D9F82420A36E22F080721A43C9F8CF
:1061200024204A008BD559F81C2C22F4004249F84F
:106130001C2CD4F8B42059F81C3C1A4349F81C2CE8
:10614000CA0F3FF47FAFD9F82020636D22F0405290
:106150001A43C9F8202009027FF577AFD9F8281033
:10616000D4F8882021F440011143C9F82810C00751
:106170007FF46DAF73E700002DE9F04381B0002894
:1061800000F0F48042F200080446C5F20028894677
:10619000D8F8000000F00F0088420ED2D8F80000B6
:1061A00020F00F0040EA0900C8F80000D8F800000D
:1061B00000F00F00484540F0D980206844F21847AD
:1061C0004107C5F602070AD521693A6802F0700254
:1061D000914204D93A6822F07002114339600107F4
:1061E0000AD561697A6802F07002914204D97A682E
:1061F00022F0700211437960C1060AD5A1697A685C
:1062000002F4E062914204D97A6822F4E062114318
:10621000796081060AD5E169BA6802F0700291429C
:1062200004D9BA6822F070021143B96081070AD517
:10623000E1683A6802F00F02914204D93A6822F00C
:106240000F0211433960C0077ED1206881070AD54B
:10625000E1683A6802F00F02914204D23A6822F0F3
:106260000F0211433960D8F8001001F00F014945C1
:106270000DD9D8F8001021F00F0141EA0901C8F842
:106280000010D8F8001001F00F0149456ED1410708
:106290000AD521693A6802F07002914204D23A6844
:1062A00022F070021143396001070AD561697A68EA
:1062B00002F07002914204D27A6822F07002114317
:1062C0007960C1060AD5A1697A6802F4E062914258
:1062D00004D27A6822F4E0621143796080060AD51C
:1062E000E069B96801F07001884204D2B96821F010
:1062F00070010843B86000F01FF939684DF264126C
:10630000C0F600023B68C1F3032103F00F03515CA8
:10631000D25C01F01F01C84002F01F0140F6981244
:1063200020FA01F1C2F20042116040F6941140F6E9
:106330002832C2F20041C2F2004208601068FEF743
:106340003FF901B0BDE8F083386820F47061D4E90A
:106350000102012841EA020139600BD003282BD049
:1063600002282ED157F8181C890307D4012001B048
:10637000BDE8F08357F8181CC905F7D557F8081C75
:1063800021F00701084347F8080CFEF7CDF8064650
:1063900041F2883557F8080C616800F03800B0EB1E
:1063A000C10F3FF452AFFEF7BFF8801BA842F1D9EE
:1063B000032001B0BDE8F08357F8181C8901D5D53A
:1063C000DCE757F8181C4907D0D5D7E700000000D4
:1063D0003F22026044F21842C5F6020252F8083C1D
:1063E00003F007034360136803F47063836013686A
:1063F00003F00F03C360136803F070030361536875
:1064000003F070034361536803F4E06383619268AF
:1064100002F07002C26142F20000C5F20020006882
:1064200000F00F000860704780B500F085F844F276
:1064300018414DF26413C5F60201C0F600030A6864
:10644000096801F00F01C2F30322595C9A5C02F063
:106450001F0220FA02F201F01F0040F6981122FA02
:1064600000F0C2F20041086040F69411C2F200410F
:106470000A6080BD0000000080B500F05DF844F2C5
:10648000184C4DF26411C5F6020CC0F60001DCF8A0
:106490000020DCF8003003F00F03C2F30322CB5CD2
:1064A0008A5C02F01F02D04003F01F0240F69813EE
:1064B00020FA02F2C2F200431A6040F69413C2F2CC
:1064C00000431860DCF80400C0F30210085C00F020
:1064D0001F0022FA00F080BD80B500F02DF844F2D4
:1064E000184C4DF26411C5F6020CC0F60001DCF840
:1064F0000020DCF8003003F00F03C2F30322CB5C72
:106500008A5C02F01F02D04003F01F0240F698138D
:1065100020FA02F2C2F200431A6040F69413C2F26B
:1065200000431860DCF80400C0F30220085C00F0AF
:106530001F0022FA00F080BD44F20041C5F60201BE
:106540000869C0F3C20003280FD002282AD070BB0C
:106550000868800649F20000C0F2D03058BF70478A
:106560000968C1F3C101C84070478A6A886AC0F3EC
:10657000051CC86ABCF1000F4B6B1DD0C3F3CC03E4
:1065800000F00100584302F00302022A00EE100A54
:10659000B8EE400A12D0A2B90868800614D49FED64
:1065A000261A1EE043F20060C0F26E10704740F6FB
:1065B0000010C0F23D007047002070479FED1D1A8B
:1065C0000FE09FED1B1A0CE0086849F20002C0F2D0
:1065D000D032C0F3C10022FA00F001EE100AB8EE8A
:1065E000411A086B9FED153A6FF35F2002EE100A17
:1065F000086BC0F34620B8EE422A013000EE032AB1
:1066000000EE10CAB7EE003AB8EE400A81EE000A7A
:1066100032EE031A20EE010A01EE100AB8EE411A1A
:1066200080EE010ABCEEC00A10EE100A704700BFEF
:106630000024744A001BB74B0024744C000000393E
:106640002DE9F04381B0D8B18046007844F200468D
:10665000C007C5F602064DD0306900F03801B06AB7
:10666000102905D018290DD100F00300022809D106
:10667000306880033AD5D8F80400B8BB012728E079
:10668000012787E2D8F804502DB1B5F5A02F0AD024
:10669000B5F5803F0BD0306820F480303060306832
:1066A00020F4802006E0306840F4802030603068BC
:1066B00040F480303060FDF737FF002D054612D0E2
:1066C0003068800312D4FDF72FFF401B6428F7D9F0
:1066D00003270020002800F05D820BE0FDF724FF77
:1066E000401B6428F4D830688003F7D401200028C8
:1066F00000F0508298F8000080075ED5306910F0F5
:106700003801B06A19D0182908BF5FEA807014D028
:10671000D8F80C003168C0B321F01901084330608B
:10672000FDF702FF054600BF3068400723D4FDF7A0
:10673000FBFE401B0228F7D91AE03068400704D559
:10674000D8F80C00002800F039813068D8F80C1017
:1067500020F0190008433060FDF7E6FE054600BF53
:106760003068400707D4FDF7DFFE401B0228F7D949
:10677000032700241EE07068D8F8101020F0FE40B7
:10678000012440EA0160706014E021F001003060F3
:10679000FDF7CAFE05464FF0010900BF306810F052
:1067A000040089EA900405D0FDF7BEFE401B0228D4
:1067B000F4D90327002C00F0ED8198F80000C00602
:1067C0004CD5306900F03801B06A082905D0182985
:1067D00014D100F00300012810D13068C00503D5A2
:1067E000D8F81C00802834D1F068D8F8201020F0A8
:1067F0007C50012440EA0160F0602CE0D8F81C00D5
:106800000028306810D040F080003060FDF78CFE2A
:10681000054600BF3068C005E6D4FDF785FE401B85
:106820000228F7D9032715E020F080003060FDF73B
:106830007BFE05464FF00109306810F4807089EA4C
:10684000102408D0FDF770FE401B0228F4D903275E
:1068500001E001270024002C00F09C8198F8000042
:10686000000717D498F80000800629D498F8000093
:1068700040073BD4D8F82440002C7DD0306900F08C
:10688000380018287AD1012CB16A306B40F098801A
:1068900001277FE1D8F814000028706F3BD040F04A
:1068A00001007067FDF740FE054600BF706F80076E
:1068B000D8D4FDF739FE401B0228F7D9032769E138
:1068C000D8F818000028306844D040F48050306078
:1068D000FDF72AFE054600BF30688004C6D4FDF7E8
:1068E00023FE401B0228F7D9032753E1D6F8000402
:1068F00040F48070C6F80004FDF716FE054600BFA0
:10690000D6F80004C00516D4FDF70EFE401B64281F
:10691000F6D903273EE120F001007067FDF704FE81
:1069200005460327706F80079CD5FDF7FDFD401BD2
:106930000228F7D92EE1D8F808501DB1052D78D0DE
:10694000012D7AD0306F20F001003067306F20F0D9
:10695000040075E020F480503060FDF7E5FD054649
:10696000032700BF306880047FF580AFFDF7DCFDB2
:10697000401B0228F6D90DE100270BE1306820F01A
:1069800080703060FDF7D0FD022C05464FF0030704
:106990000AD100BF3068800170D5FDF7C5FD401BEE
:1069A0000228F7D9F6E000BF3068800140F1C980C5
:1069B000FDF7BAFD401B0228F6D9EBE00127D8E627
:1069C00001F00302D8F828309A4240F0BC80C1F3AD
:1069D0000511D8F82C20914240F0B9800146D8F832
:1069E00030206FF35F21013A914240F0B280C0F352
:1069F0004622D8F8341001398A4240F0AC80C0F306
:106A00000642D8F8381001398A4240F0A680C0F317
:106A10000660D8F83C100139884240F0A080706BC5
:106A2000D8F84810C0F3CC00814240F09A8000278B
:106A3000B0E0306F40F004003067306F40F001008C
:106A40003067FDF771FD002D054641F288344FF0A7
:106A500003070FD0306F80073FF50CAFFDF764FDE3
:106A6000401BA042F6D995E0FDF75EFD401BA04219
:106A700000F29080306F8007F6D4FBE608F128071B
:106A8000B06A40F2F33188438ECF0843591E40EA82
:106A900002104FF47E426FF35F21B06202EB472099
:106AA0004FF4FE0280B2D8F83C300844D8F83810D1
:106AB00002EB01414FF0FE4201F4FE0102EB0362E2
:106AC000084402F0FE4108443063F06A4FF6F87162
:106AD00020F00100F062706BD8F84820884340EA4B
:106AE000C2007063F06AD8F8401020F00C00084330
:106AF000F062F06AD8F8441020F002000843F06217
:106B0000F06A40F48030F062F06A40F40030F062E5
:106B1000F06A40F48020F062F06A40F00100F06218
:106B2000306840F080703060FDF7FEFC04460327BB
:106B30003068800109D4FDF7F7FC001B0228F7D963
:106B400028E0002726E0012724E0002722E0012793
:106B500020E001271EE001271CE001271AE00127A1
:106B600018E0F06A20F00100F062FDF7DDFC054658
:106B7000FDF7DAFCA842FBD0706B4FF6F871D8F83D
:106B800048208843002740EAC2007063F06A40F062
:106B90000100F062F8B201B0BDE8F083000000002F
:106BA000F0B581B0C8B10446D0F888001E4615463D
:106BB0000F4628B9002084F88400204601F044FBE9
:106BC0002420C4F888002068016821F001010160D8
:106BD000204602F099FD012802D1012001B0F0BD4C
:106BE000A06A10B1204602F0B7FC2068816841F429
:106BF00080418160816821F4004139438160310422
:106C0000026841EA45516FF319421143016001687E
:106C100041F001010160204602F00EFD01B0F0BD1F
:106C200070470000000000002DE9F04104460668AE
:106C300030697169B76894F881800A050AD510F047
:106C4000080207D0B06940F40060B061204600F04F
:106C500083FA1FE001EA000505F06400042807D16B
:106C6000616F20468847216F20468847012000E059
:106C7000002005F04501012903D1216F20468847F6
:106C8000012005F02601022903D1616F20468847C3
:106C9000012008B1BDE8F081280772D415F4587FAF
:106CA000F8D015F040000AD02068D4F8841041F0E4
:106CB0000401C4F88410816941F040018161A80594
:106CC0000AD52068D4F8841041F00101C4F884107A
:106CD000816941F400718161E80505F020000AD561
:106CE0002168D4F8842042F00802C4F884208A691C
:106CF00042F480728A6150B12068D4F8841041F067
:106D00008001C4F88410816941F020018161D4F8C8
:106D100084000028BED0206807F4404240F26B3364
:106D2000B2F5404F016821F001010160016921EADB
:106D30000301016174D1816849F2F11521F44041E8
:106D40008160E06FC0F6000548B10565FBF75CF8AF
:106D500028B1D4F8840040F04000C4F88400A06F4B
:106D6000002897D00565FBF74FF8002808BFBDE85D
:106D7000F081D4F8840040F04000C4F88400BDE8FD
:106D8000F0812068816941F008018161816941F0E9
:106D900010018161816941F400618161016921F023
:106DA00008010161806810F4404F22D0204602F0B3
:106DB000BBF9012084F88100D4F8840098BBB8F1B5
:106DC000030F35D0B8F1040F37D0B8F1050F7FF4B9
:106DD00061AF204600F0C8F9BDE8F0812068616E1F
:106DE000006B41F8040B6166B4F86A000138A4F83E
:106DF0006A00B4F86A000028D8D0E0681028EDD204
:106E0000082804D3308E616E21F8020BEBE720686E
:106E100090F83000616E0870606E01306066E3E7E4
:106E2000012084F881002046FFF7FAFEBDE8F081DA
:106E3000204600F095F9BDE8F081204600F088F981
:106E4000BDE8F081000000002DE9F041002800F0CD
:106E5000C98043F6000304460068C4F2000343F20D
:106E6000000E43F6004C9842C4F2010EC4F2000C2E
:106E70004FF00001A16204D0604518BF704540F09A
:106E8000AD80E16B0125E268984202F1080205EB52
:106E900051114FEAD20202FB01F118BF704540F0D8
:106EA0008B80102900F29E8094F8810028B9002080
:106EB00084F88000204600F09BF8022084F88100CE
:106EC0002068D4F818E00168BEF1806F21F001015C
:106ED000016082680FD163682BB1B3F5800F0AD1CE
:106EE000A16B21B13BB9A16BB1F1805F03D1016806
:106EF00041F480510160636802F4F81213F4800CCD
:106F000008D0E168072905D30168256D21F4807157
:106F1000294302E0016821F480710160E169A56AFA
:106F200041EA0201E26B41EA050141EA0201D4E9CA
:106F30000285D4E9046741EA05018160616B43EA97
:106F40000E05626A41EA0501A56B41EA020141EAC8
:106F50000501226A41EA060141EA0701E76C41EABC
:106F60000201A26C41EA0701A76D41EA080141EA6A
:106F7000020141EA0701C1604BB98168012262F355
:106F8000CC2181608168022262F34A218160016D17
:106F9000BCF1000F21F00101016505D0C168626DEF
:106FA00021F000411143C1600020C4F88400012198
:106FB00084F88110BDE8F081604518BF082911D818
:106FC000984218BF70453FF46CAF60457FF46CAFDA
:106FD000102984BF0120BDE8F08165E7E1680F2931
:106FE0007FF64FAF0120BDE8F081000000000000F7
:106FF0002DE9F04FB5B0044602A8B8210025CDE92F
:107000003355CDE931553095F9F7B4F943F6000120
:107010002068C4F20001884202D035B0BDE8F08F8C
:107020004FF48050029002A803951995FEF7E4FBF7
:1070300008B1FAF789FA44F2E04040F20045C5F69B
:107040000200C5F6020530AE40F210088168C4F2B5
:10705000020841F48041816081684FF0020901F427
:10706000804101910199016841F0040101600168CA
:10707000002701F0040101910199016841F002012A
:1070800001600068314600F002000190019806207E
:10709000309005F58060CDF8C4904FF0030A329728
:1070A0004FF0050BCDF8CCA0CDF8D0B0FDF760F9CE
:1070B0004FF400503146CDE9300932A880E8800C09
:1070C0002846FDF755F942F6A4152720C2F20045DF
:1070D0004FF48066C5E901074FF44030C5F80080E1
:1070E000C5E908072846EF60C5E90467C5E90677E2
:1070F000FBF77EFE08B1FAF727FAE56708F11800FA
:10710000AC6342F61C25C2F2004528602820686066
:107110004020C5E902074FF40030C5E908072846BA
:10712000C5E90467C5E90677FBF762FE08B1FAF71F
:107130000BFA242005210022A567AC63FDF7B8FAFD
:107140002420FDF7A5FA35B0BDE8F08F000000005F
:1071500070470000000000007047000000000000C1
:1071600070470000000000007047000000000000B1
:1071700070470000000000007047000000000000A1
:107180007047000000000000B0B590F83C20012AD4
:107190004FF0020266D0012380F83C3080F83D2099
:1071A00040F2004C0268C4F2010C42F48063634573
:1071B0005368D2F808E002BF23F470034C682343FD
:1071C0004DF6FF740D68C4F2000423F07003A24270
:1071D00043EA0503536014DC40F2FF73C4F200037A
:1071E0009A4222DD40F60003C4F200039A422ED0F8
:1071F00040F60043C4F200039A4228D041F600034F
:1072000021E04FF6FF73C4F200039A4213DD00231E
:10721000C4F201039A421AD044F20003C4F20103FB
:107220009A4214D0624512D016E0B2F1804F0ED0CF
:1072300040F2004307E04EF20003C4F200039A421A
:1072400005D04EF20043C4F200039A4204D12EF05E
:1072500080038968194391600022012180F83D1064
:1072600080F83C201046B0BD60B310B5044690F8DD
:107270003D0028B9002084F83C00204600F024F8A6
:10728000022084F83D002068211D02F0B1F80120A1
:1072900084F8480084F83E0084F83F0084F84000F9
:1072A00084F8410084F8420084F8430084F84400E4
:1072B00084F8450084F8460084F8470084F83D00CF
:1072C000002010BD01207047704700000000000042
:1072D00090F83D10012922D1022180F83D1001686B
:1072E0004DF6FF70C4F200008142C86840F0010012
:1072F000C86016DC40F2FF70C4F20000814228DD55
:1073000040F60000C4F20000814234D040F6004054
:10731000C4F2000081422ED041F6000027E0012097
:1073200070474FF6FF70C4F20000814217DD002065
:10733000C4F2010081421ED044F20000C4F20100F8
:10734000814218D040F20040C4F20100814212D0C4
:107350001DE0B1F1804F0ED040F2004007E04EF248
:107360000000C4F20000814205D04EF20040C4F299
:10737000000081420BD107228868C0F2010202405E
:107380000020062A18BFB2F5803F00D17047086878
:1073900040F001000860002070470000000000007D
:1073A000704700000000000010B504460068016945
:1073B000890744BFC1685FEA817140D420680169D0
:1073C000490744BFC1685FEA417144D4206801693C
:1073D000090744BFC1685FEA017149D420680169A7
:1073E000C90644BFC1685FEAC1614DD42068016924
:1073F000C9071CBFC1685FEAC17152D12068016929
:10740000090644BFC1685FEA016151D4206801697F
:10741000C90544BFC1685FEA016150D420680169B1
:10742000490644BFC1685FEA41614FD420680169E1
:10743000890644BFC1685FEA81614ED410BD6FF018
:107440000201016101212177806980074CD020462B
:10745000FFF7A6FF4EE06FF00401016102212177E2
:10746000806910F4407F48D02046FFF799FF4AE03A
:107470006FF00801016104212177C069800745D0C0
:107480002046FFF78DFF47E06FF0100101610821F2
:107490002177C06910F4407F41D02046FFF780FF7C
:1074A00043E06FF001010161204600F0E9FAA5E731
:1074B0006FF0800101612046FFF75EFEA6E76FF4E2
:1074C000807101612046FFF753FEA7E76FF040018E
:1074D0000161204600F0E0FAA8E76FF020010161A9
:1074E0002046FFF74DFE10BD204600F021F8204653
:1074F00000F0C2FA0020207760E7204600F018F87C
:10750000204600F0B9FA002020775FE7204600F01F
:107510000FF8204600F0B0FA002020775EE7204602
:1075200000F006F8204600F0A7FA002020775DE77B
:1075300070470000000000002DE9F04190F83C3059
:10754000012B02D10220BDE8F0814FEAB2030122F3
:10755000052B80F83C2000F23D82DFE803F0032D8C
:107560006BA9CFF5036843F6FF76C4F201061A6AE9
:10757000B34222F001021A621A461C6AD3F804E0F0
:1075800024F0020452F818CF8D6844EA0504D1F8BB
:10759000008040F3FF8044F20007C4F20107BB42C1
:1075A00000F0038144F60007C4F20107BB4200F07B
:1075B000FC8044F20047F4E0036840F2004E43F4DC
:1075C0008067C4F2010E1A6A774522F010021A622F
:1075D0001A461C6A5D6824F0200452F818CF8E68A1
:1075E00044EA061407D1CE686FF0400724F0C004C7
:1075F00007EA0616344343F6FF76D1F80080C4F25A
:107600000106B34240F3EB8044F20007C4F20107E5
:10761000BB4200F0EB8044F60007C4F20107BB4216
:1076200000F0E48044F20047C4F20107BB4200F0DE
:10763000DD80E3E0036840F2004E43F48067C4F26B
:10764000010E1A6A774522F480721A621A461C6A81
:107650005D6824F4007452F81CCF8E6844EA062456
:1076600007D1CE6840F2FF47360224F44064BE439F
:10767000344343F6FF76D1F80080C4F20106B342EA
:1076800040F3D38044F20007C4F20107BB4200F08C
:10769000D38044F60007C4F20107BB4200F0CC805F
:1076A00044F20047C4F20107BB4200F0C580CBE0C2
:1076B000036843F6FF77C4F201071A6ABB4222F45B
:1076C00080521A621A46D3F820C05C6852F81C6FC8
:1076D0000D68D1F808E040F3CE8044F20007C4F210
:1076E0000107BB4200F0D28044F60007C4F2010754
:1076F000BB4200F0CB8044F20047C3E0036843F68E
:10770000FF77C4F201071A6ABB4222F480321A6280
:107710001A46D3F820C05C6852F8546F0D68D1F84F
:1077200008E040F3D28044F20007C4F20107BB42F4
:1077300000F0D68044F60007C4F20107BB4200F017
:10774000CF8044F20047C7E0036843F6FF77C4F2F6
:1077500001071A6ABB4222F480121A621A46D3F851
:1077600020C05C6852F8546F0D68D1F808E040F30F
:10777000D78044F20007C4F20107BB4200F0DB806F
:1077800044F60007C4F20107BB4200F0D48044F283
:107790000047CCE00027C4F20107BB4205D040F20D
:1077A0000047C4F20107BB4205D1CF6824F00C04A6
:1077B00027F004073C43B34240F3DF8044F2000665
:1077C000C4F20106B34200F0E38044F60006C4F2BE
:1077D0000106B34200F0DC8044F20046D4E000270A
:1077E000C4F20107BB4201D0734507D14F6925F4AC
:1077F00040658E6945EA870747EA860548F6FF47F0
:107800005D60CFF6FF6707EA0C0747EA08279F612C
:107810004F6809699F631C629F6947F400679F6115
:107820009F6927F480679F61A5E00027C4F20107E4
:10783000BB4201D0734507D14F6925F440558E698D
:1078400045EA071747EA06154FF68C775D60CFF6D5
:10785000FE7707EA0C0747EA0807DF614F68096906
:10786000DF631C62DF6947F00807DF61DF6927F02B
:107870000407DF61AAE00027C4F20107BB4205D07C
:1078800040F20047C4F20107BB4204D14F6924F41F
:10789000804444EA871448F6FF475C60CFF6FF67F0
:1078A0003E402CF4005746EA0524DC614E68096925
:1078B0001E6447EA0E371F62DF6947F40067DF6125
:1078C000DF6927F48067DF6155E00027C4F2010714
:1078D000BB4205D040F20047C4F20107BB4204D1CD
:1078E0004F6924F4803444EA07244FF68C775C60B7
:1078F000CFF6FE7703373E402CF4003746EA050406
:107900005C654E6809699E6547EA0E471F625F6DB8
:1079100047F008075F655F6D27F004075F6555E076
:107920000027C4F20107BB4205D040F20047C4F271
:107930000107BB4204D14F6924F4802444EA872420
:1079400048F6FF475C60CFF6FF6707F540773E409B
:107950002CF4001746EA05245C654E680969DE656B
:1079600047EA0E571F625F6D47F400675F655F6D02
:1079700027F480675F65090228E00026C4F201064B
:10798000B34205D040F20046C4F20106B34206D12C
:107990002EF44077D1E90565374347EA050E4FF6E7
:1079A0008C75C3F804E0CFF6FE750CEA050747EACC
:1079B00008079F614F6809695F631C629F6947F010
:1079C00008079F619F6927F004079F6113681943A7
:1079D00011600022002180F83C101046BDE8F081C3
:1079E00060B310B5044690F83D0028B9002084F833
:1079F0003C00204600F024F8022084F83D00206876
:107A0000211D01F0F5FC012084F8480084F83E00B7
:107A100084F83F0084F8400084F8410084F8420074
:107A200084F8430084F8440084F8450084F8460054
:107A300084F8470084F83D00002010BD0120704705
:107A400081B040F200410068C4F20001884201D0D8
:107A500001B0704744F2E840C5F60200016841F009
:107A600002010160006800F002000090009801B07F
:107A70007047000000000000704700000000000098
:107A800080B50068B0F1804F18BF80BDFCF754FD91
:107A900080BD0000000000007047000000000000F2
:107AA00090F88410012901D1022070472421C0F8E8
:107AB000881002681368116823F0005321F0010157
:107AC00011600021416613602022C0F8882080F8F0
:107AD000841008467047000010B543F29C44C2F27F
:107AE0000044A04218BF10BDD4F8800000680268AE
:107AF0000368120323F00103036002680CD4192900
:107B000042F4002202604FF03201416017D140F28E
:107B10000000C2F200400CE0192922F400220260A9
:107B20004FF0320141600AD140F20000C2F2004041
:107B3000193041F20411C2F20041F9F711FED4F8F4
:107B4000800040F20F41C4F202010068884210DC5C
:107B50006F21C4F20201884220DC3F21C4F20201FD
:107B6000884236DC1021C4F20201884254D0282118
:107B70004EE040F26F41C4F2020188421ADC40F24A
:107B80003F41C4F2020188422ADC40F21041C4F2B3
:107B90000201884240D040F2284139E09F21C4F2DE
:107BA0000201884225DC7021C4F20201884233D0F0
:107BB00088212DE040F29F41C4F2020188421FDC7F
:107BC00040F27041C4F20201884225D040F288415F
:107BD0001EE04021C4F2020188421DD0582117E066
:107BE00040F24041C4F20201884215D040F25841AF
:107BF0000EE0A021C4F2020188420DD0B82107E0B6
:107C000040F2B841C4F20201884205D040F2A041DE
:107C1000C4F20201884202D1D4F8800000680168F1
:107C200041F00101016010BD70470000000000003C
:107C300070B590F88420012A01D1022070BD012383
:107C400080F884302422C0F888200268D0F864E0EC
:107C5000BEF1000FD2F800C0146824F001041460D3
:107C6000946824F0606441EA040191601BD091683B
:107C70004DF29C1EC0F6000E4DF2A414C1F34261F9
:107C8000C0F6000493681EF801505E0F615C2B0182
:107C9000B3FBF1F31EF80610A65D0901B1FBF6F186
:107CA000A0F86A1001E0A0F86A30A0F8683020213E
:107CB000C2F800C0C0F88810002180F8841008467F
:107CC00070BD00000000000070B590F88420012A0B
:107CD00001D1022070BD012380F884302422C0F835
:107CE00088200268D0F864E0BEF1000FD2F800C02E
:107CF000146824F001041460946824F0604441EA9C
:107D0000040191601BD091684DF29C1EC0F6000EDC
:107D10004DF2A414C1F34261C0F6000493681EF84A
:107D200001505E0F615C2B01B3FBF1F31EF80610EE
:107D3000A65D0901B1FBF6F1A0F86A1001E0A0F818
:107D40006A30A0F868302021C2F800C0C0F888105E
:107D5000002180F88410084670BD0000000000007B
:107D600070470000000000007047000000000000A5
:107D7000704700000000000070B50368044640F63C
:107D80002F00D9690840202818689E6805D100F0A6
:107D9000200206F08055521929D140F60F020A4000
:107DA0000DD0012240F22015C1F20002C0F20045C0
:107DB00006EA020C00EA050212EB0C021ED1E26E8A
:107DC000012A06D111F0100218BF10F0100240F085
:107DD000EC80CA0240F1C88016F4800200F0C48032
:107DE0004FF4801018622046FFF7BEFF70BD616F30
:107DF000002900F0EB802046884770BDCA0718BFF5
:107E000010F4807207D001221A62D4F8902042F058
:107E10000102C4F890208A0706F0010E0AD5BEF1CF
:107E2000000F07D002221A62D4F8902042F0040218
:107E3000C4F890204A070AD5BEF1000F07D00422EB
:107E40001A62D4F8902042F00202C4F890200A0787
:107E50000CD500F0200252EA0C0207D008221A6268
:107E6000D4F8902042F00802C4F890200A050BD5FF
:107E700010F0806208D04FF400621A62D4F89020AB
:107E800042F02002C4F89020D4F89020002A00F09C
:107E90009D8011F0200109D000F0200006F08051F3
:107EA000401803D0616F09B1204688472068D4F894
:107EB0009010806801F0280100F04000401807D1C0
:107EC0002046FFF755FF0020C4F8900070BD00BFAA
:107ED000206850E8000F216820F4907041E800020B
:107EE000002AF5D14FF6FE70CEF6FF70216851E8FA
:107EF000021F2268014042E80213002BF6D1E06E17
:107F0000012809D1206850E8000F216820F01000F6
:107F100041E80002002AF5D12020C4F88C0000209E
:107F2000E066216860678868400640F19F8000BF76
:107F3000206850E8020F216820F0400041E802026A
:107F4000002AF5D1D4F88000002800F08F8049F293
:107F5000F161C0F600010165F9F756FFB0B3D4F83E
:107F60008000016D884770BD0A0605D500F08002CB
:107F700006F40003D2187DD14A066ED510F04002F7
:107F80006BD000BF206850E8000F216820F040004F
:107F900041E80002002AF5D12020C4F88800002022
:107FA000A067204600F058FA70BD1020186298684B
:107FB000400638D4B4F85C00B4F85E10B4F85E2023
:107FC000002A1CBF401A5FEA004101D170BD00BF0A
:107FD000216851E8001F226821F4907142E80013E3
:107FE000002BF5D14FF6FE71CEF6FF71226852E8F4
:107FF000022F23680A4043E80226002EF6D12021F2
:10800000C4F88C100021E166616700BF216851E867
:10801000001F226821F0100142E80013002BF5D167
:1080200002212167D7E0D4F8800040F20F42C4F269
:1080300002020168914222DC6F22C4F202029142E4
:108040003DDC3F22C4F20202914253DC1022C4F212
:108050000202914271D028226BE00A0224D510F06E
:10806000804221D02046FFF77BFE70BD2046FFF7FF
:108070007FFE70BDA16F00297FF4BDAEA6E740F280
:108080006F42C4F20202914225DC40F23F42C4F248
:108090000202914235DC40F21042C4F202029142E7
:1080A0004BD040F2284244E0C9017FF58FAFB0F1D8
:1080B000FF3FC8BF70BD2046FFF7B6FD70BD9F22D1
:1080C000C4F20202914225DC7022C4F20202914203
:1080D00033D088222DE040F29F42C4F20202914246
:1080E0001FDC40F27042C4F20202914225D040F2FD
:1080F00088421EE04022C4F2020291421DD0582262
:1081000017E040F24042C4F20202914215D040F220
:1081100058420EE0A022C4F2020291420DD0B822D1
:1081200007E040F2B842C4F20202914205D040F2A8
:10813000A042C4F20202914202D1D4F88010096830
:10814000043109688AB2002A3FF440AFB4F85C30C9
:108150009A42BFF43BAFA4F85E10C069B0F5807FCF
:1081600032D000BF206850E8000F216820F48070F2
:1081700041E80002002AF5D1206850E8020F21688A
:1081800020F0010041E80202002AF5D1206850E801
:10819000020F216820F0400041E80202002AF5D1D8
:1081A0002020C4F88C000020E06600BF206850E862
:1081B000000F216820F0100041E80002002AF5D1EC
:1081C000D4F88000F9F740FB02202067B4F85C0087
:1081D000B4F85E10401A81B22046FFF77DFC70BDF6
:1081E00010B5B0B10446D0F8880028B9002084F852
:1081F0008400204600F028F82420C4F88800206875
:10820000016821F001010160204601F07DFA01289A
:1082100001D1012010BDA06A10B1204601F09CF9E7
:108220002068416821F490414160816821F02A0171
:108230008160016841F001010160204601F0FCF914
:1082400010BD0000000000002DE9F043B5B0044669
:1082500002A8B8210026CDE93366CDE93166309613
:10826000F8F788F844F200412068C4F2000188421F
:1082700075D045F20001C4F20001884240F0E88068
:1082800002A8002703974FF00208CDF808801F9737
:10829000FDF7B2FA08B1F9F757F944F2E04040F6B9
:1082A0000045C5F60200C5F6020530AE4FF00809DC
:1082B000816841F480118160816801F4801101912D
:1082C0000199016841F004010160016801F00401B5
:1082D00001910199016841F008010160006831468F
:1082E00000F00800019001984FF48050CDE930086B
:1082F000A5F58060CDF8D090CDE93277FCF738F85D
:1083000004203146CDE930082846CDF8D090CDE99B
:108310003277FCF72DF842F694254020C2F2004552
:10832000C4F2020028604120C5E901074FF48060D3
:10833000EF60C5E904074FF48070E8614FF4403006
:10834000AF61C5E908072846FAF752FD08B1F9F709
:10835000FBF8C4F8805005F1380035256FE002A81D
:108360000396022502951F96FDF746FA08B1F9F724
:10837000EBF844F2E04040F24008C5F60200002667
:10838000C4F20208816841F400318160816801F41F
:10839000003101910199016841F008010160006814
:1083A00030A900F00800019001987020CDE9300557
:1083B0000720349040F600403296C5F6020033960E
:1083C000FBF7D6FF42F60C3508F11800C2F2004563
:1083D0004FF480694FF4003728602B20C5E901066F
:1083E0004FF48070E8612846EE60C5E90496AE61FE
:1083F000C5E90876FAF7FCFC08B1F9F7A5F8C4F866
:10840000805008F13000AC6342F68435C2F200457A
:1084100005F1080128602C206860402081E84102B5
:1084200028466E62C5E90566C5E90767FAF7E0FC0C
:1084300008B1F9F789F8E56705F1380026250460E9
:10844000052100222846FCF733F92846FCF720F9DD
:1084500035B0BDE8F0830000704700000000000068
:10846000FEE700000000000080B582B044F2D84072
:108470000022C5F60200016841F0010101600068B8
:10848000062100F00100019001980B20FCF710F983
:108490000B20FCF7FDF80C2006210022FCF708F960
:1084A0000C20FCF7F5F80D2005210022FCF700F95F
:1084B0000D20FCF7EDF80E2005210022FCF7F8F85E
:1084C0000E20FCF7E5F80F2005210022FCF7F0F85C
:1084D0000F20FCF7DDF802B080BD000000000000B6
:1084E00080B542F6FC304AF20001C2F200401D2283
:1084F00000F11C0EC4F2000101600021C0E902116C
:10850000C0F80F104FF0030CC0F814C00A238361A9
:108510008EE80C10C0E90A3203630522C0E90D227F
:10852000C263042202640823C0E91131C0E9133197
:10853000C0E91521C0E91713C0E91913FBF730FB97
:10854000002808BF80BDF8F7FFFF80BD00000000D5
:1085500080B542F69C404AF20041C2F200401D2222
:1085600000F11C0EC4F2000101600021C0E90211FB
:10857000C0F80F104FF0030CC0F814C00A23836139
:108580008EE80C10C0E90A32036340F256324263AF
:108590000522C0E90E2201640422C0E91122082349
:1085A000C0E91331C0E91521C0E91712C0E9191358
:1085B000FBF7F6FA002808BF80BDF8F7C5FF80BDBD
:1085C00080B542F63C504DF20041C2F200401D22FF
:1085D00000F11C0EC4F2000101600021C0E902118B
:1085E000C0F80F104FF0030CC0F814C00A238361C9
:1085F0008EE80C10C0E90A320522026340F2AD6336
:10860000C263C0E90D32042202640823C0E91131BB
:10861000C0E91321C0E91521C0E91712C0E91913F7
:10862000FBF7BEFA002808BF80BDF8F78DFF80BDBC
:1086300010B588B04DF244100024C0F60000016867
:1086400003914168049181680591C16806910069B0
:10865000079003A8002103F0DBFB42F2046140F61F
:10866000403CC2F200414FF480620023C2F2004C51
:10867000086040F2E950C0F6000004A10094CDF873
:1086800004C003F0FDFF08B010BD00BF4368617374
:108690007369735F436F6E74726F6C5F5461736B59
:1086A00000000000000000002DE9F04F87B044F208
:1086B000E0404FF00008C5F60200CDF81880CDE983
:1086C0000488CDE90288016840F6000741F0040102
:1086D00001600168C5F6020701F0040101910199EA
:1086E000016841F0800101600168002201F0800111
:1086F00001910199016841F00101016001684FF4A5
:10870000C04601F0010101910199016841F00201A7
:108710000160016801F0020101910199016841F0D5
:1087200010010160016801F01001019101990168D7
:1087300041F00801016000684FF4C04100F00800FA
:10874000019001983846FBF7E7FE092101223846DF
:108750004FF0090A0124FBF7DFFEA7F500650421AD
:10876000012228464FF0040BFBF7D6FE07F50069FF
:108770004FF4085101224846FBF7CEFECDE90264D2
:1087800002AE38463146CDE90488FBF7F1FD3846A4
:108790003146CDE902A4CDF810804FF0030ACDF8A0
:1087A00014A0FBF7E5FD28463146CDE902480494C4
:1087B000FBF7DEFD28463146CDE902B4CDE9044A97
:1087C000FBF7D6FD4FF408503146CDE90204484688
:1087D000CDE9044AFBF7CCFD4FF4A05002904FF4D2
:1087E00088103146CDE903084846FBF7C1FD07B0C4
:1087F000BDE8F08F0000000010B543F2E82443F616
:108800000000C2F20044C4F20000072120604FF4CF
:10881000800060600020A060E1604FF00071216185
:108820004FF0807161614FF08061A1614FF0804134
:10883000C4E90710C4E90900E06204F1380061638B
:108840002421F7F797FD2046FEF7FEFA002808BF1F
:1088500010BDF8F779FE10BD70B590B043F2BC3092
:1088600040F20045C2F200400024CDE90844CDE9C1
:108870000644CDE90444CDE90244C4F20005056094
:10888000CDE900441721C0E9011442F20F71C0E99B
:10889000031480218161FFF7A3F808B1F8F754FEB3
:1088A00043F2BC3007A9C2F2004007940994FEF7D6
:1088B0006BFC08B1F8F748FE43F2BC346020C2F20A
:1088C0000044009069460C2220460026CDE901664E
:1088D0000496FEF731FE08B1F8F736FE20680F96D1
:1088E000A8420C96CDE90D660B9601D010B070BD74
:1088F00044F2E040C5F60200016841F00201016067
:108900000068002100F002000A900A980220CDE9D8
:108910000B000F9040F20040CDE90D11C5F60200AA
:108920000BA9FBF725FD10B070BD00000000000092
:1089300080B543F29C4045F20001C2F2004048F28B
:10894000A062C4F20001C0F20102C0E900124FF4BB
:10895000805181604FF40051C1604FF4806101612A
:108960000421416100218162C0E90611C0E90811BA
:10897000FFF736FC08B1F8F7E7FD43F29C40002111
:10898000C2F20040FFF7A0F908B1F8F7DDFD43F2AD
:108990009C400021C2F20040FFF74AF908B1F8F705
:1089A000D3FD43F29C40C2F20040FFF779F8002863
:1089B00008BF80BDF8F7C8FD80BD000000000000C2
:1089C00080B543F2084044F20041C2F2004040F654
:1089D0000012C4F20001C0F23D02C0E90012002101
:1089E0000161C0E902110C220023C0E90521C0E9A0
:1089F0000711C0E9091100210022FEF7D1F808B1E2
:108A0000F8F7A2FD43F208400021C2F20040FFF750
:108A10005BF908B1F8F798FD43F208400021C2F273
:108A20000040FFF705F908B1F8F78EFD43F2084062
:108A3000C2F20040FFF734F8002808BF80BDF8F705
:108A400083FD80BD0000000080B542F2C86040F6A2
:108A50007411C2F20040C2F20041012201F040FD57
:108A600008B1F8F771FD42F2C86040F69C11C2F2FD
:108A70000040C2F2004101F0ABFF08B1F8F764FD1D
:108A800042F2C86040F63821C2F20040C2F2004112
:108A900001F00AFB08B1F8F757FD42F2C860C2F2D4
:108AA000004001F0C5FF08B1F8F74EFDFCF75CFD92
:108AB00080BD000000000000FEE700000000000094
:108AC0002DE9F0472DED068B40F624619FED5A9A73
:108AD000C2F200419FED598AB0EE490AF0EE480A11
:108AE000002281F8292081F8712001F1280081F805
:108AF000E12001F1700581F8292101F1E00681F8FA
:108B0000992101F5947481F8E12101F5CC7781F880
:108B1000512201F5F07A81F8992240F6441201F5CC
:108B2000147901F52678C2F20042002100F080F9A4
:108B3000B2EE04AAF0EE480A40F650120021C2F24A
:108B400000422846B0EE4A0A00F072F940F65C1581
:108B5000B0EE490AF0EE480AC2F200450021304664
:108B60002A4600F065F940F66816B0EE4A0AF0EEC3
:108B7000480AC2F2004600212046324600F058F969
:108B8000B0EE490AF0EE480A002138462A4600F0C5
:108B90004FF9B0EE4A0AF0EE480A0021504632463C
:108BA00000F046F9B0EE490AF0EE480A00214846C6
:108BB0002A4600F03DF9B0EE4A0AF0EE480A0021DC
:108BC0004046324600F034F99FED1D8A40F64435A8
:108BD0009FED1C9A40F63814B0EE480AF0EE490AB0
:108BE000C2F20045C2F2004405F1700000212246A5
:108BF00000F01EF9B0EE480AF0EE490A05F594704F
:108C00000021224600F014F9B0EE480AF0EE490ABD
:108C100005F5F0700021224600F00AF9B0EE480A8E
:108C2000F0EE490A05F526700021224600F000F911
:108C3000BDEC068BBDE8F08700007A440000FA43E3
:108C400000401C4600409C45FEE70000000000007C
:108C500080B542F6DC50C2F20040FBF7E9FE80BD71
:108C600010B570B1044679B101293CD1D4E90F01A6
:108C7000C4E91001C4ED060A84ED070A30EEC00A0B
:108C80002FE09FED660A10BD30EEC01A84ED070A92
:108C90009FED630AE06BC4ED060A216CB4EE401A46
:108CA0002064F1EE10FA616484ED0F1A06DB9FED8B
:108CB0005D2AB4EE421AF1EE10FA14DDB4EE401A59
:108CC000F1EE10FA02DA9FED590A08E09FED550A1D
:108CD000B4EE401AF1EE10FA05DD9FED530A31EEC5
:108CE000000A84ED0F0A607868B32078012832D03A
:108CF00070BB94ED0F2A94ED024A94ED0A3A94ED7C
:108D0000010AA4EE023A94ED104A32EE444A94ED80
:108D1000035A20EE020A94ED051A84ED090A24EEA6
:108D2000052A84ED0A3AB4EE413A84ED0B2AF1EEBD
:108D300010FAD4E90C01C4E90D0184ED0C4A49DDB7
:108D400084ED0A1A4FE004F118003021F7F712FB06
:108D500094ED080A10BDB8EE002A94ED0F0A94EDC8
:108D6000101A94ED024A30EE413A20EE044AA1EE88
:108D7000020A94ED111A94ED012A84ED0A4AD4E90D
:108D80000C016063A16330EE015A94ED031A22EEE8
:108D9000030A84ED0C5A84ED090A25EE012A30EE0F
:108DA000041A84ED0B2A31EE020A94ED081A31EE12
:108DB000000A94ED041A84ED080AB4EE410AF1EEBB
:108DC00010FA26DCB1EE411AB4EE410AF1EE10FAC7
:108DD000BEDA1EE0B1EE411AB4EE413AF1EE10FAFD
:108DE000B8BF84ED0A1A94ED0A1A30EE010A94ED28
:108DF000041A32EE000A84ED080AB4EE410AF1EEDC
:108E000010FA06DCB1EE411AB4EE410AF1EE10FAA6
:108E10009EDA84ED081A94ED080A10BD00000000E7
:108E2000C3F548C0C3F54840C3F5C8C0C3F5C84042
:108E300010B5002818BF002A00D110BD04464078A4
:108E4000012808BF10BD217028211068606050689B
:108E5000A0609068E06004F1200084ED040AC4ED95
:108E6000050AF7F787FA0120607010BD00000000C6
:108E7000EFF30980BFF36F8F154B1A681EF0100FC8
:108E800008BF20ED108A20E9F04F10602DE909009D
:108E90004FF0500080F31188BFF34F8FBFF36F8FF7
:108EA00003F012FB4FF0000080F31188BDE80900C9
:108EB00019680868B0E8F04F1EF0100F08BFB0EC5A
:108EC000108A80F30988BFF36F8F704700BF00BF1F
:108ED0003035002400000000F0B581B044F22C478A
:108EE000C5F6020757F8042C02F00302032A02D148
:108EF000012001B0F0BD054657F82C0C0C4620F0BF
:108F0000806047F82C0CFBF70FFB064657F82C0C3B
:108F1000000105D5FBF708FB801B0228F6D964E0A9
:108F200057F8040CEE6895E80E0020F47C30012C14
:108F300040EA0130A2F101016FF35F214FF47E425C
:108F400002EB432247F8040C92B24FF0FE4302EBCF
:108F500001004FF4FE012A6901EB064101F4FE0114
:108F600003EB0262084402F0FE410844F8603868EE
:108F7000696920F0C00040EA010038603868A969DA
:108F800020F0200040EA0100386038684FF6F871A0
:108F900020F0100038603869EA6920EA01004FF4D7
:108FA000001140EAC2003861386808BF4FF48011F0
:108FB00040F01000002C386008BF4FF400213868E2
:108FC0000843386057F82C0C40F0806047F82C0CB0
:108FD000FBF7AAFA044600BF57F82C0C000107D48F
:108FE000FBF7A2FA001B0328F6D3032001B0F0BD63
:108FF000002001B0F0BD0000F0B581B044F22C4774
:10900000C5F6020757F8042C02F00302032A02D126
:10901000012001B0F0BD054657F82C0C0C4620F09D
:10902000805047F82C0CFBF77FFA064657F82C0CBB
:10903000800005D5FBF778FA801B0228F6D964E09A
:1090400057F8040CEE6895E80E0020F07C70012CB7
:1090500040EA0150A2F101016FF35F214FF47E421B
:1090600002EB432247F8040C92B24FF0FE4302EBAE
:1090700001004FF4FE012A6901EB064101F4FE01F3
:1090800003EB0262084402F0FE410844786138684C
:10909000696920F4406040EA010038603868A969D5
:1090A00020F4007040EA0100386038684FF6F8712B
:1090B00020F480703860B869EA6920EA01004FF056
:1090C000807140EAC200B861386808BF4FF40001FF
:1090D00040F48070002C386008BF4FF4800138687D
:1090E0000843386057F82C0C40F0805047F82C0C9F
:1090F000FBF71AFA044600BF57F82C0C800007D47F
:10910000FBF712FA001B0328F6D3032001B0F0BDD1
:10911000002001B0F0BD000080B543F2E820C2F2AB
:109120000040FDF781FD80BD016840F26F32D1F84B
:1091300014C08B6943F008038B618B6943F0100303
:109140008B610B6823F001030B600B6923EA0202B9
:109150000A618A6822F440428A6090F88120042AD9
:1091600018BF1CF0200209D0D0F8842042F0800201
:10917000C0F884208A6942F020028A6190F8812038
:10918000032A18BF1CF0400215D15FEA8C521FD48D
:109190005FEACC5209D5D0F8842042F00802C0F82A
:1091A00084208A6942F480728A610021A0F86210EA
:1091B000A0F86A107047D0F8842042F00402C0F88A
:1091C00084208A6942F040028A615FEA8C52DFD5CE
:1091D000D0F8842042F00102C0F884208A6942F469
:1091E00000728A615FEACC52DFD5D4E7000000004C
:1091F00080B5806B0021A0F86A10A0F862100121F0
:1092000080F88110FDF70CFD80BD0000000000001B
:10921000074B19680868B0E8F04F80F30988BFF37E
:109220006F8F4FF0000080F31188704700BF00BFC0
:109230003035002400000000FFF706FC012002F09A
:10924000D7FDFBE70000000080B54FF0500080F331
:109250001188BFF36F8FBFF34F8F03F009FB30B15D
:109260004EF604504FF08051CEF200000160002015
:1092700080F3118880BD0000B0B59CB044F618049E
:1092800009A84C21C5F60204F7F774F8022000255E
:10929000CDE90755CDE90555CDE90355CDE9015592
:1092A000FCF73EF90095206820F4404020602068DB
:1092B00000F440400090009820688004FCD52120F4
:1092C00009904FF480300A9001200F9002211491F0
:1092D000CDE9121128210024CDE915100420CDE993
:1092E00017000C20199009A8CDE91A44FDF7A8F938
:1092F00018B1EFF3108072B6FEE73F200190032013
:109300004FF48061CDE90204082004904020CDE9AB
:109310000500CDE9071001A80321FCF72DFF20B1BE
:10932000EFF3108072B600BFFEE71CB0B0BD0000C6
:109330004EF6885042F2000CCEF20000C5F2002C2E
:10934000026842F470020260DCF8000000F00F00D6
:10935000062806D8DCF80000072262F30300CCF8E8
:10936000000044F200404EF67F51C5F60200CEF6F2
:10937000F621026842F001020260002202610368E5
:1093800019400160DCF80010090706D5DCF8001070
:10939000072363F30301CCF8001040F2002182613F
:1093A000C261C0F20221026281620021C0F2FF119B
:1093B000C16240F28021C0F2011101634263816306
:1093C000C26301644264016821F480210160026685
:1093D00044F20000C5F2002043F2D2010160704760
:1093E00080B543F27030C2F20040FDF7DDFF80BD72
:1093F00010B540F6FF32C4F20002904202680FDC62
:10940000B0F1804F1DD040F20043C4F200039842F7
:1094100017D040F60003C4F20003984211D014E0C4
:1094200040F60043C4F2000398420AD040F20043E1
:10943000C4F20103984204D00023C4F2010398420D
:1094400003D122F070024B681A434EF2FF3343F609
:10945000FF7CC4F20003C4F2010C98420FDD6045AA
:1094600022DC4EF20043C4F20003984238D00023BD
:10947000C4F20103984233D040F2004322E040F2AC
:10948000FF73C4F20003984221DD40F60003C4F2EA
:109490000003984224D040F60043C4F200039842EF
:1094A0001ED04EF2000317E044F20003C4F20103A1
:1094B000984215D044F60003C4F2010398420FD03D
:1094C00044F20043C4F20103984209D00CE0B0F129
:1094D000804F05D040F20043C4F20003984203D10C
:1094E00022F44072CB681A4322F080024C69604536
:1094F000D1F800E08B6842EA04020260C362C0F85F
:1095000028E00EDD44F20002C4F20102904213D0C2
:1095100044F60002C4F2010290420DD044F200422F
:1095200006E00022C4F20102904205D040F200425F
:10953000C4F20102904201D1096901630121416134
:1095400010BD00000000000080B543F29C40C2F254
:109550000040FEF711FC80BD816ACA070CD18A0762
:1095600015D44A071ED40A0727D4CA0630D48A065F
:1095700039D44A0655D541E00268D0F82CC053686A
:1095800023F4003343EA0C0353608A07E9D50268E9
:10959000D0F830C0536823F4803343EA0C0353609F
:1095A0004A07E0D50268D0F834C0536823F480231A
:1095B00043EA0C0353600A07D7D50268D0F838C0D5
:1095C000536823F4004343EA0C035360CA06CED524
:1095D0000268D0F83CC0936823F4805343EA0C033C
:1095E00093608A06C5D50268D0F840C0936823F41A
:1095F000005343EA0C0393604A0612D50268D0F880
:1096000044C0BCF5801F536823F4801343EA0C0365
:10961000536006D1536823F4C00C836C43EA0C03F7
:109620005360090658BF70470168C06C4A6822F44D
:109630000022104348607047B0B582B00446002055
:10964000C4F89000FAF770FF216805460968090719
:1096500019D54FF4001100226FF07E400090204693
:109660002B4600F0BDFA70B1206850E8000F216869
:1096700020F0800041E80002002AF5D12020C4F843
:10968000880003202FE020680068400723D54FF4AE
:10969000800100226FF07E40009020462B4600F0B3
:1096A0009FFAC0B1206850E8000F216820F4907044
:1096B00041E80002002AF5D1206850E8020F216835
:1096C00020F0010041E80202002AF5D12020C4F870
:1096D0008C00032007E02020C4F88800C4F88C0028
:1096E0000020E0662067002184F8841002B0B0BD3D
:1096F00080B5806B0021A0F85E10A0F85610FEF730
:1097000037FB80BD00000000F0B583B0044603685D
:10971000806846F6F315D4E90312104362691043DA
:10972000E2691E68CCF6FF75104306EA0502104395
:10973000186058684FF2FF4620F4405240F600404F
:1097400011435960C5F60000A1698342C1F2FF16BA
:109750001CBF226A11439A6847F6FF353240C4F2B3
:10976000000511439960DA6A44F2544122F00F0275
:10977000666AC5F602013243AB42DA624FF08002FC
:1097800018DD41F2FF76C4F20106B34227DC47F64A
:109790000046C4F20006B3424DD041F20006C4F2C6
:1097A0000106B34231D041F20046C4F20106B34291
:1097B0002BD04DE044F6FF36C4F20006B3422EDD56
:1097C00044F60046C4F20006B34234D045F2000627
:1097D000C4F20006B3422ED047F6000627E041F659
:1097E0000006C4F20106B3420FD041F60046C4F2AF
:1097F0000106B34209D083422AD14A6802F0070227
:10980000062A24D20FF2D0331EE00A68C2F3C20245
:10981000062A1CD24DF25E13C0F6000314E044F297
:109820000046C4F20006B34205D044F60006C4F276
:109830000006B3420CD10A6802F00702062A06D2DB
:109840004DF25813C0F600031A44127800E080224B
:109850002368834240F60010C0F23D0000F05380C0
:10986000E369B3F5004F40F06C80402A00F20A81B2
:109870000027DFE812F04100100107010701150180
:109880000701070107011901070107010701070186
:10989000070107010701210107010701070107016E
:1098A0000701070107010701070107010701070178
:1098B0000701070107012F01070107010701070140
:1098C0000701070107010701070107010701070158
:1098D0000701070107010701070107010701070148
:1098E0000701070107010701070107010701070138
:1098F0000701070107012C010027FCF7BDFD002827
:1099000040F0EA80D6E0931E1E2B00F2688000270C
:10991000DFE803F0106C706C6C6C746C6C6C6C6CCD
:109920006C6C7C6C6C6C6C6C6C6C6C6C6C6C6C6C67
:109930006C6C86000027FBF723FE002840F0728045
:1099400062E0402A00F2A2800027DFE812F0410026
:10995000E3009F009F00E8009F009F009F00EC0035
:109960009F009F009F009F009F009F009F00F400AA
:109970009F009F009F009F009F009F009F009F00EF
:109980009F009F009F009F009F009F009F0002017B
:109990009F009F009F009F009F009F009F009F00CF
:1099A0009F009F009F009F009F009F009F009F00BF
:1099B0009F009F009F009F009F009F009F009F00AF
:1099C0009F009F009F009F009F009F009F00FF003F
:1099D0000027FCF751FD002840F0BD80A9E0402A97
:1099E00004D14FF400400027E0B90DE0002001272A
:1099F000C0B909E06846FBF7D7FD02E06846FBF70F
:109A000067FE0027019868B93946BEE051F8540C4A
:109A1000800649F20000C0F2D03000F1BF8000277C
:109A20000028F1D0616A4DF27412C0F60002656838
:109A300032F8112005EB4501B0FBF2F38B424FF0F9
:109A40000101C0F0A2802E03B34200F29E800021EB
:109A50000023F6F757FC0902002341EA10612A4669
:109A6000000210EB550041F10001F6F74BFC4FF6F8
:109A70000052A0F54071C0F20F029142C0F0808008
:109A8000012182E00020012730BB13E000200127E4
:109A9000002860D14DE00027FCF71EFDE0B909E089
:109AA0006846FBF781FD02E06846FBF711FE0027E0
:109AB000019888B9394668E051F8540C800649F29B
:109AC0000000C0F2D03073D4002728B9F2E74FF479
:109AD000004000270028EDD0616A4DF27412C0F6F4
:109AE000000232F811106268B0FBF1F0510801EB8E
:109AF0004000B0FBF2F0A0F110014FF6EF7291427E
:109B000006D84FF6F0710140C0F34200084437E038
:109B100001213AE00027FCF7DFFCE0B909E06846E4
:109B2000FBF742FD02E06846FBF7D2FD00270198F3
:109B300088B9394629E051F8540C800649F20000F2
:109B4000C0F2D0303ED4002728B9F2E74FF40040ED
:109B500000270028EDD0616A4DF27412C0F60002B1
:109B600032F811106268B0FBF1F000EB5200B0FB6C
:109B7000F2F0A0F110014FF6EF72914204D880B2DA
:109B80002168C860394600E001214FF00110A0664D
:109B90000020C4E91D00084603B0F0BD51F8541C74
:109BA0000027C1F3C101C84000287FF43BAF2BE779
:109BB00051F8541C0027C1F3C101C84000287FF4AC
:109BC0008BAF77E751F8541C0027C1F3C101C8409F
:109BD0000028C0D1ADE700BF0204081020400000FB
:109BE0002DE9F04381B004460068C0690840401A7E
:109BF000B0FA80F04009904253D1DDF820800D4644
:109C00001646994608F1010709E000BF2068C069BF
:109C10002840401BB0FA80F04009B04245D1002FE7
:109C2000F4D0FAF781FCB8F1000F01464FF00300C1
:109C30003CD0A1EB0901414538D8206801684907AB
:109C4000E4D5C169090734D4C1690905DED54FF4EB
:109C500000610162206850E8000F216820F49070D4
:109C600041E80002002AF5D14FF6FE70CEF6FF70F3
:109C7000216851E8021F2268014042E80213002BCC
:109C8000F6D1E06E012809D1206850E8000F216864
:109C900020F0100041E80002002AF5D10320202125
:109CA00030E0002001B0BDE8F083002001B0BDE845
:109CB000F0830821016200BF206850E8000F21688E
:109CC00020F4907041E80002002AF5D14FF6FE70B2
:109CD000CEF6FF70216851E8021F2268014042E879
:109CE0000213002BF6D1E06E012809D1206850E85C
:109CF000000F216820F0100041E80002002AF5D191
:109D0000012008212022C4F88C200022E26662672C
:109D1000C4F8901084F8842001B0BDE8F0830000FE
:109D200080B543F20840C2F20040FEF725F880BD3E
:109D300070B5D0F8D42200EB8203D3F8C0222AB346
:109D400001F00F0E8C460EEB8E0100EB810151F8F5
:109D5000184F5CB1D0F8C8620EEBCE0506EB850655
:109D6000766CB4FBF6F505FB16468EB10024C2F8FE
:109D70001442D3F8C402036933B1D2F8080202F5E1
:109D80000471624698470024204670BD032070BDD0
:109D900000240C6000220023614600F0F9FD2046FB
:109DA00070BD000000000000B0B50446D0F8D40239
:109DB00004EB8000D0F8C05295B1204600F078FC4A
:109DC000D4F8D412C5F80C02D5F8040204EB8101D2
:109DD000D1F8C42205F50371D26890470020B0BDC8
:109DE0000320B0BD0000000070B58121044600F0E2
:109DF000A3FB012120460025258700F09DFB822141
:109E00002046A4F8785100F097FBD4F8D402E5641A
:109E100004EB8000D0F8C01289B1D0F8C4024068C9
:109E20008047D4F8D40204F5307656F8200001F0CB
:109E300033F9D4F8D40246F82050C4F8BC520020BC
:109E400070BD00000000000010B5D0F8D41200EB87
:109E50008100D0F8C04284B1D0F8C41279B194F82E
:109E60000002FF280BD094F801228B682146984706
:109E7000FF2084F80002002010BD032010BD002048
:109E800010BD00000000000040F618210A22C2F2B6
:109E90000041028008467047F0B581B040F6D41703
:109EA0000446C2F200478221384600F021FA0646F5
:109EB0000121384600F01CFA05468121384600F0A1
:109EC00017FA002E1CBF1021B171002D1CBF4021BC
:109ED000A98000281CBF4021818040F6D410432176
:109EE000C2F20040218001B0F0BD0000000000007F
:109EF000F0B581B040F6D4170446C2F20047822183
:109F0000384600F0F5F906460121384600F0F0F930
:109F100005468121384600F0EBF9002E1CBF1021C8
:109F2000B171002D1CBF4FF40071A98000281CBF27
:109F30004FF40071818040F6D4104321C2F20040FA
:109F4000218001B0F0BD0000F0B581B040F6D4171B
:109F50000446C2F200478221384600F0C9F906469D
:109F60000121384600F0C4F905468121384600F049
:109F7000BFF9002E1CBF1021B171002D1CBF402164
:109F8000A98000281CBF4021818040F6D4104321C5
:109F9000C2F20040218001B0F0BD000000000000CE
:109FA0002DE9F04104464FF4077001F079F80028DC
:109FB0004FD04FF407710546F6F7DCF9D4F8D40218
:109FC000217C4027022204EB800000294FF0810110
:109FD0004FF00206C0F8C0522046C4F8BC5208BF79
:109FE0004FF400773B4600F0DFFB012102222046C0
:109FF0003B464FF00108A4F8388000F0D5FB102054
:10A00000A4F84E008221032208232046A4F8788178
:10A0100000F0CAFBD4F8D4020027C5F8047204EBA0
:10A020008000A4F84C80D0F8C40200688047C5F8CE
:10A030001472C5F81872D5F804223AB1207C0121B7
:10A0400088B14023204600F0C3FB00263046BDE81F
:10A05000F081D4F8D402002104EB8000C0F8C012D3
:10A060000220BDE8F0814FF40073204600F0B0FB01
:10A070000020BDE8F081000080B5D0F8D41200EBDC
:10A080008101D1F8C01269B1027C4023002AD1F8C5
:10A0900004224FF0010108BF4FF4007300F098FB59
:10A0A000002080BD032080BD39B1D0F8D42200EB60
:10A0B0008200C0F8C41200207047032070470000DF
:10A0C000D0F8D42200EB8200D0F8C00218B1C0F85A
:10A0D00004120020704703207047000000000000B9
:10A0E000D0F8D43200EB8300D0F8C00228B1C0F819
:10A0F0000812C0F8102200207047032070470000AB
:10A1000070B582B00446D0F8D40200228DF8072042
:10A1100004EB8000ADF80420D0F8C062CEB10D464B
:10A12000097811F0600216D0202A2BD1EA88002A83
:10A130002ED0090635D46878402A86F800022046D9
:10A1400028BF4022314686F8012200F099F8002607
:10A1500060E003265EE068780B2844D80026DFE83C
:10A1600000F006594242424242424242303C94F898
:10A170009C0203283DD101A90222204600F09CF850
:10A18000002647E02046294600F06EF8032641E00D
:10A19000D0F8C4126878002200268B6829469847B8
:10A1A00038E0D0F8C41268788B6831469847EA885E
:10A1B00020463146072A28BF072200F07DF80026F6
:10A1C00028E094F89C02032819D10DF1070101221F
:10A1D000204600F071F800261CE094F89C02032849
:10A1E00013D1002616E02046294600F03DF803264C
:10A1F00010E02046294600F037F803260AE0204602
:10A20000294600F031F8032604E02046294600F0F4
:10A210002BF80326304602B070BD0000000000009D
:10A2200080B5D0F8B82252689047002818BF0320A4
:10A2300080BD00000000000000207047000000000A
:10A24000002070470000000080B513460A46002138
:10A2500000F0BEFA002080BD80B513460A460021FA
:10A2600000F096FB002080BD10B58021044600F070
:10A2700057FB0021204600F053FB10BD00000000FA
:10A2800080B50323C0F894321346C0F858210A461B
:10A290000021C0F85C3100F09BFA002080BD000076
:10A2A00080B50521C0F8941200210022002300F09F
:10A2B0008FFA002080BD000080B50223C0F89432E0
:10A2C000134682610A460021C36100F061FB002051
:10A2D00080BD00000000000080B50421C0F8941289
:10A2E00000210022002300F053FB002080BD00006D
:10A2F00080B5B0F802C003789C4505D8002080BD29
:10A3000073449AB26245F9D290F800E07044427802
:10A31000052AF5D182788A42F2D180BD0000000082
:10A3200010B588B3037863B1A0F1010E4FF0000CB3
:10A330009EF802300CF1010C0EF1010E002BF7D14A
:10A3400001E04FF0000C5FFA8CFC022303EB4C039E
:10A3500013800B7003224A7090F800E0BEF1000FEA
:10A3600008BF10BD013802234FF0000CDAB20233EF
:10A3700042F0010401F802E001F804C090F802E0A4
:10A380000130BEF1000FF1D110BD0000000000004F
:10A3900010B541F29C140A46C2F2004402A02146C4
:10A3A000FFF7BEFF204610BD43444320436F6E6657
:10A3B000696700000000000040F624201222C2F26B
:10A3C00000400A807047000010B541F29C140A4614
:10A3D000C2F2004402A02146FFF7A2FF204610BDB2
:10A3E00043444320496E74657266616365000000F2
:10A3F00040F64C200422C2F200400A807047000060
:10A4000010B541F29C140A46C2F2004402A0214653
:10A41000FFF786FF204610BD53544D6963726F6588
:10A420006C656374726F6E696373000000000000F6
:10A4300010B541F29C140A46C2F2004402A0214623
:10A44000FFF76EFF204610BD53544D33322056693E
:10A45000727475616C20436F6D506F7274000000F0
:10A4600070B54EF60000C1F6F17002688368D2182C
:10A470004FF01A030B802ED040F6502E40686FF03C
:10A4800001014FF0370CC2F2004E0023140FB2F15D
:10A49000204F0CEB12750EEB010638BF04F13005AE
:10A4A000023112010E2935717371EFD10EF11001D5
:10A4B00004224FF0370C0023060FB0F1204F0CEBB5
:10A4C000107538BF06F13005013A4FEA001001F867
:10A4D000025F4B70F0D140F65020C2F2004070BDD8
:10A4E00090B180B50023C0F8B832C0F8C43200295A
:10A4F000C0F8D03218BFC0F8B412012180F89C1205
:10A50000027000F0DDF880BD0320704700000000FD
:10A5100080B5D0F8C802FAF79FF940F20032C100C6
:10A52000C0F20132032822FA01F188BF0321C8B228
:10A5300080BD00000000000080B5D0F8C802FAF726
:10A5400063F940F20032C100C0F20132032822FA5E
:10A5500001F188BF0321C8B280BD000000000000E7
:10A56000B0B5044689B194F89C0203284ED1D4F8C2
:10A57000B8024269002A49D00020C4F8D40220461B
:10A580009047002808BF0020B0BDD4F894020228EC
:10A5900036D1D4E9071081420DD90B1A2046114655
:10A5A0001A46E361FFF758FE0021002200232046EF
:10A5B00000F00EF924E00FD1A16981420CD3D4F848
:10A5C0009802814208D20021002220460025FFF790
:10A5D00043FEC4F89852E7E794F89C02032808D198
:10A5E000D4F8B802C16821B10020C4F8D4022046D2
:10A5F00088478021204600F093F92046FFF750FE5F
:10A6000094F8A00210B1002084F8A0020020B0BD90
:10A6100010B5044669B194F89C0203281DD1D4F802
:10A62000B80282690020CAB1C4F8D402204690471B
:10A6300014E0D4F89402032824D1D4E957039842B3
:10A6400010D9C01AC4F85C019842114638BF0346BD
:10A6500020461A46FFF7F8FD14E00020002808BF46
:10A66000002010BD94F89C02032808D1D4F8B80249
:10A67000016921B10020C4F8D40220468847204651
:10A68000FFF72AFE002010BD0020704700000000E8
:10A6900080B5012180F89C12D0F8B82232B101793E
:10A6A00052689047002818BF032080BD002080BD5D
:10A6B00080B5D0F8C802FAF703F980BD00000000A9
:10A6C00010B50178012932D142F6DC510222C2F2E2
:10A6D0000041C0F8C812C1F808050020C4F2040007
:10A6E0000860092048600020C860C1E90620C1E96F
:10A6F0000800C1E90B00486308460A61FAF7B0FD9B
:10A7000008B1F6F721FF42F6DC544FF40071C2F2B3
:10A7100000442046FAF724F8002180222046FAF768
:10A7200023F801214FF4BA722046FAF71DF80020F1
:10A7300010BD00000000000001F07F02D0F8C80248
:10A74000090602EBC20200EB820000F13E0258BF94
:10A7500000F27E221078704780B5D0F8D42200EB4A
:10A760008202D2F8B82242B190F89C32032B02D177
:10A77000126A02B19047002080BD032080BD000016
:10A7800080B5D0F8D42200EB8202D2F8B82242B1D0
:10A7900090F89C32032B02D1526A02B190470020FC
:10A7A00080BD032080BD000080B59446D0F8C8026B
:10A7B0001A466346FAF790F840F20032C100C0F240
:10A7C0000132032822FA01F188BF0321C8B280BDFB
:10A7D00080B5D0F8C802FAF7AFF840F20032C100F5
:10A7E000C0F20132032822FA01F188BF0321C8B266
:10A7F00080BD000000000000F0B581B0012680F8A7
:10A800009C620025C0F8945204464560D0F8B80216
:10A81000C4F8A45284F8A05250B142683AB1002161
:10A82000204690470546002818BF032500E0002574
:10A8300000210022402320464027FFF7B5FF80215A
:10A84000002240232046A4F86461C4F86071FFF739
:10A85000ABFFA6842846276201B0F0BD00000000CF
:10A8600090F89C12042903D190F89D1280F89C1254
:10A87000002070470000000080B590F89C1203296A
:10A8800005D1D0F8B81211B1C96901B188470020CB
:10A8900080BD0000000000000246002011747047D7
:10A8A00080B5D0F8C802FAF7DFFD40F20032C100EF
:10A8B000C0F20132032822FA01F188BF0321C8B295
:10A8C00080BD000000000000B0B500F2AA250446DB
:10A8D000284600F071F80120C4F8940294F8AA0206
:10A8E000B4F8B02200F01F01C4F89822022907D062
:10A8F00001290AD071B92046294600F09DF8B0BD63
:10A900002046294600F0B4FAB0BD2046294600F0A2
:10A910007BFBB0BD00F08001204600F001F8B0BD27
:10A9200080B5D0F8C802FAF727F840F20032C1002B
:10A93000C0F20132032822FA01F188BF0321C8B214
:10A9400080BD00000000000080B5D0F8C802FAF712
:10A95000ABFD40F20032C100C0F20132032822FAFE
:10A9600001F188BF0321C8B280BD000000000000D3
:10A97000014690F89C02042803D091F89C0281F8CB
:10A980009D020020042281F89C22704700000000F4
:10A9900080B5D0F8C802FAF727F840F20032C100BB
:10A9A000C0F20132032822FA01F188BF0321C8B2A4
:10A9B00080BD0000000000000A7802704A784270F2
:10A9C0004A8842808A888280C988C1807047000096
:10A9D00010B582B004464FF00000ADF80600B1B1EA
:10A9E000D4F8D40204F52E72C4F8B81252F820003C
:10A9F000C16A21B10DF106008847C4F8D002D4F82D
:10AA0000D8020130C4F8D802002002B010BD0320E3
:10AA100002B010BD0000000080B5D0F8B82212B11D
:10AA20001268904780BD002080BD0000000000003B
:10AA300080B5FFF789FF80BD70B582B00D460978FB
:10AA4000044611F060010FD0402918BF20292ED1F3
:10AA5000D4F8D402294604EB8000D0F8B80282680A
:10AA60002046904705462BE0687809283BD8DFE868
:10AA700000F0052A3A443A536B3A859794F89C02C1
:10AA80000138022800F2A980E888022840F0F58009
:10AA9000D4F8A40203220028214608BF0122204640
:10AAA00041F80C2F0222FFF707FC002508E0802167
:10AAB0002046FFF735FF002120460025FFF730FF35
:10AAC000284602B070BD94F89C020138022800F2BA
:10AAD0008E80688800250128F2D12046C4F8A4524F
:10AAE000FFF7FAFBECE780212046FFF719FF002172
:10AAF00020460025FFF714FFE2E76888022800F0EF
:10AB0000AA80012840F0AF800120C4F8A4022046AA
:10AB1000FFF7E2FB0025D3E7A888002853D1E88897
:10AB2000002850D168887F284DD894F89C120329BA
:10AB300040F0688180212046FFF7F2FE0021204688
:10AB40000025FFF7EDFEBBE768884FF0FF310022DC
:10AB5000ADF8062001EB10210E2900F2DC80DFE8C1
:10AB600001F008A0ADDADAB9C2DADADADADADADA7A
:10AB7000CF00D4F8B412207C0A68C6E0E888012827
:10AB80003FD194F89C02411E022980F0808021462A
:10AB900001222046002541F8085FFFF78DFB8FE773
:10ABA000688841F29815C2F2004510F0FE0F287037
:10ABB00031D080212046FFF7B3FE00212046FFF769
:10ABC000AFFE03257CE780212046FFF7A9FE002188
:10ABD00020460025FFF7A4FE72E780212046FFF7FC
:10ABE0009FFE002120460025FFF79AFE68E780219E
:10ABF0002046FFF795FE002120460025FFF790FE36
:10AC00005EE780212046FFF78BFE002120460025CD
:10AC1000FFF786FE54E7C1B294F89C22032A00F0A5
:10AC20009A80022A40F0A080002900F0BF802046D0
:10AC30006160FFF7F1FE0546002800F0F4808021F6
:10AC40002046FFF76DFE00212046FFF769FE022037
:10AC500084F89C0234E7687984F8A0022046FFF764
:10AC60003BFB00252CE780212046FFF759FE002101
:10AC700020460025FFF754FE22E780212046FFF7FB
:10AC80004FFE002120460025FFF74AFE18E7032863
:10AC900040F07880211D01222046FFF70DFB0025A2
:10ACA0000EE7207C0028D4F8B8020CBF816AC16A84
:10ACB0000DF106008847064602201EE0C0B20528B6
:10ACC00029D8DFE800F003B7BBBFC3C7D4F8B4028C
:10ACD000426818E0207CF0B9D4F8B802416B0DF15D
:10ACE0000600884714E0207CA8B9D4F8B802016BAC
:10ACF0000DF106008847064607207070012014E019
:10AD0000D4F8B402C26932B1207C0DF1060190473B
:10AD10000646012009E080212046FFF701FE0021C0
:10AD200020460026FFF7FCFD002090B1EA886AB1BA
:10AD3000BDF8060080B39042314638BF0246204637
:10AD4000ADF80620FFF7B8FA0025B9E62046FFF770
:10AD5000C3FA0025B4E671B36068884237D1204653
:10AD6000FFF7BAFA0025ABE680212046FFF7D8FDB1
:10AD700000212046FFF7D4FD29782046FFF750FA3E
:10AD800003259DE680212046FFF7CAFD00212046CD
:10AD90000025FFF7C5FD93E680212046FFF7C0FDA3
:10ADA00000212046FFF7BCFD002589E62046FFF77D
:10ADB00093FA002584E6022084F89C022046616014
:10ADC000FFF72EFA2046FFF787FA002578E6C1B292
:10ADD0002046FFF725FA297820466160FFF71CFE20
:10ADE0000546D8B380212046FFF79AFD0021204672
:10ADF000FFF796FD21792046FFF712FA022084F82A
:10AE00009C025DE600F07F052046294684F89E52AC
:10AE1000FFF746FD2046FFF75FFA1DB3022084F8D6
:10AE20009C0200254CE62046FFF756FA032084F8E2
:10AE30009C0245E6D4F8B402826864E7D4F8B40210
:10AE4000C26860E7D4F8B40202695CE7D4F8B402DF
:10AE5000426958E7D4F8B402826954E72046FFF704
:10AE60003BFA2DE6012084F89C02002528E600002C
:10AE700070B50E4609780446357911F060010DD0A1
:10AE8000402918BF202940F0A88020462946FFF716
:10AE9000D3F94FF0000590B1284670BD7078C8B165
:10AEA000012836D0032840F0988094F89C020328AB
:10AEB00041D0022840F09180680632D18DE0D4F86C
:10AEC000B802C4F8D4528268002AE5D02046314640
:10AED000904770BD94F89C0203283CD0022808BF1C
:10AEE0005FEA456079D105F07F002A064FF0020243
:10AEF0004FF0000500EB800004EB800000F114012E
:10AF000058BF00F5AA7120460D60FFF7D5F9284615
:10AF100070BD94F89C02032829D002285DD16806F0
:10AF20005BD020462946FFF7FBFC80212046FFF737
:10AF3000F7FC002070BD708840B915F07F0005D087
:10AF4000F08818B920462946FFF7EAFC2046FFF7AB
:10AF5000C3F9002070BD05F00F0115F0800001EB72
:10AF6000810104EB810121D1B1F864111FE07088E7
:10AF700000281CBF002070BD680603D0204629466B
:10AF8000FFF7C6FA2046FFF7A7F920462946FFF744
:10AF900053F900284FF000057FF47EAFD4F8B802D3
:10AFA000C4F8D4528268002A90D175E7898CA1B187
:10AFB00005F07F01002801EB810104EB810101F123
:10AFC000140608BF01F5AA76680611D02046294666
:10AFD000FFF7B2FB60B101200BE080212046FFF7B4
:10AFE0009FFC002120460025FFF79AFC284670BDF3
:10AFF00000203060022220463146FFF75DF9002034
:10B0000070BD00000000000070B50D4609780446D0
:10B0100011F0600118BF402913D194F89C02013847
:10B02000022803D8A88810F0FE0F16D080212046F1
:10B03000FFF776FC002120460026FFF771FC304622
:10B0400070BD2029E9D080212046FFF769FC00214E
:10B0500020460026FFF764FC17E0C1B22046FFF748
:10B06000EFF808B103260BE0D4F8B8028268002A92
:10B07000F8D00020C4F8D40220462946904706465E
:10B08000E888002808BF002E01D0304670BD204659
:10B09000FFF722F9304670BD704700000000000045
:10B0A00041F29C30C2F200407047000000000000F6
:10B0B00080B54B7891F800C0012B0CF00F031BD129
:10B0C000012202FA03FED0F81C2800EB4C1342EADE
:10B0D0000E02C0F81C28D3F8000900042AD403F596
:10B0E00010600A7989686FF3DF21036841EA8241C1
:10B0F00043EA8C52114318E04FF4803200EB4C1CB1
:10B1000002FA03F3D0F81C281A43C0F81C28DCF814
:10B11000000B00040ED40A790CF5306089686FF3D7
:10B12000DF2141EA82410268114341F0805141F43C
:10B1300000410160002080BD0146D0F8000940F2C6
:10B14000FF729043C1F80009D1F80428002042F4AE
:10B150008072C1F80428704780B582B00699012931
:10B1600040F64051C0F2030139D1826BDDF834C0A2
:10B1700022F4803282634FF6BF72D0F80CE0CFF633
:10B18000BD72BCF1010F02EA0E02C260C26822F475
:10B190004012C26003D1C26842F48012C260002231
:10B1A000009200BF009A01320092009A8A423AD877
:10B1B0000269B2F1FF3FF5DC00220092026942F021
:10B1C00001020261009A01320092009A8A422AD852
:10B1D0000269D207F6D10021012B46D134E0DDF817
:10B1E00028C0C26842F04002C2600022019200BF43
:10B1F000019A01320192019A8A4218D80269B2F189
:10B20000FF3FF5DC00220192026942F00102026177
:10B21000019A01320192019A8A4208D80269D20742
:10B22000F6D1002104E00321012B1ED10CE0032103
:10B23000BCF1000F826B02D022F4803201E042F4B4
:10B2400080328263012B10D1C26D92B2C265C26D91
:10B2500042F0007242F0F772C265826842F0060264
:10B260008260826842F020028260084602B080BD9F
:10B2700080B54A780978012A2AD100EB411247F6B5
:10B28000000CCEF6334C4FF0010ED2F8003902F527
:10B290001062002B07D5136843F000631360136836
:10B2A00043F08043136001F00F01D0F83C380EFAF0
:10B2B00001F18B43C0F83C38D0F81C3823EA010177
:10B2C000C0F81C181168002001EA0C01116080BD53
:10B2D00000EB411347F6000C03F53062CEF6334C19
:10B2E000D3F8003B0CF1707CB3F1FF3F4FF4803E8C
:10B2F000D9DCD0E7000000000146D0F8000E20F0B5
:10B300000300C1F8000E0020D1F8042822F0020248
:10B31000C1F80428704700000146D0F8000E20F064
:10B320000300C1F8000E0020D1F8042842F0020208
:10B33000C1F80428704700002DE9F04782B0DDF81D
:10B3400044E00A9ADDE90C4C00F580750F260027D1
:10B35000013E45F8047FFBD1BEF1000F04D000F19F
:10B3600038054FF400160FE0D0F80458802645F059
:10B370000205C0F80458856B25F40015856305683F
:10B3800045F04005056005462F68012C46EA070692
:10B390002E604FF00005C0F8005ED0F80048C0F8FD
:10B3A000004806D1D0F80048002A18BF44F0010434
:10B3B00003E0D0F8002842F0030440F64055C0F8FE
:10B3C0000048C0F203050022009200BF009A01323B
:10B3D0000092009AAA4218D80269B2F1FF3FF5DC48
:10B3E000002200924FF48462026100BF009A4FF085
:10B3F000000A01320092009AAA4288BF4FF0010A67
:10B4000005D80469A406F1D401E04FF0010A002434
:10B41000019400BF019C01340194019CAC4215D8F9
:10B420000469B4F1FF3FF5DC0024019410240461A9
:10B43000019C01340194019CAC424FF0000488BF90
:10B44000012404D80669F606F2D400E001244FF086
:10B450000008C0F81088C0F81488C0F81C88C1B172
:10B4600000F510664FF67F39002500BF4FF090477A
:10B47000002D08BF4FF000673268013507EAE2721D
:10B480003260C6F81080A942C6F8089006F120067E
:10B49000ECD1D1B100F530654FF000084FF67F399F
:10B4A000002600BF4FF09042002E08BF4FF0006210
:10B4B0002F68013602EAE7722A60C5F81080B142AF
:10B4C000C5F8089005F12005ECD1D0F8101821F44A
:10B4D0008071C0F810184FF0000181616FF0804159
:10B4E00041611BB9816941F01001816143F600029D
:10B4F0008169C8F23C02BCF1000F41EA020181619E
:10B5000003D0816941F008018161BEF1010F05D1CD
:10B51000816941F0804141F0040181614AEA0400FF
:10B5200002B0BDE8F087000001468268002022F0EA
:10B5300001028A607047000043F20B03D0F840C05C
:10B54000C4F654739C4503D3D0F8003B002B1ED4A3
:10B550000023C0F8103BD0F8103B012943F400232E
:10B56000C0F8103BD0F8103B43F01803C0F8103B74
:10B57000D0F8103B43F0C041C0F8101B07D1C0F811
:10B58000142BD0F8001B41F08021C0F8001B0020D4
:10B5900070470000000000000A784B7800EB421072
:10B5A000012B0DD1D0F8002922F40012C0F8002997
:10B5B000097901F0FE01022913D100F510600CE0B9
:10B5C000D0F8002B22F40012C0F8002B097901F00A
:10B5D000FE01022905D100F53060016841F080517B
:10B5E00001600020704700000A784B7800EB4210A1
:10B5F000012B06D1D0F80019002900F5106106D5FD
:10B600000BE0D0F8001B002900F5306105D4002ABA
:10B610001EBF086820F0804008600A68002042F4DD
:10B6200000120A6070470000F0B54B7891F800C036
:10B63000012B24D100EB4C1E00250C694FF6FF7640
:10B64000CFF6F875CEF20706002C0EF51063DEF883
:10B65000107940D03D401D611D69BCF1000F05EA25
:10B6600006051D618D684BD02C44013CB4FBF5F4FC
:10B670000025C1F6F87505EAC4441D6946E000EBF3
:10B680004C13BCF1000FD3F8107B6FF31207C3F813
:10B69000107BD3F8107B6FF3DC47C3F8107B03F506
:10B6A00030630E6921D0002E8D6800F080807719FC
:10B6B000013FB7FBF5F7BEB206FB05FC0026C1F85B
:10B6C00020C0C1F6F87606EAC7471E696FF3DF4C63
:10B6D00037431F6172E007EA06041C611C6944F4E9
:10B6E00000241C611C692C4022E0002E1CBF8F68C6
:10B6F0000F618F680F626FF3DF471E6937435AE0AF
:10B70000AC4288BF0D611C694FF400252C431C61BD
:10B710000C691D696FF3DF442C431C610C79012C0B
:10B7200007D11C6924F0C0441C611C6944F000541A
:10B730001C61012A15D1CA69002A18BFCEF8142944
:10B740000979012952D1D0F80808C0054FF080507E
:10B7500058BF4FF00050DEF800190843CEF800093A
:10B7600044E000F510634FEA4C141F5947F00447BA
:10B770001F510F79012F0FD1D0F80878FF054FF036
:10B78000805758BF4FF00057E658002A46EA070294
:10B79000E25032D00020F0BD09690029FAD00CF047
:10B7A0000F01012202FA01F100F6340320E06FF3E9
:10B7B000DF451F692F431F614FF4002C1F69012AC9
:10B7C00047EA0C021A6103D1CA68002A18BF5A61FD
:10B7D000097901290AD1D0F80808C0054FF0805036
:10B7E00058BF4FF000501968084318604FF00441EB
:10B7F0001868084318600020F0BD0A8A002AC9D0E2
:10B80000CB68D71C4FEA0C3100F58050BE080122EE
:10B81000043B012E88BFBA08013A53F8047F0F5049
:10B82000FAD1B7E70000000081B0002200924A7808
:10B83000012A1BD1097800F5106049014258B2F184
:10B84000FF3F2EDC0A5842F000620A500A5842F0CC
:10B8500080420A5042F21072009B01330093009B19
:10B86000934221D80B58002BF6D41AE0097800F542
:10B87000306049014258B2F1FF3F12DC0A5842F0F1
:10B8800000620A500A5842F080420A5042F2107296
:10B89000009B01330093009B934205D80B58002B6B
:10B8A000F6D4002001B07047012001B070470000BD
:10B8B00001468268002042F001028A607047000061
:10B8C00081B040F640520023C0F20302009300BF53
:10B8D000009B01330093009B934215D80369B3F199
:10B8E000FF3FF5DC8901002300932031016100BF97
:10B8F0000099013100910099914205D801698906AA
:10B90000F6D4002001B07047032001B0704700005A
:10B91000D0F8081888074FF0020001F0060158BF60
:10B920000F20002908BF08467047000000000000F3
:10B93000406900F001007047D0F81818D0F81C08D2
:10B94000084080B270470000D0F81818D0F81C08E2
:10B950000840000C70470000D0F810C8D0F8343808
:10B9600001F00F0200EB411023FA02F2D201D0F8ED
:10B970000809D1B241EA0C010840704700000000FC
:10B9800000EB4111D1F8081BD0F8140808407047AB
:10B99000416980690840704780B5930802F0030E42
:10B9A0000DD004394FF4805C012B98BF012300BFF8
:10B9B000013B50F80C2041F8042FF9D10431BEF1BD
:10B9C000000F0ED04FF4805200238058AEF1010ECC
:10B9D00020FA03F201F8012B5FEA0E4203F108039B
:10B9E000F4D1084680BD000010B541F2BC5040F2D1
:10B9F0003202C2F20040C2F2004202F5806142F21D
:10BA0000C8640368C2F200448B4208BF114601605B
:10BA10002046FEF755FB2046FEF72EFB10BD00002A
:10BA2000B0B50446C06820F0C040E06091B1012983
:10BA300026D1E068002540F00050E0600120F7F7D3
:10BA40006BFD6069C00705F1010014D1312D054679
:10BA5000F4D310E0E068002540F08040E06000BFD3
:10BA60000120F7F759FD6069C00705F1010002D018
:10BA7000312D0546F4D33238B0FA80F04009B0BD1C
:10BA80000120B0BD000000000246D0F8000820F4FC
:10BA9000FE6001F07F01C2F800080020D2F80038F3
:10BAA00043EA0111C2F800187047000000000000CE
:10BAB000022A02460DD145F2403043F20053CFF640
:10BAC0002770C0F20C03084498420DD24FF4705115
:10BAD00001E04FF41051D06820F47050D060D3686A
:10BAE00000201943D160704741F6406044F2402382
:10BAF000CFF61B70C0F20F030844984202D24FF4F5
:10BB00006051E8E7A1F5740044F68073A0F5105089
:10BB1000C0F21203984202D24FF45051DBE7A1F178
:10BB200083704DF22063A0F5E740C0F21303984202
:10BB300002D24FF44051CEE74BF260604EF26033D8
:10BB4000CFF6E560C0F216030844984202D24FF4E3
:10BB50003051C0E74DF2003047F24073CFF6CE606F
:10BB6000C0F21B030844984202D24FF42051B2E7BE
:10BB700045F6C03049F2C013CFF6B360C0F22103DE
:10BB80000844984202D24FF41051A4E7A1F1B770D3
:10BB900047F22053A0F55850C0F23803984202D221
:10BBA0004FF4005197E745F2E04049F6E043CFF605
:10BBB0005960C0F2410308444FF4C051984238BF65
:10BBC0004FF4E05187E7000010B5DDF808C0BCF184
:10BBD000000F14D19BB103F1030C140300F5805046
:10BBE0004FEA9C0E01230439BEF1010F88BF4FEAD2
:10BBF0009C0300BF013B51F8042F2250FAD10020D2
:10BC000010BD000000000000FEE700000000000082
:10BC100080B58AB0082B01914FF000010291039189
:10BC200001D8190410E0A3F10C014FEAB1010D296C
:10BC30000BD81FFA81FC42F20F2323FA0CF3DB0727
:10BC400003D008A353F82110049100210991CDE9F4
:10BC50000711CDE9051101A9F7F7AEFC00200AB0E4
:10BC600080BD00BF0000090000000A0000000B00BA
:10BC700000000C000000090000000900000009009D
:10BC8000000009000000090000000E00000009008B
:10BC9000000009000000090000000F000000000083
:10BCA000F8F75AFCFDF7E8FAFCF7FEFCFCF7DCFBC2
:10BCB000FCF7A2FDFCF714FCFCF74AFCFCF7CCFDFA
:10BCC000FCF77EFCFCF734FEFCF77AFEFCF7BCFECA
:10BCD0004FF4F070F5F7E0FBF4F75AFF41F28830CB
:10BCE000F7F71AFCF5F738FCF5F776FCF5F7B4FC36
:10BCF000FCF79EFC00F084F8FEE700000000000066
:10BD000010B582B09FED333AB2EE046A30EE030A0A
:10BD10009FED333A30EE833A9FED2F4A9FED2F5A35
:10BD200032EE062A20EE040A9FED2E4A23EE043A54
:10BD3000F1EE040A21EE041A80EE050A9FED2A5A5C
:10BD400083EE053A9FED295A81EE051ABDEEC00A31
:10BD500021EE847A22EE042AB3EE044ABDEEC33A01
:10BD600010EE103ABDEEC11A87EE205A8DF8013060
:10BD700082EE042A13EE10CA1C0A8DF8004011EE60
:10BD8000104ABDEEC50ABDEEC21A4FEA1C138DF86B
:10BD900002304FEA0C1310EE10EA8DF8044043EA2B
:10BDA00014238DF8033011EE103A4FEA1E148DF86B
:10BDB00005408DF807301C0A082344EA0E148DF85C
:10BDC000064014466A46FFF723FF204600F010F8AD
:10BDD00002B010BDC3F5C84000FF7F47C3F548411E
:10BDE0000000344200F07F450000B4420000FA43F6
:10BDF00080B5002808BF012000F0B6FA002080BD01
:10BE000080B500F015FB002080BD000000000000A0
:10BE100080B584B003898C4601680FFA83FE843BA9
:10BE2000028A406818BF0EF10303009303AB01932D
:10BE3000634600F025FC0399012818BF002108463D
:10BE400004B080BD000000004AF6F05543F2405AAD
:10BE50004EF604584AF6AC674AF6EC56C2F2004574
:10BE6000C2F2004ACEF200084FF08059C2F20047F9
:10BE7000C2F2004615E000BF00F0B2F9F868C468ED
:10BE8000201D00F049F93068013830602868013819
:10BE9000286000F0CDF9206B00F0E2F9204600F0B8
:10BEA000DFF928680028E7D1DAF800000228F8D383
:10BEB000C8F80090BFF34F8FBFF36F8FF1E700001A
:10BEC00008480068006880F308884FF0000080F39D
:10BED000148862B661B6BFF34F8FBFF36F8F00DF78
:10BEE00000BF000008ED00E081B00020009040F6A7
:10BEF0002C30C2F2004000684FF0500181F31188ED
:10BF0000BFF36F8FBFF34F8F013001D0FEE700BF4B
:10BF100000980028FCD001B070470000000000002D
:10BF2000F0B581B0044600F0C7FA43F238514AF642
:10BF30002C65C2F20041C2F20045086880BB43F2A2
:10BF4000E050C2F20040C21D10F0070322F00702C9
:10BF5000A0EB020618BF10464FF4F042002B18BFAA
:10BF600006F5F0424AF6906300260244C2F200430E
:10BF7000083A22F007020A6018605E60C2E90066B3
:10BF8000121A42600B6803604AF66060C2F2004019
:10BF900002604AF65860C2F2004002600120287038
:10BFA0002878002818BF4FF0004020420DD0002410
:10BFB00000F01EFD600710D04FF0500080F3118894
:10BFC000BFF36F8FBFF34F8FFEE74CB1600709D00F
:10BFD00004F1100020F0070306E0204601B0F0BD98
:10BFE000002301E004F10803002B4FF00004DFD030
:10BFF0004AF6586CC2F2004CDCF800008342D7D8F5
:10C000004AF69064C2F200442668706898420ED2E4
:10C01000326842B1506834461646984207D23268B8
:10C02000002AF7D103E04AF69064C2F200440A689D
:10C030009642BCD0C01AD4F800E0112832682260C1
:10C040002FD3F418620708D04FF0500080F3118806
:10C05000BFF36F8FBFF34F8FFEE7606073604AF6E8
:10C060009063C2F2004300BF18461B68A342FBD393
:10C0700042688718A74203D164682244044642609C
:10C080006268A7189F4201D0194606E009688B42F2
:10C0900003D0D3E900131A446260A042216018BFA4
:10C0A00004604AF660607168C2F20040DCF800206B
:10C0B000511ACCF8001002680EF10804914238BF02
:10C0C00001602878716800284FF0000018BF41F027
:10C0D000004130604AF66C60C2F200407160016855
:10C0E0000131016064E700004BF6E96321F00101D2
:10C0F000C0F6000340F80C3C4FF0807340F8202C51
:10C1000040E902136FF0020140F8241CA0F1440141
:10C110000846704700000000D0E9013201699A60CA
:10C12000D0F808C04A6882424FF00002CCF80430D0
:10C1300008BFC1F804C002610868013808600868D7
:10C14000704700000000000002464FF0FF3142F847
:10C15000081F00214260C0E903220160704700000F
:10C16000002101617047000080B5D1F800C01CF1CA
:10C17000010207D000F108039E465B681A68624519
:10C18000FAD901E0D0F810E0DEF804204A60CEF8D9
:10C1900004109160C1F808E0086101680131016094
:10C1A00080BD000000000000D0F800C043684B6074
:10C1B0009A688A609A689960086151600CF101017F
:10C1C0000160704700000000DFF80C00016841F4D6
:10C1D000700101607047000088ED00E00000000081
:10C1E0004FF0500080F31188BFF36F8FBFF34F8F74
:10C1F00040F62C30C2F200400168002901F1010133
:10C20000016000D070474EF60450CEF20000006886
:10C21000000608BF70474FF0500080F31188BFF34D
:10C220006F8FBFF34F8F00BFFEE7000000000000DC
:10C2300040F62C30C2F20040016839B1013901608A
:10C2400018BF7047002080F3118870474FF05000EE
:10C2500080F31188BFF36F8FBFF34F8FFEE70000AD
:10C26000B0B5002808BFB0BD04464AF62C60C2F243
:10C2700000400078002818BF4FF0004054F8041C1C
:10C2800008420CD0A4F108052A6892B14FF0500082
:10C2900080F31188BFF36F8FBFF34F8FFEE74FF02E
:10C2A000500080F31188BFF36F8FBFF34F8F00BF33
:10C2B000FEE721EA000044F8040C00F0FDF84AF61D
:10C2C000586054F8041CC2F2004002681144016036
:10C2D0004AF69061C2F2004108460968A942FBD3C0
:10C2E00042688318AB4204D154F8043C05461A4412
:10C2F00042606B68EA188A4201D00A460AE043F2BB
:10C300003852C2F200421268914203D0D1E90021B2
:10C3100019446960A8422A6018BF05604AF6706037
:10C32000C2F2004001680131016000F061FBB0BD64
:10C330004EF210000021CEF2000044F6D352C1F2BA
:10C3400062020160816040F69411C2F20041096806
:10C35000A1FB02124FF0FF3101EB92114160072166
:10C36000016070470000000070B5002851D00446FD
:10C370004AF6F450C2F20040016841B14FF050005B
:10C3800080F31188BFF36F8FBFF34F8FFEE7016813
:10C3900043F23055013101604AF6C060C2F20045F7
:10C3A000C2F20040066828680430FFF7B5FE60B9A5
:10C3B00028684AF6FC52C2F200420121C06A01FA22
:10C3C00000F0116821EA000010602868A419446098
:10C3D00009D343F23C50C2F200400068296804319E
:10C3E000FFF7C2FE10E043F23450C2F20040006892
:10C3F00029680431FFF7B8FE4AF66460C2F20040D3
:10C4000001688C4238BF046000F0F2FA002818BFBF
:10C4100070BD4EF604504FF08051CEF20000016026
:10C42000BFF34F8FBFF36F8F70BD0000000000009F
:10C4300080B582B0002000904BF649604AF65C6CF3
:10C44000C0F600001AA180220023C2F2004CCDF8F1
:10C4500004C000F015F9411C20D001281CD14FF078
:10C46000500080F31188BFF36F8FBFF34F8F4AF6F0
:10C470006460C2F200404FF0FF3101604AF68C6008
:10C48000C2F20040012101604AF6C060C2F20040E1
:10C490000021016000F05CF802B080BD4FF0500058
:10C4A00080F31188BFF36F8FBFF34F8FFEE700BF9C
:10C4B00049444C45000000004AF6F450C2F20040E6
:10C4C00001680131016070474AF6F450C2F2004041
:10C4D000006830B14AF6C4600121C2F20040016038
:10C4E00070474AF6C4600021C2F2004001604AF67B
:10C4F000FC50C2F2004043F24051C2F200410068D9
:10C50000B0FA80F0C0B2C0F11F0000EB800051F81B
:10C51000202092B101EB800050F8041F021D4968F1
:10C520000160914201D14968016043F230510068D5
:10C53000C2F20041C068086070474FF0500080F3BD
:10C540001188BFF36F8FBFF34F8F00BFFEE700006E
:10C55000B0B584B04EF200404CF27021CEF2000033
:10C56000C4F20F114B1CD0F800299A4209D14FF0A8
:10C57000500080F31188BFF36F8FBFF34F8F00BF60
:10C58000FEE7D0F800298A4209D14FF0500080F32D
:10C590001188BFF36F8FBFF34F8F00BFFEE70178A5
:10C5A0004AF6E0520291FF210170C2F20042017886
:10C5B0008DF807109DF8071001F0500111704AF630
:10C5C000E4510722C2F200410A609DF90720B2F14E
:10C5D000FF3F0BDC0A68013A0A609DF80720520011
:10C5E0008DF807209DF90720002AF3D40A68032A52
:10C5F0003CD14FF4E06303EA02220A600299017021
:10C60000D0F8201941F47001C0F82019D0F8201991
:10C6100041F07041C0F82019FFF78AFE40F62C3433
:10C620000025C2F200442560FFF7CEFD4EF63470BF
:10C63000CEF20000016841F040410160FFF740FC8C
:10C64000FFF742FF039520684FF0500181F31188F6
:10C65000BFF36F8FBFF34F8F013001D0FEE700BFF4
:10C6600003980028FCD0002004B0B0BD4FF050006B
:10C6700080F31188BFF36F8FBFF34F8FFEE7000089
:10C680002DE9F04F81B081469000984616460D4640
:10C69000FFF746FC68B107465420FFF741FC28B17C
:10C6A0000446076344B94FF0FF36D4E03846FFF73D
:10C6B000D7FD0024002CF6D0206BDDF82CA00A9FBB
:10C6C00000EB8600A0F1040020F0070675B104F12C
:10C6D000340000216A5C42546A5C1AB10F2901F1EE
:10C6E0000101F7D3002084F8430002E0002084F821
:10C6F0003400062F04F1040B28BF062758460025F6
:10C70000E762C4E91175FFF72BFD04F11800FFF78C
:10C7100027FD87F00700A061304649464246246164
:10C720006462E56484F85050FFF7DEFCBAF1000F54
:10C73000206018BFCAF80040FFF752FD4AF6EC50DF
:10C7400043F2305AC2F20040C2F2004A4AF68C6903
:10C7500043F240570168C2F2004901310160DAF842
:10C760000010C2F2004761B1D9F80000002840D1A2
:10C77000DAF80000E16AC06A884298BFCAF800404F
:10C7800037E0CAF800400068012832D1002600BF17
:10C79000B819FFF7D9FC14368C2EF9D14AF6306857
:10C7A000C2F200484046FFF7CFFC4AF64466C2F2A8
:10C7B00000463046FFF7C8FC4AF67860C2F20040F7
:10C7C000FFF7C2FC4AF6AC60C2F20040FFF7BCFCC7
:10C7D0004AF69860C2F20040FFF7B6FC43F23450CC
:10C7E000C2F20040C0F8008043F23C50C2F2004068
:10C7F00006604AF6F8504AF6FC52C2F200400126A2
:10C80000C2F20042016801310160E06A136806FA71
:10C8100000F100EB800019431160594607EB8000DE
:10C82000FFF7C2FCFFF704FDD9F8000098B1DAF871
:10C830000000E16AC06A88420CD24EF604504FF004
:10C840008051CEF2000001260160BFF34F8FBFF38D
:10C850006F8F00E00126304601B0BDE8F08F000088
:10C860004AF6C060C2F20040006870470000000055
:10C870002DE9F04F81B04AF6F450C2F20040006852
:10C8800040B14AF674600024C2F2004001680131F0
:10C890000160A9E04AF6C060C2F2004001684E1C87
:10C8A00006602ED343F23450C2F20040016809689A
:10C8B00049B14FF0500080F31188BFF36F8FBFF381
:10C8C0004F8F00BFFEE743F23C520168C2F20042C4
:10C8D0001368036011604AF66861C2F200410A6899
:10C8E00001320A600168096821B10068C068C06847
:10C8F000406801E04FF0FF304AF66461C2F2004147
:10C9000008604AF6646143F2305AC2F20041C2F252
:10C91000004A0868864201D200244FE043F2345BAB
:10C920000024C2F2004BDBF800000068E0B34AF6D6
:10C93000FC590127C2F2004920E000BFD8F82C00C2
:10C94000D9F8002007FA00F100EB80001143C9F884
:10C95000001043F24051C2F2004101EB8000294631
:10C96000FFF722FCD8F82C00DAF80010C96ADBF8CF
:10C9700000208842106828BF3C46C0B1DBF80000A8
:10C98000C068D0F80C80454655F8040F864210D395
:10C990002846FFF7C1FBD8F828000028CED008F1C0
:10C9A0001800FFF7B9FBC9E74FF0FF3005E04FF083
:10C9B000FF304AF66461C2F200410860DAF8000014
:10C9C00043F24051C2F20041C06A00EB800051F8CE
:10C9D000200001284AF6C460C2F2004088BF01244A
:10C9E0000068002818BF0124204601B0BDE8F08F80
:10C9F0002DE9F04F81B04AF6F454C2F200442068A9
:10CA000068B1FFF7EDFB206801382060206880B135
:10CA10000024FFF70DFC204601B0BDE8F08F4FF079
:10CA2000500080F31188BFF36F8FBFF34F8F00BFAB
:10CA3000FEE74AF6EC50C2F200400068002848D0F9
:10CA40004AF678664AF6C468C2F20046C2F2004866
:10CA50003068002846D04AF6FC5543F2405943F26C
:10CA6000305A4FF0010BC2F20045C2F20049C2F247
:10CA7000004A00BFF068C76807F11800FFF74CFBD9
:10CA80003C1D2046FFF748FBF86A2A680BFA00F1C4
:10CA900000EB800011432960214609EB8000FFF77D
:10CAA00083FBF86ADAF80010C96A884228BFC8F820
:10CAB00000B030680028DDD1A7B143F23450C2F293
:10CAC00000400168096831B10068C068C06840680A
:10CAD00003E000249DE74FF0FF304AF66461C2F2A4
:10CAE000004108604AF67464C2F2004425685DB1F2
:10CAF000012600BFFFF7BCFE002818BFC8F8006081
:10CB0000013DF7D100202060D8F8000060B14EF65A
:10CB100004504FF08051CEF2000001240160BFF3B9
:10CB20004F8FBFF36F8F74E7002472E703B401984F
:10CB30004100009850EAC12018BF04204A0D18BFD8
:10CB400040F0010040F2FF72B2EB515F08BF40F0CD
:10CB50000200012808BF052002B070470000000055
:10CB600070B565482DED020B2DED048B059D25F06C
:10CB70000044A04218DC6148844202DC0AD10498D7
:10CB800040B19DED040BBDEC048B02B0BDE87040DC
:10CB900000F021BA002DCCBF9FED590B9FED5A0B31
:10CBA000BDEC048B02B070BD5948A04215DD594858
:10CBB000A042D8BF4FF0FF3455DD9DED040B51EC82
:10CBC000100BFFF7B3FF042808BF00F00DFA9DED2E
:10CBD000040BBDEC048B02B070BD9DED040B51EC59
:10CBE000100B00F02BFACDE904014B48B7EE000B17
:10CBF000A0421CDD4948A0420BDD9DED042B002422
:10CC0000B0EE001B12EE010B32EE011B80EE012B89
:10CC100027E09DED041B012431EE401B9DED042B0C
:10CC200032EE000B81EE002B8DED042B1BE03C4817
:10CC3000A0420FDD9DED042B0224B7EE081B32EE5F
:10CC4000412B9DED043B03EE010B82EE001B8DEDAD
:10CC5000041B08E09DED040B0324BFEE001B81EED6
:10CC6000002B8DED042B9DED040B20EE009B29EE97
:10CC7000098BB0EE480B2B480621784400F073F97D
:10CC800020EE099BB0EE480B27480521784400F0C0
:10CC90006AF920EE080B002C0BDA39EE001B9DED33
:10CCA000040B9DED042B02EE410BBDEC048B02B096
:10CCB00070BD1E48784400EBC40090ED001B39EEB7
:10CCC000000B9DED042B12EE001B9DED040B31EECD
:10CCD000400B1748784400EBC40090ED001B31EE88
:10CCE000400B002DB8BFB1EE400BBDEC048B02B081
:10CCF00070BD000000000000000010440000F07F44
:10CD0000182D4454FB21F93F182D4454FB21F9BF41
:10CD10000000DC3F0000203E0000F33F0000E63F43
:10CD2000008003404204000008040000C00300002B
:10CD3000800300000000000070B5614E2DED040B73
:10CD40002DED028B82B0DDF81CC0DDE905235C42CD
:10CD50002CF000411C4341EAD474049D22F00040B1
:10CD6000B44205D86C422C4340EAD474B4420BD987
:10CD70009DED061B9DED040B02B0BDEC028B04B0D3
:10CD8000BDE8704000F02AB9ACF14054A4F17F64D2
:10CD90001C430BD0022404EAAC7444EAD274054369
:10CDA0009FED498B9FED4A2B0DD016E09DED040BB6
:10CDB00051EC100B00F03AF941EC100B02B0BDEC55
:10CDC000028B04B070BD002C14BF012C9DED040B30
:10CDD000F4D0022C2ED0032C2FD00B439FED3E1B02
:10CDE0009FED3F0B0AD0B1421DD1B04209D121F0D5
:10CDF000804120F080400791059014E0002ADDDAA0
:10CE000015E0394B7B44002C08BF93ED000BD5D0C7
:10CE1000012C04BF93ED000BB1EE400BCED0022CE1
:10CE200008D0032C09D0B0420AD1002AC6DAB0EEED
:10CE3000410BC3E7B0EE480BC0E7B0EE420BBDE7D5
:10CE4000401A00153C28C8BF8DED000B17DCBCF163
:10CE5000000FBEBF10F13C0F9FED250B8DED000BB9
:10CE60000DDB9DED041B9DED062B81EE020B51ECBD
:10CE7000100B00F0E3F800F0D9F8CDE9000194B10F
:10CE8000012C0CD09DED001B9FED1B0B022C31EEF5
:10CE9000400B0CBF38EE400B30EE480B8EE701988C
:10CEA00080F0004001909DED000BB5EEC00BF1EE5F
:10CEB00010FA04BF022000F0B3F89DED000B7DE7EF
:10CEC0000000F07F00000000182D4454FB210940B1
:10CED000182D4454FB2109C0182D4454FB21F9BFDF
:10CEE000182D4454FB21F93FE80200000000000027
:10CEF0000000000000000000075C143326A6A13CDF
:10CF000000B52DED028B83B0B1EEC08B18EE100A88
:10CF100018EE901A8DED008B002818BF01200843F1
:10CF200020F00040C0F17F6000F1E040C00F14D05D
:10CF300010EE101A10EE900A8DED000B002918BFAC
:10CF40000121084320F00040C0F17F6000F1E04083
:10CF5000C00F04BF012000F063F8B0EE480B03B02F
:10CF6000BDEC028B00BDB0EE401B491E00EBC102C0
:10CF700092ED000B31F006020DD0491E00EBC1020C
:10CF800092ED002BB0EE403BB0EE420B03EE010BF6
:10CF900031F00602F1D1022914D004290AD0062961
:10CFA00018BF704790ED0A2B00EE012B90ED080B97
:10CFB00002EE010B90ED062B00EE012B90ED040B21
:10CFC00002EE010B90ED022B00EE012B90ED000B19
:10CFD00002EE010B704730EE000B704730EE010B94
:10CFE00070470000000000009FED030B20EE000BD7
:10CFF000704700000000000000000000000000106A
:10D0000002E008C8121F08C1002AFAD17047704711
:10D01000002001E001C1121F002AFBD1704700006F
:10D0200001490860704700003408002410B541EC45
:10D03000100BFFF795FD51EC100B10BD82B0CDE940
:10D04000000121F0004001909DED000B02B051EC79
:10D05000100B7047000000004FBB610567ACDD3F5F
:10D06000182D4454FB21E93F9BF681D20B73EF3F0F
:10D07000182D4454FB21F93FE2652F227F2B7A3C87
:10D08000075C143326A6813CBDCBF07A8807703C40
:10D09000075C143326A6913CC4EB98999999C9BFB3
:10D0A000711623FEC671BCBF6D9A74AFF2B0B3BFE8
:10D0B0009AFDDE522DDEADBF2F6C6A2C44B4A2BFA8
:10D0C0000D5555555555D53FFF8300922449C23F14
:10D0D0006E204CC5CD45B73F513DD0A0660DB13F48
:10D0E000EB0D76244B7BA93F11DA22E33AAD903F5A
:10D0F0000000000000000000000000000000000030
:10D10000000000000000000000000000010000001E
:10D110000200000003000000040000000000000006
:10D1200005000000000000000000000000000000FA
:10D1300006000000000000000000000000000000E9
:10D1400007000000ACD10008399200080000000080
:10D1500000000000800000000004081020400104CE
:10D160000810204000000000010203040102030433
:10D1700006070809010002000400060008000A0072
:10D180000C0010002000400080000001000102039C
:10D1900004050607080C1014182030400101010393
:10D1A00007010000080402040801010164656661CA
:10D1B000756C745461736B00D8D1000800000024B2
:10D1C000300B0000EC030008E8D20008300B00240C
:10D1D00098AB000010D0000801FF01FF01FF01FF24
:10D1E00001FF01FF01FF01FF01433302010A391171
:10D1F0004032020A39124032030A39134032040223
:10D2000039146750418FC2F53C83A041A587165958
:10D210003D89187C295C8F1813B9A31B08F10413EE
:10D2200001A41B0831041A61041A91101AC904518F
:10D230002C90D0030413A19F1C08E99D284AA11833
:10D240001B499E3019101AA904C11AF1181A990421
:10D250001A49301A8908140902431302011CC0320A
:10D2600009E21B01020B130524161001052401100D
:10D270000901042402020524061701070582030898
:10D28000151009040133020A2E0705010240072A7E
:10D29000810711130A0632023340011A12231302C6
:10D2A000021E4083044057591B02031513A90D1B8E
:10D2B00008A1041A99041AD9041AE904071A0403E4
:10D2C00009041A0313F8251983612A015E011F69F5
:10D2D0002C197C09272C0A29032C0A22042C290149
:08D2E0003132101AAA0100000E
:04000005080002CD20
:00000001FF
